dt,datetime,aqi,co,no,no2,o3,so2,pm2_5,pm10,nh3
1757376000,2025-09-09 00:00:00,1,292.27,0.26,4.14,7.71,1.15,9.71,12.51,2.31
1757379600,2025-09-09 01:00:00,1,313.43,1.02,3.72,12.46,1.5,9.47,12.66,2.75
1757383200,2025-09-09 02:00:00,2,361.39,1.79,4.2,15.14,2.15,11.63,16.02,4.51
1757386800,2025-09-09 03:00:00,2,409.16,1.52,5.32,26.55,2.94,17.4,23,6.89
1757390400,2025-09-09 04:00:00,2,447.79,0.25,7.45,41.52,3.74,22.16,27.58,8.75
1757394000,2025-09-09 05:00:00,2,479.18,0.11,8.84,39.48,4.31,23.16,28.47,10.23
1757397600,2025-09-09 06:00:00,2,513.14,0.11,10.05,37.15,4.8,24.48,29.8,11.36
1757401200,2025-09-09 07:00:00,2,526.93,0.1,10.64,34.49,5.04,24.75,29.9,11.98
1757404800,2025-09-09 08:00:00,2,523.75,0.09,10.68,32.16,5.08,23.92,28.71,12.1
1757408400,2025-09-09 09:00:00,2,513.53,0.19,10.4,30.55,4.96,22.7,27.02,11.64
1757412000,2025-09-09 10:00:00,2,515.41,0.59,9.79,26.25,4.58,23.24,27.76,10.49
1757415600,2025-09-09 11:00:00,3,546.89,0.13,11.33,17.02,4.45,25.29,30.84,10.31
1757419200,2025-09-09 12:00:00,3,581.17,0.03,12.05,10.52,4.37,27.19,33.85,10.32
1757422800,2025-09-09 13:00:00,3,624.59,0.12,12.72,6.98,4.33,29.84,37.66,10.55
1757426400,2025-09-09 14:00:00,3,660.64,0.32,12.68,4.47,4.07,32.46,41.14,10
1757430000,2025-09-09 15:00:00,3,679.54,0.71,11.76,2.8,3.63,34.07,43.32,8.9
1757433600,2025-09-09 16:00:00,3,672.49,1.12,10.29,1.95,2.95,33.86,42.98,7.03
1757437200,2025-09-09 17:00:00,3,650.59,1.29,9.1,1.57,2.15,32.36,40.47,4.81
1757440800,2025-09-09 18:00:00,3,619.16,1.31,8.16,1.39,1.63,30.29,37.18,3.45
1757444400,2025-09-09 19:00:00,2,507.52,0.35,7.16,2.49,1.37,23.16,27.5,2.7
1757448000,2025-09-09 20:00:00,2,426.24,0.16,5.73,3.45,1.16,17.93,21.02,2.5
1757451600,2025-09-09 21:00:00,2,376.14,0.15,4.82,3.86,1.05,14.66,17.09,2.69
1757455200,2025-09-09 22:00:00,2,351.03,0.17,4.4,3.66,1.01,12.9,15.06,2.8
1757458800,2025-09-09 23:00:00,2,346.88,0.25,4.3,2.95,1.02,12.44,14.67,2.7
1757462400,2025-09-10 00:00:00,2,364.45,0.75,4.17,3.22,1.3,12.98,15.91,3.06
1757466000,2025-09-10 01:00:00,2,399.29,1.64,4.02,5.59,1.68,13.5,17.15,3.43
1757469600,2025-09-10 02:00:00,2,405.89,1.61,4.49,7.68,1.85,13.31,17.37,3.35
1757473200,2025-09-10 03:00:00,2,378.14,0.83,4.71,12.95,1.96,12.54,16.42,3.3
1757476800,2025-09-10 04:00:00,1,288.97,0.12,2.16,37.82,1.36,6.77,8.15,1.42
1757480400,2025-09-10 05:00:00,1,262.4,0.06,1.71,37.51,1.07,5.14,6.2,1.23
1757484000,2025-09-10 06:00:00,1,252.46,0.05,1.75,35.52,1.07,4.93,6,1.33
1757487600,2025-09-10 07:00:00,1,265.93,0.07,2.58,32.89,1.33,5.65,7.1,2.15
1757491200,2025-09-10 08:00:00,1,295.87,0.11,3.95,30.84,1.71,7.03,9.09,3.38
1757494800,2025-09-10 09:00:00,1,319.4,0.16,5.03,31.73,2.03,8.1,10.63,4.38
1757498400,2025-09-10 10:00:00,1,341.08,0.11,6.26,29.37,2.34,9.21,12.36,5.33
1757502000,2025-09-10 11:00:00,2,351.02,0.02,6.79,22.94,2.27,10.18,13.85,5.01
1757505600,2025-09-10 12:00:00,2,334.18,0,6.04,19.56,2.09,10.33,14.16,3.64
1757509200,2025-09-10 13:00:00,2,314.88,0.01,5.35,17.46,1.99,10.48,14.48,2.75
1757512800,2025-09-10 14:00:00,2,329.22,0.01,5.58,14.66,1.93,11.76,16.5,2.82
1757516400,2025-09-10 15:00:00,2,342.93,0.02,5.7,12.6,1.86,12.79,18.15,3.08
1757520000,2025-09-10 16:00:00,2,348.8,0.03,5.89,11.23,1.98,13.26,18.72,4.23
1757523600,2025-09-10 17:00:00,2,351.88,0.04,6.37,10.38,2.15,13.51,18.64,6.01
1757527200,2025-09-10 18:00:00,2,357.68,0.05,7.02,9.6,2.25,13.97,18.86,7.6
1757530800,2025-09-10 19:00:00,2,366.87,0.06,7.62,8.55,2.31,14.56,19.28,8.83
1757534400,2025-09-10 20:00:00,2,376.06,0.08,8.03,7.17,2.31,15.29,19.85,9.49
1757538000,2025-09-10 21:00:00,2,387.99,0.12,8.26,5.71,2.18,16.18,20.54,9.24
1757541600,2025-09-10 22:00:00,2,401.1,0.19,7.97,3.96,1.73,17.21,21.44,6.65
1757545200,2025-09-10 23:00:00,2,411.3,0.31,7.4,2.42,1.46,18.08,22.34,4.57
1757548800,2025-09-11 00:00:00,2,423.55,0.86,6.59,1.95,1.5,18.89,23.49,3.36
1757552400,2025-09-11 01:00:00,2,429.27,1.83,5.88,2.95,1.75,19.01,24.06,2.77
1757556000,2025-09-11 02:00:00,2,429.81,2.21,6.07,3.91,2.07,18.59,24.14,2.84
1757559600,2025-09-11 03:00:00,2,422.27,2,6.42,6.38,2.31,18.02,23.72,3.18
1757563200,2025-09-11 04:00:00,1,304.83,0.49,5.37,28.31,2.13,9.58,12.17,2.26
1757566800,2025-09-11 05:00:00,1,272.37,0.2,5.03,31.44,2.08,7.37,9.51,2.14
1757570400,2025-09-11 06:00:00,1,270.69,0.1,5.29,31.72,2.17,7.22,9.29,2.26
1757574000,2025-09-11 07:00:00,1,296.4,0.09,6.29,25.73,2.4,8.37,10.87,3.35
1757577600,2025-09-11 08:00:00,2,343.91,0.16,7.99,18.29,2.93,10.47,13.91,5.42
1757581200,2025-09-11 09:00:00,2,391.88,0.3,9.78,15.41,3.61,12.55,16.84,7.59
1757584800,2025-09-11 10:00:00,2,438.69,0.18,11.98,14.62,4.31,14.64,19.59,9.58
1757588400,2025-09-11 11:00:00,2,449.46,0.09,11.55,12.54,3.95,15.47,20.43,8.06
1757592000,2025-09-11 12:00:00,2,414.39,0.03,9.39,13.76,3.08,14.58,18.79,4.96
1757595600,2025-09-11 13:00:00,2,362.16,0.01,7.09,15.29,2.31,12.85,16.06,2.6
1757599200,2025-09-11 14:00:00,2,370,0.02,6.68,12.35,2.05,13.5,17.01,2.48
1757602800,2025-09-11 15:00:00,2,388.77,0.04,7.03,10.35,2.03,14.52,18.35,2.97
1757606400,2025-09-11 16:00:00,2,404.95,0.08,7.66,9.77,2.02,15.37,19.25,3.84
1757610000,2025-09-11 17:00:00,2,417.09,0.15,7.91,8.34,1.83,16.16,19.69,4.26
1757613600,2025-09-11 18:00:00,2,427.18,0.28,7.82,6.46,1.65,17.04,20.22,4.37
1757617200,2025-09-11 19:00:00,2,433.24,0.46,7.51,4.82,1.52,17.69,20.52,4.3
1757620800,2025-09-11 20:00:00,2,435.61,0.65,7.13,3.79,1.45,18.05,20.56,4.36
1757624400,2025-09-11 21:00:00,2,436.62,0.79,6.81,3.16,1.43,18.32,20.56,4.54
1757628000,2025-09-11 22:00:00,2,435.19,0.75,6.71,2.76,1.43,18.4,20.5,4.45
1757631600,2025-09-11 23:00:00,2,423.17,0.55,6.51,2.7,1.44,17.96,20.19,3.76
1757635200,2025-09-12 00:00:00,2,410.13,0.52,6.29,3.71,1.66,17.34,20.05,3.23
1757638800,2025-09-12 01:00:00,2,405.15,0.97,5.94,6.45,1.99,16.84,20.07,2.86
1757642400,2025-09-12 02:00:00,2,408.21,0.93,6.43,7.36,2.24,16.67,20.33,2.55
1757646000,2025-09-12 03:00:00,2,395.02,0.57,6.73,9.19,2.37,16.06,19.69,2.27
1757649600,2025-09-12 04:00:00,1,261.06,0.14,4.29,26.54,1.69,8.92,10.63,1.32
1757653200,2025-09-12 05:00:00,1,223.29,0.15,3.14,29.65,1.35,6.83,8.06,1.19
1757656800,2025-09-12 06:00:00,1,217.25,0.15,2.82,31.29,1.3,6.67,7.78,1.24
1757660400,2025-09-12 07:00:00,1,219.84,0.13,2.87,32.42,1.38,6.86,7.97,1.4
1757664000,2025-09-12 08:00:00,1,230.04,0.13,3.28,31.23,1.54,7.38,8.64,1.63
1757667600,2025-09-12 09:00:00,1,240.63,0.11,3.71,29.68,1.62,7.8,9.19,1.75
1757671200,2025-09-12 10:00:00,1,255.99,0.07,4.16,21.72,1.55,8.52,10.36,1.89
1757674800,2025-09-12 11:00:00,1,279.21,0.04,4.8,14.38,1.55,9.65,12.2,2.27
1757678400,2025-09-12 12:00:00,2,302.86,0.03,5.51,11.46,1.69,10.83,14.07,3.02
1757682000,2025-09-12 13:00:00,2,326.83,0.04,6.22,10.52,1.86,12.05,15.9,3.94
1757685600,2025-09-12 14:00:00,2,347,0.04,6.63,9.72,1.91,13.29,17.57,4.53
1757689200,2025-09-12 15:00:00,2,363.48,0.07,6.68,8.72,1.83,14.44,18.96,4.53
1757692800,2025-09-12 16:00:00,2,377.76,0.14,6.57,7.81,1.65,14.89,19.43,4.1
1757696400,2025-09-12 17:00:00,2,390.15,0.26,6.62,7.6,1.43,14.81,19.11,4.29
1757700000,2025-09-12 18:00:00,2,400.16,0.38,6.68,7.87,1.26,14.73,18.79,4.93
1757703600,2025-09-12 19:00:00,2,411.25,0.6,6.6,7.69,1.18,14.88,18.79,5.53
1757707200,2025-09-12 20:00:00,2,422.75,1.05,6.02,6.37,1.14,15.21,19.04,5.55
1757710800,2025-09-12 21:00:00,2,434.95,1.62,5.45,5.27,1.17,15.58,19.3,5.79
1757714400,2025-09-12 22:00:00,2,442.87,2.17,4.97,4.44,1.22,15.88,19.52,5.93
1757718000,2025-09-12 23:00:00,2,445.49,2.61,4.47,4.1,1.16,15.95,19.56,4.95
1757721600,2025-09-13 00:00:00,2,447.42,3.08,4.04,4.92,1.25,16.01,19.78,4
1757725200,2025-09-13 01:00:00,2,417.16,2.74,3.99,9.26,1.36,14.69,18.18,2.88
1757728800,2025-09-13 02:00:00,2,423.26,3.09,3.71,13.48,1.52,15.76,19.49,2.78
1757732400,2025-09-13 03:00:00,2,426.92,2.3,4.41,22.33,1.7,18.85,22.76,2.92
1757736000,2025-09-13 04:00:00,2,228.8,0.3,1.53,45.93,1.09,11.2,12.85,1.07
1757739600,2025-09-13 05:00:00,1,183.72,0.15,0.79,47.99,0.78,9.1,10.26,0.91
1757743200,2025-09-13 06:00:00,1,173.03,0.14,0.66,49.96,0.78,9.6,10.71,0.98
1757746800,2025-09-13 07:00:00,2,169.04,0.15,0.72,52.37,0.89,10.53,11.71,1.15
1757750400,2025-09-13 08:00:00,2,169.34,0.16,0.96,53.79,1.1,11.32,12.7,1.46
1757754000,2025-09-13 09:00:00,2,172.48,0.15,1.29,53.99,1.27,11.31,12.89,1.75
1757757600,2025-09-13 10:00:00,2,183.1,0.14,2.03,46.79,1.46,11.48,13.39,2.26
1757761200,2025-09-13 11:00:00,2,202,0.05,3.05,35.55,1.6,12.2,14.58,2.63
1757764800,2025-09-13 12:00:00,2,219.39,0,3.66,27.3,1.65,12.74,15.64,2.56
1757768400,2025-09-13 13:00:00,2,252.11,0.01,4.64,20.6,1.74,13.79,17.58,2.78
1757772000,2025-09-13 14:00:00,2,300.06,0.03,5.67,15.07,1.74,15.68,20.46,2.85
1757775600,2025-09-13 15:00:00,2,340.1,0.13,6.14,10.94,1.67,17.54,22.81,2.86
1757779200,2025-09-13 16:00:00,2,366.19,0.39,5.99,6.88,1.46,19.04,24.27,2.87
1757782800,2025-09-13 17:00:00,2,381.57,0.85,5.45,3.7,1.18,20.23,25.11,2.86
1757786400,2025-09-13 18:00:00,2,393.88,1.41,4.92,2.41,1.02,21.4,25.97,3.03
1757790000,2025-09-13 19:00:00,2,402.55,1.89,4.59,2.17,0.97,22.47,26.76,3.5
1757793600,2025-09-13 20:00:00,2,409.96,2.31,4.47,2.59,1.01,23.41,27.08,4.47
1757797200,2025-09-13 21:00:00,2,420.12,2.73,4.48,3.34,1.14,24.41,27.76,5.77
1757800800,2025-09-13 22:00:00,3,436.01,3.22,4.44,4.04,1.26,25.5,28.65,6.75
1757804400,2025-09-13 23:00:00,3,446.66,3.68,3.99,3.95,1.22,26.35,29.42,6.02
1757808000,2025-09-14 00:00:00,3,455.61,4.15,3.39,4.44,1.28,26.9,30.31,4.69
1757811600,2025-09-14 01:00:00,2,436.89,3.66,3.66,7.55,1.41,24.71,28.26,3.49
1757815200,2025-09-14 02:00:00,2,443.81,3.54,4.2,9.08,1.58,23.51,27.6,3.14
1757818800,2025-09-14 03:00:00,2,460.8,3.03,5.29,11.66,1.77,23.03,27.41,3.2
1757822400,2025-09-14 04:00:00,2,265.18,0.87,4.24,33.29,1.87,11.17,13.77,1.74
1757826000,2025-09-14 05:00:00,1,211.84,0.5,3.31,37.3,1.7,7.9,9.86,1.51
1757829600,2025-09-14 06:00:00,1,192.99,0.37,2.72,39.89,1.57,6.94,8.61,1.48
1757833200,2025-09-14 07:00:00,1,175.59,0.19,2.39,42.56,1.39,6.41,7.87,1.5
1757836800,2025-09-14 08:00:00,1,178.88,0.12,2.8,42.02,1.5,6.33,7.82,1.9
1757840400,2025-09-14 09:00:00,1,186.51,0.08,3.3,40.54,1.63,6.21,7.75,2.28
1757844000,2025-09-14 10:00:00,1,203.27,0.09,4.09,35.07,1.82,6.59,8.45,2.89
1757847600,2025-09-14 11:00:00,1,223.95,0.04,4.92,27.77,1.95,7.47,9.85,3.25
1757851200,2025-09-14 12:00:00,1,241.09,0,5.29,22.47,1.95,8.28,11.23,3
1757854800,2025-09-14 13:00:00,1,254.72,0,5.43,18.76,1.92,8.89,12.3,2.7
1757858400,2025-09-14 14:00:00,1,269.18,0.01,5.52,16.76,1.86,9.39,13.07,2.56
1757862000,2025-09-14 15:00:00,1,274.52,0.01,5.42,16.33,1.79,9.48,13.2,2.44
1757865600,2025-09-14 16:00:00,1,267.22,0.01,5.11,16.7,1.66,8.93,12.14,2.19
1757869200,2025-09-14 17:00:00,1,262.22,0.01,4.73,14.72,1.36,8.59,11.16,1.94
1757872800,2025-09-14 18:00:00,1,261.3,0.02,4.5,12.61,1.2,8.5,10.69,1.9
1757876400,2025-09-14 19:00:00,1,269.02,0.06,4.42,8.6,1.08,9.06,11.1,2.25
1757880000,2025-09-14 20:00:00,2,289.15,0.18,4.62,4.56,1.07,10.31,12.63,2.96
1757883600,2025-09-14 21:00:00,2,309.27,0.41,4.89,2.35,1.17,11.64,14.3,3.85
1757887200,2025-09-14 22:00:00,2,328.02,0.73,5.12,1.29,1.32,12.91,15.83,4.5
1757890800,2025-09-14 23:00:00,2,334.47,0.89,5.26,1.03,1.45,13.6,16.69,4.19
1757894400,2025-09-15 00:00:00,2,334.43,1.06,5.39,1.68,1.81,13.93,17.41,3.77
1757898000,2025-09-15 01:00:00,2,322.67,1.31,5.54,5.07,2.29,13.23,16.8,3.05
1757901600,2025-09-15 02:00:00,2,329.55,1.68,5.73,5.97,2.59,13.33,17.18,2.92
1757905200,2025-09-15 03:00:00,2,335.32,1.72,6.05,8.17,2.78,13.56,17.58,3.1
1757908800,2025-09-15 04:00:00,1,213.78,0.37,3.91,30.66,1.89,7.27,8.96,1.59
1757912400,2025-09-15 05:00:00,1,197.31,0.22,3.15,33.58,1.6,6.97,8.29,1.38
1757916000,2025-09-15 06:00:00,1,203.06,0.16,3.33,33.11,1.67,7.44,8.74,1.43
1757919600,2025-09-15 07:00:00,1,207.91,0.1,3.57,31.68,1.72,7.5,8.73,1.41
1757923200,2025-09-15 08:00:00,1,211.34,0.11,3.65,30.82,1.7,7.39,8.54,1.34
1757926800,2025-09-15 09:00:00,1,213.93,0.09,3.78,30.03,1.68,7.23,8.31,1.28
1757930400,2025-09-15 10:00:00,1,238.75,0.06,4.9,26.56,1.83,7.76,9.23,1.84
1757934000,2025-09-15 11:00:00,1,288.54,0.03,6.69,21.03,2.15,9.28,11.64,2.72
1757937600,2025-09-15 12:00:00,2,335.85,0.05,7.86,16.75,2.47,11.15,14.57,3.86
1757941200,2025-09-15 13:00:00,2,373.58,0.12,8.33,11.76,2.73,13.1,17.64,5.3
1757944800,2025-09-15 14:00:00,2,404.29,0.2,8.54,7.86,2.85,15.05,20.51,6.41
1757948400,2025-09-15 15:00:00,2,433.71,0.38,8.95,6.08,3,17.08,23.2,7.55
1757952000,2025-09-15 16:00:00,2,453.59,0.63,9.22,5.57,2.91,18.26,24.23,7.9
1757955600,2025-09-15 17:00:00,2,446.46,0.65,8.93,4.98,2.34,17.88,22.77,6.43
1757959200,2025-09-15 18:00:00,2,425.64,0.44,8.72,4.48,1.94,16.9,20.69,4.95
1757962800,2025-09-15 19:00:00,2,402.61,0.26,8.55,4.07,1.75,16.33,19.47,4.02
1757966400,2025-09-15 20:00:00,2,395.54,0.31,8.28,3.02,1.63,16.8,19.54,3.64
1757970000,2025-09-15 21:00:00,2,393.95,0.43,7.99,1.98,1.58,17.43,19.91,3.43
1757973600,2025-09-15 22:00:00,2,396.06,0.59,7.8,1.27,1.58,17.97,20.16,3.22
1757977200,2025-09-15 23:00:00,2,393.99,0.67,7.6,1.02,1.61,18.1,20.12,2.96
1757980800,2025-09-16 00:00:00,2,387.82,0.82,7.49,1.39,1.88,17.95,20.19,2.84
1757984400,2025-09-16 01:00:00,2,332,0.79,6.3,5.23,2.03,14.7,16.82,2.03
1757988000,2025-09-16 02:00:00,2,308.56,0.94,5.28,8.16,1.93,13.12,15.39,1.69
1757991600,2025-09-16 03:00:00,2,303.61,0.97,5.05,11.09,1.97,12.92,15.27,1.7
1757995200,2025-09-16 04:00:00,1,242.21,0.95,3.49,31.45,1.76,7.24,8.57,1.42
1757998800,2025-09-16 05:00:00,1,220.3,0.55,2.63,39.24,1.6,7.81,8.97,1.36
1758002400,2025-09-16 06:00:00,2,217.66,0.27,1.99,49.58,1.65,13.25,14.5,1.44
1758006000,2025-09-16 07:00:00,2,216.99,0.17,1.64,55.45,1.62,16.62,17.9,1.5
1758009600,2025-09-16 08:00:00,2,210.59,0.15,1.6,53.37,1.49,15.82,17.07,1.52
1758013200,2025-09-16 09:00:00,2,212.04,0.14,1.73,52.51,1.48,15.98,17.28,1.55
1758016800,2025-09-16 10:00:00,2,232.16,0.14,2.6,48.6,1.79,18.41,20.27,2.11
1758020400,2025-09-16 11:00:00,2,264.91,0.04,4.03,40.41,2.18,21.36,24.16,2.79
1758024000,2025-09-16 12:00:00,2,289.39,0,4.8,33.21,2.36,23.1,26.81,3.05
1758027600,2025-09-16 13:00:00,3,326.46,0.01,5.82,26.75,2.39,25.13,29.81,3.27
1758031200,2025-09-16 14:00:00,3,373.79,0.01,6.89,21.32,2.35,27.75,33.37,3.28
1758034800,2025-09-16 15:00:00,3,415.89,0.01,7.64,18.25,2.31,29.92,36.16,3.17
1758038400,2025-09-16 16:00:00,3,444.29,0.02,8.04,17.23,2.13,31.27,37.46,2.98
1758042000,2025-09-16 17:00:00,3,458.5,0.07,7.95,11.99,1.7,31.92,37.59,2.76
1758045600,2025-09-16 18:00:00,3,464.52,0.14,7.6,8.5,1.39,32.37,37.42,2.67
1758049200,2025-09-16 19:00:00,3,451.34,0.17,6.89,6.75,1.23,31.85,36.05,2.65
1758052800,2025-09-16 20:00:00,3,441.43,0.21,6.3,5.16,1.15,31.48,34.86,2.76
1758056400,2025-09-16 21:00:00,3,447.22,0.29,6.12,3.78,1.16,32.36,35.39,2.95
1758060000,2025-09-16 22:00:00,3,458.7,0.32,6.21,3.14,1.28,33.61,36.41,2.92
1758063600,2025-09-16 23:00:00,3,464.95,0.28,6.31,3.33,1.43,34.02,36.67,2.57
1758067200,2025-09-17 00:00:00,3,473.25,0.42,6.42,4.96,1.76,34.32,37.17,2.26
1758070800,2025-09-17 01:00:00,3,429.32,0.4,7.05,14.12,2.85,32.18,34.89,1.73
1758074400,2025-09-17 02:00:00,3,429.85,0.55,8.16,16.44,3.4,32.31,35.16,1.65
1758078000,2025-09-17 03:00:00,3,444.21,0.62,9.42,19.34,3.77,33.58,36.53,1.78
1758081600,2025-09-17 04:00:00,3,408.73,1.02,9.34,46.25,3.99,28.61,30.77,1.6
1758085200,2025-09-17 05:00:00,3,404.47,1.45,9.47,46.35,3.95,26.13,28.21,1.62
1758088800,2025-09-17 06:00:00,3,418.41,1.81,10.34,43.21,4.08,25.78,27.87,1.71
1758092400,2025-09-17 07:00:00,3,425.71,1.75,11.98,38.16,4.1,25.19,27.2,1.78
1758096000,2025-09-17 08:00:00,3,427.74,1.37,14.18,32.43,4.17,25.06,26.93,1.8
1758099600,2025-09-17 09:00:00,2,416.97,0.89,16.03,27.54,4.21,23.96,25.63,1.76
1758103200,2025-09-17 10:00:00,2,427.29,0.55,17.12,19.85,3.97,24.05,26.01,2.17
1758106800,2025-09-17 11:00:00,3,473.02,0.48,17.34,11.9,3.61,26.17,28.97,2.68
1758110400,2025-09-17 12:00:00,3,517.27,0.88,16.36,7.44,3.31,28.56,32.34,2.92
1758114000,2025-09-17 13:00:00,3,545.63,1.3,14.48,4.29,3.02,30.69,35.47,3.09
1758117600,2025-09-17 14:00:00,3,563.06,1.53,12.74,2.2,2.77,32.69,38,3.24
1758121200,2025-09-17 15:00:00,3,573.74,1.85,11.73,1.23,2.66,34.7,40.17,3.59
1758124800,2025-09-17 16:00:00,3,575.05,2.26,11.13,0.79,2.52,36.2,41.27,3.77
1758128400,2025-09-17 17:00:00,3,571.05,2.7,10.27,0.45,2.16,37.49,41.51,3.13
1758132000,2025-09-17 18:00:00,3,563.63,2.97,9.79,0.24,1.89,38.75,41.68,2.43
1758135600,2025-09-17 19:00:00,3,555.51,3.09,9.74,0.2,1.78,39.81,41.99,1.99
1758139200,2025-09-17 20:00:00,3,549.4,3.25,9.78,0.16,1.76,40.71,42.6,1.87
1758142800,2025-09-17 21:00:00,3,548.75,3.58,10.04,0.09,1.83,41.71,43.53,1.86
1758146400,2025-09-17 22:00:00,3,561.67,4.18,10.78,0.02,2.01,43.08,44.89,1.78
1758150000,2025-09-17 23:00:00,3,577.88,4.95,11.44,0.01,2.12,44.48,46.29,1.54
1758153600,2025-09-18 00:00:00,3,592.72,5.88,12.25,0.21,2.24,45.47,47.45,1.34
1758157200,2025-09-18 01:00:00,3,620.31,6.67,20.14,3.86,2.61,44.75,46.5,0.88
1758160800,2025-09-18 02:00:00,3,627.18,8.98,19.58,5.71,2.66,43.88,45.63,0.88
1758164400,2025-09-18 03:00:00,3,634.71,10.83,18.39,7.16,2.76,42.81,44.55,0.98
1758168000,2025-09-18 04:00:00,3,580.37,8.87,18.81,7.82,2.62,37.61,39.09,0.85
1758171600,2025-09-18 05:00:00,3,514.17,6.41,19.44,8.59,2.58,31.25,32.51,0.82
1758175200,2025-09-18 06:00:00,3,484.85,5.53,20.59,9.28,2.85,26.76,27.89,0.92
1758178800,2025-09-18 07:00:00,2,417.29,3.45,20.63,12.35,2.8,18.85,19.81,0.94
1758182400,2025-09-18 08:00:00,2,386.89,1.53,20.69,12.63,2.84,15.91,16.84,1.03
1758186000,2025-09-18 09:00:00,2,384.8,0.95,21.21,12.55,3.06,15.4,16.38,1.13
1758189600,2025-09-18 10:00:00,2,400.8,0.9,19.09,9.15,3.1,16.2,17.67,1.65
1758193200,2025-09-18 11:00:00,2,434.68,0.58,16.76,4.07,2.98,18.3,20.65,2.11
1758196800,2025-09-18 12:00:00,2,465.35,0.79,14.42,1.89,2.87,20.42,23.69,2.39
1758200400,2025-09-18 13:00:00,2,488.77,1.17,12.77,1.05,2.93,22.19,26.09,2.68
1758204000,2025-09-18 14:00:00,2,516.77,1.49,11.77,0.63,2.89,23.99,28.4,2.95
1758207600,2025-09-18 15:00:00,3,544.86,1.81,10.95,0.38,2.75,25.91,30.73,3.21
1758211200,2025-09-18 16:00:00,3,560.46,2.08,10.17,0.23,2.45,26.77,31.39,3.11
1758214800,2025-09-18 17:00:00,3,562.14,2.06,9.94,0.18,2.02,26.56,30,2.48
1758218400,2025-09-18 18:00:00,3,555.62,1.78,10.79,0.24,1.79,25.96,28.26,1.91
1758222000,2025-09-18 19:00:00,2,535.97,0.76,15.2,1.06,1.94,24.74,26.12,1.38
1758225600,2025-09-18 20:00:00,2,527.79,0.55,14.69,0.94,1.75,24.47,25.55,1.3
1758229200,2025-09-18 21:00:00,2,520.97,0.57,13.93,0.8,1.62,24.22,25.17,1.27
1758232800,2025-09-18 22:00:00,2,518.15,0.62,13.69,0.77,1.58,24.37,25.33,1.3
1758236400,2025-09-18 23:00:00,2,513.18,0.62,13.65,0.79,1.6,24.5,25.57,1.29
1758240000,2025-09-19 00:00:00,2,504.8,1.22,12.64,1.66,1.62,24.22,25.58,1.28
1758243600,2025-09-19 01:00:00,2,498.53,2.93,10.82,4.08,1.7,23.82,25.44,1.21
1758247200,2025-09-19 02:00:00,2,499.81,3.97,10.63,5.89,1.89,24.03,25.85,1.21
1758250800,2025-09-19 03:00:00,2,507.18,4.82,11.16,9.08,2.25,24.87,26.78,1.33
1758254400,2025-09-19 04:00:00,2,357,2.6,11.04,19.96,2.08,15.8,17.12,0.99
1758258000,2025-09-19 05:00:00,2,296.02,1.96,9.46,24.44,2.05,12.64,13.8,1.01
1758261600,2025-09-19 06:00:00,2,294.54,1.75,9.66,27.56,2.33,14.39,15.62,1.15
1758265200,2025-09-19 07:00:00,2,295.23,1.23,9.76,31.85,2.5,17.32,18.6,1.24
1758268800,2025-09-19 08:00:00,2,288.68,0.72,9.34,35.72,2.56,20.22,21.54,1.3
1758272400,2025-09-19 09:00:00,2,288.52,0.38,9.11,39.42,2.58,22.88,24.24,1.35
1758276000,2025-09-19 10:00:00,3,326.67,0.22,9.27,32.84,2.49,26.64,28.84,2.37
1758279600,2025-09-19 11:00:00,3,395.98,0.05,10.22,21.34,2.51,30.95,34.62,3.45
1758283200,2025-09-19 12:00:00,3,463.59,0.03,11.03,12.87,2.67,34.53,39.77,4.34
1758286800,2025-09-19 13:00:00,3,528.6,0.11,11.76,7.53,2.88,38.47,45.17,5.41
1758290400,2025-09-19 14:00:00,3,577.32,0.35,11.69,4.47,2.83,41.66,49.15,5.64
1758294000,2025-09-19 15:00:00,3,605.45,0.86,10.88,2.93,2.64,42.26,49.08,5.54
1758297600,2025-09-19 16:00:00,3,603.02,1.47,9.51,2.37,2.27,39.79,45.23,4.97
1758301200,2025-09-19 17:00:00,3,580.5,1.72,8.39,2.12,1.74,36.14,40.22,4.08
1758304800,2025-09-19 18:00:00,3,552.15,1.63,7.59,1.94,1.34,33,36.07,3.42
1758308400,2025-09-19 19:00:00,3,518.62,1.53,6.81,1.77,1.15,30.01,32.44,3.56
1758312000,2025-09-19 20:00:00,3,502.07,1.9,6.04,1.48,1.21,28.1,30.26,5.01
1758315600,2025-09-19 21:00:00,3,497.8,2.53,5.64,1.23,1.46,27.43,29.54,7.15
1758319200,2025-09-19 22:00:00,3,506.99,3.28,5.54,1.1,1.75,27.79,29.94,9.41
1758322800,2025-09-19 23:00:00,3,506.8,3.79,5.09,1.29,1.8,27.71,29.9,9.51
1758326400,2025-09-20 00:00:00,3,498.43,4.23,4.06,2.84,1.61,26.89,29.37,6.28
1758330000,2025-09-20 01:00:00,2,431.02,2.78,4.54,11.68,1.71,23.86,26.26,3.11
1758333600,2025-09-20 02:00:00,3,416.11,2.34,4.63,18.83,2.13,25.17,28.04,2.85
1758337200,2025-09-20 03:00:00,3,413.1,1.48,4.81,33.53,2.64,32.58,35.73,3.06
1758340800,2025-09-20 04:00:00,2,227.89,0.34,1.73,54.57,1.5,21.27,22.45,1.26
1758344400,2025-09-20 05:00:00,2,165.11,0.17,0.86,52.18,1.03,15.55,16.33,1
1758348000,2025-09-20 06:00:00,2,157.43,0.15,0.81,54,1.04,16,16.8,1.12
1758351600,2025-09-20 07:00:00,2,162.98,0.16,0.97,57.11,1.19,17.55,18.49,1.42
1758355200,2025-09-20 08:00:00,2,175.42,0.18,1.31,59.75,1.44,19.72,20.9,1.92
1758358800,2025-09-20 09:00:00,2,187.2,0.19,1.75,60.46,1.62,21.03,22.42,2.32
1758362400,2025-09-20 10:00:00,2,201.23,0.14,2.53,53.03,1.77,21.67,23.33,2.8
1758366000,2025-09-20 11:00:00,2,213.77,0.02,3.25,41.44,1.81,21.62,23.6,3
1758369600,2025-09-20 12:00:00,2,222.71,0,3.41,32.45,1.74,21.02,23.32,2.79
1758373200,2025-09-20 13:00:00,2,232.48,0,3.55,24.98,1.64,20.48,23.16,2.61
1758376800,2025-09-20 14:00:00,2,249.81,0.01,3.81,18.51,1.55,20.87,24.04,2.61
1758380400,2025-09-20 15:00:00,2,266.54,0.02,4.07,14.04,1.5,21.57,25.18,2.7
1758384000,2025-09-20 16:00:00,2,281.78,0.04,4.46,11.28,1.45,22.24,26.09,3.1
1758387600,2025-09-20 17:00:00,2,300.57,0.04,5.06,9.8,1.39,23.11,26.97,3.81
1758391200,2025-09-20 18:00:00,2,320.07,0.05,5.62,8.89,1.34,24.08,27.67,4.56
1758394800,2025-09-20 19:00:00,3,343.03,0.1,6.16,7.73,1.29,25.11,28.53,5.42
1758398400,2025-09-20 20:00:00,3,364.39,0.29,6.39,6.03,1.22,26.28,29.67,6.01
1758402000,2025-09-20 21:00:00,3,382.73,0.74,5.96,4.2,1.13,27.53,30.95,5.89
1758405600,2025-09-20 22:00:00,3,401.19,1.41,5.11,2.45,1.05,28.81,32.12,4.75
1758409200,2025-09-20 23:00:00,3,414.96,1.93,4.42,2.02,1.01,29.78,33.02,3.88
1758412800,2025-09-21 00:00:00,3,427.03,2.67,3.57,3.36,1.14,30.44,33.89,3.37
1758416400,2025-09-21 01:00:00,3,379.65,2.01,3.81,9,1.47,28.08,31.28,2.61
1758420000,2025-09-21 02:00:00,3,371.63,2,3.98,14.23,1.9,28.3,31.87,2.76
1758423600,2025-09-21 03:00:00,3,370.04,1.5,4.39,25.39,2.45,31.12,34.95,3.16
1758427200,2025-09-21 04:00:00,2,221.79,0.34,1.78,53.52,1.54,18.16,19.58,1.47
1758430800,2025-09-21 05:00:00,2,181.41,0.17,1.03,54.94,1.12,15.35,16.34,1.23
1758434400,2025-09-21 06:00:00,2,178.33,0.13,1.04,57.29,1.17,16.62,17.63,1.38
1758438000,2025-09-21 07:00:00,2,181.98,0.12,1.2,58.33,1.29,17.86,18.93,1.52
1758441600,2025-09-21 08:00:00,2,183.55,0.11,1.3,55.59,1.32,18.17,19.25,1.5
1758445200,2025-09-21 09:00:00,2,183.62,0.1,1.35,52.61,1.3,17.83,18.9,1.39
1758448800,2025-09-21 10:00:00,2,207.04,0.1,2.37,42.35,1.44,18.54,20.11,2.31
1758452400,2025-09-21 11:00:00,2,252.87,0.02,4.15,29.73,1.67,20.36,22.83,3.49
1758456000,2025-09-21 12:00:00,2,294.27,0,5.38,22.05,1.85,22.02,25.32,3.98
1758459600,2025-09-21 13:00:00,2,328.14,0.01,6.33,19.28,2.08,23.53,27.54,4.82
1758463200,2025-09-21 14:00:00,3,364.81,0.01,7.15,18.31,2.29,25.29,29.95,5.87
1758466800,2025-09-21 15:00:00,3,402.24,0.03,7.84,16.8,2.41,27.19,32.3,6.76
1758470400,2025-09-21 16:00:00,3,426.61,0.06,8.17,15.76,2.34,28.51,33.45,7.31
1758474000,2025-09-21 17:00:00,3,437.18,0.06,8.11,16.04,2.11,29.26,33.26,7.4
1758477600,2025-09-21 18:00:00,3,438.57,0.03,7.87,17.49,1.99,29.9,33.11,7.48
1758481200,2025-09-21 19:00:00,3,435.66,0.01,7.48,19.23,1.93,30.43,33.05,7.54
1758484800,2025-09-21 20:00:00,3,438.64,0.01,7.28,19.91,1.92,31.31,33.7,7.74
1758488400,2025-09-21 21:00:00,3,443.66,0,7.13,19.47,1.97,32.88,35.18,7.37
1758492000,2025-09-21 22:00:00,3,450.67,0.02,6.43,16.05,2.01,35.08,37.33,3.73
1758495600,2025-09-21 23:00:00,3,475.34,0.04,6.58,13.23,2.13,38.07,40.5,2.61
1758499200,2025-09-22 00:00:00,3,502.07,0.09,7.3,11.51,2.43,40.55,43.34,2.36
1758502800,2025-09-22 01:00:00,3,529.2,0.45,8.11,11.7,2.85,42.17,45.14,2.12
1758506400,2025-09-22 02:00:00,3,553.18,1.11,8.47,14.29,3.19,44.1,47.34,1.82
1758510000,2025-09-22 03:00:00,3,575.63,1.4,8.91,20.59,3.52,46.81,50.3,1.79
1758513600,2025-09-22 04:00:00,3,543.06,0.93,7.68,60.03,3.87,44.29,46.53,1.48
1758517200,2025-09-22 05:00:00,3,512.89,0.64,5.53,69.12,3.43,48.5,50.46,1.2
1758520800,2025-09-22 06:00:00,4,520.84,0.49,4.5,73.34,3.38,55.74,57.68,1.16
1758524400,2025-09-22 07:00:00,4,527.15,0.34,3.85,67.25,3.25,61.67,63.8,1.27
1758528000,2025-09-22 08:00:00,4,534.19,0.27,4.04,58.24,3.32,65.18,67.73,1.72
1758531600,2025-09-22 09:00:00,4,541.21,0.2,4.76,54.81,3.59,66.74,69.66,2.3
1758535200,2025-09-22 10:00:00,4,575.31,0.1,6.47,51.45,3.93,68.99,72.58,3.46
1758538800,2025-09-22 11:00:00,4,631.28,0.01,8.28,44.68,4.12,71.76,76.32,4.38
1758542400,2025-09-22 12:00:00,4,687.49,0,9.56,44.45,4.55,74.47,79.92,5.46
1758546000,2025-09-22 13:00:00,5,739.83,0,10.52,52.98,5.06,76.86,82.77,6.25
1758549600,2025-09-22 14:00:00,5,771.28,0,10.25,48.46,4.51,78.56,84.57,5.19
1758553200,2025-09-22 15:00:00,5,771.5,0,9.28,44.44,3.83,79.13,84.19,3.58
1758556800,2025-09-22 16:00:00,4,657.03,0,6.3,43.93,3.11,72.6,75.28,1.82
1758560400,2025-09-22 17:00:00,4,633.2,0,5.55,33.45,2.46,69.84,71.87,1.75
1758564000,2025-09-22 18:00:00,4,625.05,0,5.14,25.95,2.05,68.01,69.7,1.85
1758567600,2025-09-22 19:00:00,4,611.98,0.01,4.67,21.54,1.73,66.63,68.15,1.83
1758571200,2025-09-22 20:00:00,4,598.78,0.01,4.22,19.23,1.5,64.82,66.19,1.71
1758574800,2025-09-22 21:00:00,4,585.58,0.02,3.83,18.12,1.33,62.52,63.78,1.6
1758578400,2025-09-22 22:00:00,4,575.88,0.02,3.47,17.64,1.23,60.45,61.71,1.57
1758582000,2025-09-22 23:00:00,4,566.28,0.02,3.15,17.26,1.21,58.54,59.87,1.54
1758585600,2025-09-23 00:00:00,4,564.86,0.1,3.03,17.16,1.32,56.56,58.16,1.68
1758589200,2025-09-23 01:00:00,4,569.14,0.35,3.06,19.82,1.51,55.57,57.45,1.61
1758592800,2025-09-23 02:00:00,4,578.37,0.48,3.11,25.96,1.69,56.25,58.45,1.57
1758596400,2025-09-23 03:00:00,4,588.86,0.34,2.86,39.19,1.9,60.78,63.16,1.61
1758600000,2025-09-23 04:00:00,4,548.42,0.13,1.96,59.04,1.47,56.4,58.09,1
1758603600,2025-09-23 05:00:00,4,512.36,0.1,1.67,58.75,1.29,52.87,54.55,0.99
1758607200,2025-09-23 06:00:00,4,503.23,0.09,1.73,61.47,1.39,53.51,55.39,1.3
1758610800,2025-09-23 07:00:00,4,498.55,0.12,1.84,65.02,1.51,54.11,56.12,1.64
1758614400,2025-09-23 08:00:00,4,494.3,0.16,1.87,67.09,1.57,53.67,55.7,1.62
1758618000,2025-09-23 09:00:00,4,497.42,0.13,2.05,72.7,1.68,53.19,55.12,1.55
1758621600,2025-09-23 10:00:00,4,521.26,0.08,3.18,66.67,2.01,54.86,57.24,2.27
1758625200,2025-09-23 11:00:00,4,550.61,0.01,4.72,48.85,2.33,57.29,60.68,3.18
1758628800,2025-09-23 12:00:00,4,583.53,0,5.86,38.12,2.5,58.97,63.04,3.61
1758632400,2025-09-23 13:00:00,4,607.95,0.01,6.71,30.56,2.49,59.84,64.38,3.79
1758636000,2025-09-23 14:00:00,4,627.81,0.01,6.96,22.41,2.3,60.27,65.15,3.38
1758639600,2025-09-23 15:00:00,4,638.25,0.02,6.72,16.11,2.04,59.06,64.13,2.76
1758643200,2025-09-23 16:00:00,4,630.85,0.03,6.1,12.35,1.91,55.27,59.6,2.17
1758646800,2025-09-23 17:00:00,4,612.37,0.02,5.28,11.27,1.7,50.84,53.92,1.72
1758650400,2025-09-23 18:00:00,3,595.21,0.01,4.48,13.83,1.49,46.63,48.66,1.44
1758654000,2025-09-23 19:00:00,3,536.37,0,2.96,33.39,1.24,38.09,39.07,0.98
1758657600,2025-09-23 20:00:00,3,509.95,0,2.54,31.43,1,32.65,33.36,0.99
1758661200,2025-09-23 21:00:00,3,493.72,0,2.44,27.94,0.88,28.77,29.4,1.03
1758664800,2025-09-23 22:00:00,3,478.7,0,2.39,25.46,0.82,26.13,26.76,1.08
1758668400,2025-09-23 23:00:00,2,462.17,0,2.28,24.07,0.83,24.04,24.73,1.1
1758672000,2025-09-24 00:00:00,2,448.38,0.02,2.25,24.31,0.92,22.04,22.93,1.12
1758675600,2025-09-24 01:00:00,2,433.9,0.06,2.29,35.13,1.08,18.93,20.01,1.13
1758679200,2025-09-24 02:00:00,2,417.46,0.1,2.41,37.18,1.26,16.4,17.64,1.4
1758682800,2025-09-24 03:00:00,2,401.52,0.14,2.63,39.21,1.45,14.52,15.85,1.66
1758686400,2025-09-24 04:00:00,2,264.26,0.07,1.67,60.13,0.89,4.89,5.48,1.06
1758690000,2025-09-24 05:00:00,1,218.08,0.06,1.53,59.41,0.83,2.7,3.12,0.94
1758693600,2025-09-24 06:00:00,1,206.19,0.06,1.55,58.2,0.88,2.27,2.66,0.97
1758697200,2025-09-24 07:00:00,1,201.27,0.07,1.51,59.49,0.92,2.5,2.92,1.07
1758700800,2025-09-24 08:00:00,1,199.95,0.06,1.67,59.86,1.05,2.98,3.49,1.27
1758704400,2025-09-24 09:00:00,1,199.95,0.04,1.93,59.39,1.14,3.15,3.72,1.47
1758708000,2025-09-24 10:00:00,1,213.8,0.02,2.65,50.77,1.35,3.58,4.5,2.1
1758711600,2025-09-24 11:00:00,1,237.5,0,3.55,39.09,1.6,4.42,5.95,2.96
1758715200,2025-09-24 12:00:00,1,255.71,0,4,32.14,1.78,5.13,7.27,3.72
1758718800,2025-09-24 13:00:00,1,270.53,0,4.4,27.95,1.92,5.83,8.61,4.57
1758722400,2025-09-24 14:00:00,1,285.59,0.01,4.53,22.17,1.87,6.62,9.88,4.5
1758726000,2025-09-24 15:00:00,1,294.68,0.02,4.44,17.15,1.71,7.22,10.68,4.06
1758729600,2025-09-24 16:00:00,1,301.25,0.04,4.45,13.04,1.51,7.7,11.11,3.93
1758733200,2025-09-24 17:00:00,1,306.98,0.05,4.54,10.14,1.26,8.09,11.23,3.96
1758736800,2025-09-24 18:00:00,1,308.67,0.05,4.48,8.62,1.04,8.35,11.18,3.66
1758740400,2025-09-24 19:00:00,1,302.8,0.06,4.21,8.28,0.89,8.3,10.86,3.23
1758744000,2025-09-24 20:00:00,1,295.09,0.06,4.01,8.65,0.81,8.08,10.37,2.96
1758747600,2025-09-24 21:00:00,1,289.07,0.06,3.9,9.32,0.79,7.92,10.02,2.78
1758751200,2025-09-24 22:00:00,1,289.75,0.08,4,9.76,0.81,8.08,10.15,2.78
1758754800,2025-09-24 23:00:00,1,301.52,0.15,4.37,9.73,0.91,8.75,11.1,3.05
1758758400,2025-09-25 00:00:00,2,331.82,0.57,4.8,10.75,1.3,10.15,13.47,3.61
1758762000,2025-09-25 01:00:00,2,373.77,1.48,5.24,13.94,1.85,11.93,16.37,4.1
1758765600,2025-09-25 02:00:00,2,411.58,2.15,5.73,13.51,2.16,13.81,18.98,4.31
1758769200,2025-09-25 03:00:00,2,435.71,1.92,6.5,15.2,2.4,15.47,20.73,4.57
1758772800,2025-09-25 04:00:00,2,328.19,0.54,5.15,44.34,2.46,13.42,15.94,2.7
1758776400,2025-09-25 05:00:00,2,299.92,0.3,3.93,51.8,2.15,14.18,15.87,2.17
1758780000,2025-09-25 06:00:00,2,291.9,0.21,3.07,55.36,1.87,15.39,16.73,1.83
1758783600,2025-09-25 07:00:00,2,275.9,0.17,2.34,56.82,1.56,15.45,16.56,1.5
1758787200,2025-09-25 08:00:00,2,259.04,0.11,2.08,56.01,1.34,14.15,15.11,1.32
1758790800,2025-09-25 09:00:00,2,245.2,0.07,2.06,55.06,1.2,12.78,13.63,1.21
1758794400,2025-09-25 10:00:00,2,256.85,0.04,2.94,46.39,1.3,12.71,13.94,1.82
1758798000,2025-09-25 11:00:00,2,294.08,0.01,4.45,32.88,1.59,13.94,16.08,2.89
1758801600,2025-09-25 12:00:00,2,331.13,0,5.64,23.72,1.88,15.44,18.67,3.58
1758805200,2025-09-25 13:00:00,2,364.59,0.01,6.66,17.43,2.15,17.23,21.62,3.96
1758808800,2025-09-25 14:00:00,2,395.44,0.03,7.4,12.62,2.28,19.25,24.65,4.14
1758812400,2025-09-25 15:00:00,2,424.37,0.07,7.98,9,2.29,21.18,27.42,4.23
1758816000,2025-09-25 16:00:00,2,453.11,0.13,8.51,5.75,2.17,23.02,29.76,4.26
1758819600,2025-09-25 17:00:00,3,485.69,0.27,8.99,2.89,1.92,25.11,31.96,4.37
1758823200,2025-09-25 18:00:00,3,518.98,0.57,9.18,1.54,1.8,27.37,34.2,4.89
1758826800,2025-09-25 19:00:00,3,545.2,1.09,8.8,1.42,1.72,29.33,36,5.25
1758830400,2025-09-25 20:00:00,3,565.35,1.65,8.19,0.91,1.55,30.99,37.47,4.59
1758834000,2025-09-25 21:00:00,3,585.87,2.1,7.95,0.57,1.48,32.79,39.06,3.98
1758837600,2025-09-25 22:00:00,3,552.09,0.87,9.14,1.09,1.82,31.77,36.58,3.13
1758841200,2025-09-25 23:00:00,3,540.05,0.47,9.13,1.52,1.91,31.67,35.62,2.61
1758844800,2025-09-26 00:00:00,3,536.87,0.47,8.67,2.04,2,31.7,35.43,2.48
1758848400,2025-09-26 01:00:00,3,516.86,0.95,7.88,23.88,2.53,30.45,33.93,2.27
1758852000,2025-09-26 02:00:00,3,497.82,1.62,6.79,27.38,2.53,29.36,32.66,2.07
1758855600,2025-09-26 03:00:00,3,460.43,1.57,6.19,31.2,2.56,28.14,31.03,1.9
1758859200,2025-09-26 04:00:00,2,359.55,0.67,4.49,39.36,2.01,22.74,24.38,0.97
1758862800,2025-09-26 05:00:00,2,342.21,0.38,4.59,42.62,2.01,21.8,23.19,0.89
1758866400,2025-09-26 06:00:00,2,358.41,0.2,6.34,43.94,2.61,22.77,24.18,1.03
1758870000,2025-09-26 07:00:00,2,393.66,0.06,8.75,45.22,3.69,24.49,26.02,1.31
1758873600,2025-09-26 08:00:00,3,438.4,0.09,11.12,41.12,4.76,27.66,29.37,1.6
1758877200,2025-09-26 09:00:00,3,486.02,0.17,13.56,36.35,5.54,30.83,32.6,1.62
1758880800,2025-09-26 10:00:00,3,525.65,0.14,15.62,28.78,5.49,33.65,35.48,1.55
1758884400,2025-09-26 11:00:00,3,548.39,0.02,16.5,20.95,5.06,35.11,37.07,1.47
1758888000,2025-09-26 12:00:00,3,554.85,0.01,16.25,16.18,4.56,35.18,37.23,1.42
1758891600,2025-09-26 13:00:00,3,560.62,0.02,15.76,13.14,4.41,34.27,36.4,1.46
1758895200,2025-09-26 14:00:00,3,579.38,0.02,15.5,10.89,4.29,33.55,35.86,1.56
1758898800,2025-09-26 15:00:00,3,598.2,0.03,15.27,9.13,4.03,32.83,35.16,1.65
1758902400,2025-09-26 16:00:00,3,605.59,0.04,14.81,7.8,3.61,31.63,33.76,1.62
1758906000,2025-09-26 17:00:00,3,606.97,0.04,14.47,6.69,3.16,30.27,32,1.45
1758909600,2025-09-26 18:00:00,3,609.73,0.05,14.31,5.59,2.79,28.94,30.33,1.3
1758913200,2025-09-26 19:00:00,3,609.13,0.07,14.14,4.41,2.48,27.01,28.13,1.14
1758916800,2025-09-26 20:00:00,2,614.77,0.1,14.3,3.33,2.25,25,25.92,1.04
1758920400,2025-09-26 21:00:00,2,626.59,0.14,15.15,2.61,2.09,23.27,24.04,0.94
1758924000,2025-09-26 22:00:00,2,639.74,0.16,16.46,2.24,1.95,21.69,22.34,0.84
1758927600,2025-09-26 23:00:00,2,642.54,0.21,16.28,1.8,1.77,20.35,20.95,0.81
1758931200,2025-09-27 00:00:00,2,646.72,0.37,15.58,1.59,1.68,19.41,20.08,0.83
1758934800,2025-09-27 01:00:00,2,655.93,1.57,13.75,3.22,1.79,18.84,19.65,0.9
1758938400,2025-09-27 02:00:00,2,673.57,3.04,12.51,5.2,2.01,18.71,19.71,1
1758942000,2025-09-27 03:00:00,2,690.47,4.28,12.08,7.16,2.3,18.91,20.03,1.09
1758945600,2025-09-27 04:00:00,2,644.37,4.34,14.19,9.2,2.56,16.76,17.86,1.12
1758949200,2025-09-27 05:00:00,2,573.77,3.03,15.29,10.35,2.7,14.98,16.05,1.12
1758952800,2025-09-27 06:00:00,2,509.51,1.75,16,12.48,2.87,14.26,15.31,1.15
1758956400,2025-09-27 07:00:00,2,443.89,0.58,15.9,16.11,2.86,14.3,15.34,1.19
1758960000,2025-09-27 08:00:00,2,390.21,0.3,14.45,20.99,2.88,14.5,15.56,1.24
1758963600,2025-09-27 09:00:00,2,348.98,0.17,13.14,25.89,2.89,14.36,15.42,1.27
1758967200,2025-09-27 10:00:00,2,335.06,0.13,11.18,22.77,2.77,14.62,15.86,1.4
1758970800,2025-09-27 11:00:00,2,340.21,0.02,9.53,15.39,2.57,15.29,16.89,1.52
1758974400,2025-09-27 12:00:00,2,348.78,0.03,8.81,10.77,2.48,15.96,17.93,1.52
1758978000,2025-09-27 13:00:00,2,360.34,0.06,8.76,8.05,2.56,16.69,19.02,1.48
1758981600,2025-09-27 14:00:00,2,377.63,0.08,9.03,6.57,2.68,17.59,20.16,1.45
1758985200,2025-09-27 15:00:00,2,396.67,0.09,9.37,5.46,2.72,18.56,21.2,1.43
1758988800,2025-09-27 16:00:00,2,412.16,0.1,9.68,4.56,2.74,19.05,21.29,1.31
1758992400,2025-09-27 17:00:00,2,426.81,0.11,10.2,4.09,2.47,19.45,21.06,1.11
1758996000,2025-09-27 18:00:00,2,433.95,0.09,10.45,4.94,2.04,19.44,20.55,0.94
1758999600,2025-09-27 19:00:00,2,396.3,0.02,9,9.2,1.52,17.41,18.1,0.73
1759003200,2025-09-27 20:00:00,2,362.51,0.01,6.91,11.29,1.16,15.5,16.03,0.67
1759006800,2025-09-27 21:00:00,2,337.3,0.01,5.49,12.92,0.99,14.15,14.61,0.63
1759010400,2025-09-27 22:00:00,2,322.79,0.01,4.77,14.71,0.97,13.14,13.56,0.61
1759014000,2025-09-27 23:00:00,2,314.83,0.01,4.45,15.13,1.01,12.28,12.7,0.62
1759017600,2025-09-28 00:00:00,2,304.16,0.01,4.3,17.3,1.14,11.24,11.73,0.62
1759021200,2025-09-28 01:00:00,1,276.16,0.04,4.27,27.65,1.26,9.39,9.94,0.59
1759024800,2025-09-28 02:00:00,1,261.61,0.08,4.43,33.31,1.42,8.46,9.05,0.63
1759028400,2025-09-28 03:00:00,1,244.06,0.11,4.34,41.97,1.56,7.92,8.48,0.63
1759032000,2025-09-28 04:00:00,1,218.85,0.07,3.98,54.67,1.73,7.75,8.16,0.53
1759035600,2025-09-28 05:00:00,1,218.8,0.08,4.27,56.92,2,8.75,9.13,0.53
1759039200,2025-09-28 06:00:00,2,229.22,0.11,5.33,55.99,2.28,10.11,10.5,0.56
1759042800,2025-09-28 07:00:00,2,237.36,0.07,6.44,52.85,2.49,10.69,11.08,0.55
1759046400,2025-09-28 08:00:00,2,241.92,0.06,6.94,48.43,2.61,10.77,11.18,0.54
1759050000,2025-09-28 09:00:00,2,243.79,0.04,7.1,44.87,2.73,11.28,11.73,0.53
1759053600,2025-09-28 10:00:00,2,242.74,0.02,7.2,42.38,2.83,12.43,12.91,0.54
1759057200,2025-09-28 11:00:00,2,244.9,0,7.36,40.83,2.84,13.78,14.27,0.54
1759060800,2025-09-28 12:00:00,2,249.94,0,7.53,39.1,2.84,14.93,15.46,0.55
1759064400,2025-09-28 13:00:00,2,258.53,0,7.93,37.11,2.86,15.85,16.41,0.56
1759068000,2025-09-28 14:00:00,2,269.48,0,8.38,35.16,2.75,16.42,16.97,0.55
1759071600,2025-09-28 15:00:00,2,278.9,0,8.56,33.67,2.47,16.46,16.97,0.53
1759075200,2025-09-28 16:00:00,2,277.19,0,8.23,32.48,2.05,15.55,15.98,0.47
1759078800,2025-09-28 17:00:00,2,262.66,0,7.53,31.34,1.72,13.57,13.95,0.41
1759082400,2025-09-28 18:00:00,2,244.12,0,7.04,29.84,1.62,11.4,11.78,0.38
1759086000,2025-09-28 19:00:00,1,224.06,0,6.73,28.23,1.49,9.33,9.71,0.33
1759089600,2025-09-28 20:00:00,1,202.85,0,6.42,26.44,1.37,7.46,7.88,0.31
1759093200,2025-09-28 21:00:00,1,184.25,0,5.91,25.52,1.24,6,6.47,0.28
1759096800,2025-09-28 22:00:00,1,174.81,0,5.2,25.6,1.04,4.83,5.34,0.26
1759100400,2025-09-28 23:00:00,1,176.5,0,4.3,25.85,0.88,3.89,4.45,0.25
1759104000,2025-09-29 00:00:00,1,191.47,0,3.37,26.21,0.74,3.15,3.75,0.26
1759107600,2025-09-29 01:00:00,1,216.05,0.02,2.66,26.38,0.7,2.78,3.45,0.28
1759111200,2025-09-29 02:00:00,1,237.15,0.06,2.3,26.06,0.7,2.69,3.42,0.31
1759114800,2025-09-29 03:00:00,1,251.39,0.11,2.04,25.88,0.68,2.71,3.45,0.34
1759118400,2025-09-29 04:00:00,1,259.23,0.15,1.86,25.62,0.7,3.06,3.75,0.36
1759122000,2025-09-29 05:00:00,1,263.7,0.18,1.73,26.42,0.72,3.85,4.53,0.37
1759125600,2025-09-29 06:00:00,1,263.94,0.17,1.59,28.17,0.69,4.85,5.52,0.38
1759129200,2025-09-29 07:00:00,1,262.67,0.15,1.53,30.39,0.67,5.87,6.51,0.38
1759132800,2025-09-29 08:00:00,1,256.85,0.12,1.68,31.86,0.69,6.55,7.2,0.39
1759136400,2025-09-29 09:00:00,1,245.95,0.09,1.93,32.19,0.72,6.74,7.4,0.41
1759140000,2025-09-29 10:00:00,1,233.36,0.03,2.28,31.45,0.77,6.27,7,0.44
1759143600,2025-09-29 11:00:00,1,223.64,0,2.52,30.19,0.82,5.32,6.12,0.48
1759147200,2025-09-29 12:00:00,1,216.64,0,2.64,29.05,0.83,5.09,5.88,0.51
1759150800,2025-09-29 13:00:00,1,211.94,0,2.73,27.18,0.86,4.81,5.57,0.54
1759154400,2025-09-29 14:00:00,1,208.69,0,2.75,24.89,0.86,4.58,5.4,0.56
1759158000,2025-09-29 15:00:00,1,205.6,0,2.74,23.1,0.84,4.6,5.48,0.59
1759161600,2025-09-29 16:00:00,1,202.7,0,2.72,21.08,0.8,4.65,5.54,0.63
1759165200,2025-09-29 17:00:00,1,201.88,0,2.76,18.94,0.75,4.73,5.55,0.69
1759168800,2025-09-29 18:00:00,1,202.24,0.01,2.84,17.12,0.73,4.81,5.61,0.77
1759172400,2025-09-29 19:00:00,1,208.94,0.01,2.93,14.25,0.7,5.14,5.99,0.96
1759176000,2025-09-29 20:00:00,1,221.45,0.03,3.12,10.94,0.7,5.77,6.81,1.29
1759179600,2025-09-29 21:00:00,1,235.16,0.05,3.43,8.7,0.77,6.43,7.71,1.74
1759183200,2025-09-29 22:00:00,1,248.94,0.07,3.82,7.29,0.87,7.09,8.57,2.14
1759186800,2025-09-29 23:00:00,1,262.11,0.09,4.09,6.22,0.94,7.68,9.24,2.1
1759190400,2025-09-30 00:00:00,1,281.45,0.17,4.4,5.18,1.1,8.46,10.3,1.99
1759194000,2025-09-30 01:00:00,1,310.31,0.34,4.66,7.14,1.37,9.51,11.4,1.79
1759197600,2025-09-30 02:00:00,2,317.2,0.61,4.67,8.28,1.57,10,12.2,1.74
1759201200,2025-09-30 03:00:00,2,315.2,0.74,4.58,10.63,1.73,10.45,12.81,1.7
1759204800,2025-09-30 04:00:00,2,300.7,0.72,5.06,17.57,2.01,11.05,13.19,1.58
1759208400,2025-09-30 05:00:00,2,296.91,0.5,5.4,19.95,2.13,11.81,13.87,1.56
1759212000,2025-09-30 06:00:00,2,305.02,0.44,5.91,22.34,2.34,12.99,15,1.57
1759215600,2025-09-30 07:00:00,2,323.81,0.51,6.23,24.55,2.35,14.06,16.33,2.03
1759219200,2025-09-30 08:00:00,2,362.74,0.6,7.26,23.5,2.54,15.52,18.44,3.25
1759222800,2025-09-30 09:00:00,2,408.37,0.66,9.09,22.05,3.11,16.99,20.54,5.03
1759226400,2025-09-30 10:00:00,2,465.51,0.67,11.53,15.86,3.77,18.72,23,6.99
1759230000,2025-09-30 11:00:00,2,510.73,0.8,12.02,9.07,3.73,20.25,25.22,7.08
1759233600,2025-09-30 12:00:00,2,531.68,0.98,11.04,5.55,3.32,21.31,26.91,6.07
1759237200,2025-09-30 13:00:00,2,534.8,0.78,10.23,3.81,2.87,21.69,27.55,4.68
1759240800,2025-09-30 14:00:00,2,527.48,0.44,9.69,3.32,2.55,21.72,27.32,3.77
1759244400,2025-09-30 15:00:00,2,507.82,0.25,9.02,3.5,2.32,21.16,26.05,3.16
1759248000,2025-09-30 16:00:00,2,486.56,0.18,8.39,3.5,2.03,20.32,24.18,2.64
1759251600,2025-09-30 17:00:00,2,480.15,0.17,8.08,3.21,1.7,19.89,22.68,2.17
1759255200,2025-09-30 18:00:00,2,472.36,0.13,8.16,3.76,1.5,19.38,21.3,1.76
1759258800,2025-09-30 19:00:00,2,474.6,0.18,9.03,5.32,1.46,19.56,21.17,2.22
1759262400,2025-09-30 20:00:00,2,500.59,0.46,9.42,5.25,1.46,20.96,22.71,3.45
1759266000,2025-09-30 21:00:00,2,527.26,0.91,9.49,5.31,1.54,22.29,24.2,4.85
1759269600,2025-09-30 22:00:00,2,553.2,1.46,9.54,5.49,1.68,23.58,25.66,6.1
1759273200,2025-09-30 23:00:00,2,569.51,1.92,9.45,5.79,1.74,24.29,26.52,6.15
1759276800,2025-10-01 00:00:00,2,582.39,2.6,8.96,6.38,1.91,24.84,27.51,5.82
1759280400,2025-10-01 01:00:00,2,407.66,0.98,7.1,3.68,1.89,16.77,19.33,2.05
1759284000,2025-10-01 02:00:00,2,408.29,1.06,7.59,4.58,2.2,16.39,19.4,1.6
1759287600,2025-10-01 03:00:00,2,408.9,0.93,8.18,6.35,2.55,16.35,19.38,1.49
1759291200,2025-10-01 04:00:00,1,282.76,0.22,5.78,24.58,2.01,9.02,10.51,0.82
1759294800,2025-10-01 05:00:00,1,249.33,0.13,4.41,28.56,1.64,6.79,7.86,0.71
1759298400,2025-10-01 06:00:00,1,244.36,0.11,4.07,30.12,1.53,6.07,7.02,0.72
1759302000,2025-10-01 07:00:00,1,240.71,0.09,3.74,31.85,1.46,5.66,6.63,0.79
1759305600,2025-10-01 08:00:00,1,241.03,0.07,3.73,31.88,1.59,5.82,6.99,0.97
1759309200,2025-10-01 09:00:00,1,243.38,0.05,3.87,31.67,1.73,6.05,7.45,1.13
1759312800,2025-10-01 10:00:00,1,252.16,0.03,4.14,26.66,1.79,6.61,8.53,1.35
1759316400,2025-10-01 11:00:00,1,268.11,0.01,4.43,19.52,1.78,7.55,10.31,1.53
1759320000,2025-10-01 12:00:00,1,282.12,0.01,4.46,14.8,1.75,8.51,12.1,1.6
1759323600,2025-10-01 13:00:00,1,295.68,0.02,4.51,11.92,1.76,9.52,13.89,1.71
1759327200,2025-10-01 14:00:00,2,311.17,0.02,4.57,10.15,1.72,10.62,15.68,1.87
1759330800,2025-10-01 15:00:00,2,322.62,0.03,4.55,9.03,1.66,11.57,17.05,2.04
1759334400,2025-10-01 16:00:00,2,326.03,0.04,4.47,8.23,1.52,12.09,17.26,2.16
1759338000,2025-10-01 17:00:00,2,323.43,0.04,4.35,7.7,1.33,12.27,16.71,2.42
1759341600,2025-10-01 18:00:00,2,321.85,0.04,4.32,7.43,1.32,12.53,16.4,3.07
1759345200,2025-10-01 19:00:00,2,319.85,0.04,4.44,7.55,1.42,12.89,16.35,3.81
1759348800,2025-10-01 20:00:00,2,315.04,0.04,4.45,8.04,1.36,13.06,16.19,3.59
1759352400,2025-10-01 21:00:00,2,309.89,0.03,4.48,8.6,1.33,13.13,15.93,3.26
1759356000,2025-10-01 22:00:00,2,309.25,0.04,4.57,8.75,1.33,13.39,16,3.03
1759359600,2025-10-01 23:00:00,2,313.14,0.06,4.43,7.89,1.3,13.82,16.44,2.65
1759363200,2025-10-02 00:00:00,2,325.24,0.47,3.89,7.53,1.4,14.31,17.23,2.15
1759366800,2025-10-02 01:00:00,2,344.49,1.45,3.09,11.81,1.6,14,17.22,1.84
1759370400,2025-10-02 02:00:00,2,361.91,1.66,3.46,13.44,1.83,14.45,18.12,1.85
1759374000,2025-10-02 03:00:00,2,370.03,1.21,4.39,15.38,2.1,15.31,19.19,2.03
1759377600,2025-10-02 04:00:00,1,232.65,0.23,2.06,37.95,1.34,7.18,8.52,0.66
1759381200,2025-10-02 05:00:00,1,198.38,0.18,1.09,42.76,0.94,5.43,6.27,0.53
1759384800,2025-10-02 06:00:00,1,189.82,0.16,0.85,46.25,0.89,5.98,6.77,0.56
1759388400,2025-10-02 07:00:00,1,189.61,0.17,0.85,49.92,0.99,7.26,8.15,0.67
1759392000,2025-10-02 08:00:00,1,193.36,0.2,1.04,52.98,1.24,8.88,9.99,0.88
1759395600,2025-10-02 09:00:00,2,198.44,0.22,1.32,55.24,1.48,10.19,11.58,1.1
1759399200,2025-10-02 10:00:00,2,209.01,0.19,2.08,51.32,1.78,11.29,13.18,1.45
1759402800,2025-10-02 11:00:00,2,224.68,0.03,3.22,41.8,2.02,12.19,14.79,1.74
1759406400,2025-10-02 12:00:00,2,238.77,0,3.78,34.12,2.1,12.81,16.09,1.74
1759410000,2025-10-02 13:00:00,2,250.71,0,4.09,26.68,2.04,13.34,17.47,1.68
1759413600,2025-10-02 14:00:00,2,265.18,0,4.19,19.3,1.86,14.05,19.09,1.66
1759417200,2025-10-02 15:00:00,2,274.27,0.01,4.08,14.09,1.69,14.65,20.4,1.67
1759420800,2025-10-02 16:00:00,2,274,0.02,3.87,10.7,1.49,14.64,20.37,1.64
1759424400,2025-10-02 17:00:00,2,264,0.03,3.54,8.62,1.23,14.05,19.12,1.52
1759428000,2025-10-02 18:00:00,2,253.29,0.03,3.24,7.23,1.08,13.39,17.78,1.48
1759431600,2025-10-02 19:00:00,2,244.24,0.04,3.04,6.3,1.01,13.22,17.09,1.52
1759435200,2025-10-02 20:00:00,2,238.54,0.04,2.96,5.91,0.97,13.35,16.89,1.55
1759438800,2025-10-02 21:00:00,2,234.55,0.05,2.93,6.19,0.97,13.45,16.79,1.58
1759442400,2025-10-02 22:00:00,2,232.56,0.04,2.93,7.41,1.01,13.51,16.77,1.49
1759446000,2025-10-02 23:00:00,2,232.25,0.05,2.91,8.18,1.08,13.53,16.81,1.3
1759449600,2025-10-03 00:00:00,2,239.45,0.46,2.52,9.2,1.26,13.77,17.36,1.29
1759453200,2025-10-03 01:00:00,2,253.16,1.4,1.89,11.05,1.54,14.18,18.3,1.4
1759456800,2025-10-03 02:00:00,2,265.04,1.61,2.19,14.49,1.88,15.22,20.01,1.69
1759460400,2025-10-03 03:00:00,2,263.61,1.01,2.46,26.51,2.28,18.98,24.12,1.98
1759464000,2025-10-03 04:00:00,2,189.93,0.3,1.22,54.82,1.94,14.33,17.08,1.21
1759467600,2025-10-03 05:00:00,2,161.06,0.17,0.76,57.46,1.53,12.21,14.24,0.98
1759471200,2025-10-03 06:00:00,2,154.92,0.16,0.73,60.45,1.54,12.48,14.47,0.99
1759474800,2025-10-03 07:00:00,2,154.79,0.17,0.81,64.19,1.66,13.2,15.3,1.08
1759478400,2025-10-03 08:00:00,2,158.13,0.2,1.01,67.34,1.91,14.12,16.45,1.27
1759482000,2025-10-03 09:00:00,2,161.98,0.22,1.3,68.13,2.11,14.26,16.82,1.43
1759485600,2025-10-03 10:00:00,2,175.45,0.22,2.16,59.95,2.28,14.2,17.23,1.78
1759489200,2025-10-03 11:00:00,2,201.01,0.04,3.65,46.83,2.38,14.49,18.29,2.13
1759492800,2025-10-03 12:00:00,2,225.74,0,4.51,37.04,2.39,14.79,19.42,2.11
1759496400,2025-10-03 13:00:00,2,253.22,0,5.19,27.5,2.29,15.39,21.17,2.05
1759500000,2025-10-03 14:00:00,2,287.19,0.01,5.64,18.12,2.09,16.62,23.77,2.05
1759503600,2025-10-03 15:00:00,2,313.49,0.04,5.69,11.94,1.92,17.9,26.16,2.08
1759507200,2025-10-03 16:00:00,2,325.59,0.09,5.51,8.13,1.71,18.64,27.06,2.07
1759510800,2025-10-03 17:00:00,2,325.44,0.14,5.21,6.01,1.39,18.79,26.63,1.97
1759514400,2025-10-03 18:00:00,2,321.87,0.17,4.86,4.77,1.12,18.89,26.07,1.97
1759518000,2025-10-03 19:00:00,2,317.26,0.24,4.5,3.99,0.94,19.13,25.7,2.06
1759521600,2025-10-03 20:00:00,2,312.63,0.39,4.09,3.36,0.84,19.52,25.67,2.22
1759525200,2025-10-03 21:00:00,2,309.02,0.58,3.67,2.95,0.81,19.92,25.79,2.49
1759528800,2025-10-03 22:00:00,2,307.73,0.78,3.31,2.72,0.82,20.31,25.91,2.61
1759532400,2025-10-03 23:00:00,2,305.7,0.88,2.99,2.98,0.83,20.58,26.05,2.29
1759536000,2025-10-04 00:00:00,2,304.36,1.35,2.33,5.5,1.01,20.83,26.36,2.02
1759539600,2025-10-04 01:00:00,2,286.42,1.61,2.03,17.83,1.34,19.36,24.45,1.71
1759543200,2025-10-04 02:00:00,2,292.22,1.5,2.4,22.86,1.52,20.13,25.48,1.93
1759546800,2025-10-04 03:00:00,3,298.95,0.86,2.73,35.1,1.73,25.11,30.81,2.32
1759550400,2025-10-04 04:00:00,2,158.05,0.2,0.96,51.61,1.5,12.36,14.78,0.92
1759554000,2025-10-04 05:00:00,2,134.14,0.13,0.63,51.39,1.21,10.19,11.98,0.79
1759557600,2025-10-04 06:00:00,2,136.24,0.13,0.66,54.31,1.34,11.83,13.71,0.91
1759561200,2025-10-04 07:00:00,2,141.92,0.14,0.74,58.39,1.49,13.8,15.84,1.03
1759564800,2025-10-04 08:00:00,2,146.71,0.14,0.86,61.23,1.61,15.36,17.52,1.12
1759568400,2025-10-04 09:00:00,2,152.18,0.13,1.06,63.5,1.74,16.67,18.97,1.22
1759572000,2025-10-04 10:00:00,2,160.26,0.09,1.51,63.51,1.91,17.99,20.56,1.37
1759575600,2025-10-04 11:00:00,2,168.99,0.01,2.06,60.39,2.03,18.9,21.81,1.46
1759579200,2025-10-04 12:00:00,2,174.24,0,2.26,56.37,2,18.89,22.1,1.4
1759582800,2025-10-04 13:00:00,2,182.71,0,2.53,49.13,1.86,18.57,22.23,1.41
1759586400,2025-10-04 14:00:00,2,197.47,0,2.88,39.95,1.7,18.73,23,1.51
1759590000,2025-10-04 15:00:00,2,209.74,0,3.14,32.82,1.59,18.8,23.37,1.6
1759593600,2025-10-04 16:00:00,2,220.86,0,3.43,24.9,1.39,18.79,23.46,1.74
1759597200,2025-10-04 17:00:00,2,230.46,0.01,3.67,16.61,1.11,18.94,23.48,1.96
1759600800,2025-10-04 18:00:00,2,235.99,0.02,3.73,11.07,0.95,19.15,23.52,2.35
1759604400,2025-10-04 19:00:00,2,237.13,0.04,3.6,7.43,0.86,19.23,23.34,2.52
1759608000,2025-10-04 20:00:00,2,232.86,0.06,3.28,5.68,0.74,19.08,22.68,1.95
1759611600,2025-10-04 21:00:00,2,225.17,0.05,3,6.35,0.69,18.81,21.61,1.49
1759615200,2025-10-04 22:00:00,2,209.28,0.01,2.59,11.82,0.75,18.12,20.34,1.16
1759618800,2025-10-04 23:00:00,2,205.49,0.01,2.39,11.21,0.75,18.28,20.45,1.15
1759622400,2025-10-05 00:00:00,2,208.7,0.2,2.17,10.1,0.87,18.69,21.22,1.29
1759626000,2025-10-05 01:00:00,2,211.47,0.66,1.85,13.63,1.19,19.39,22.44,1.41
1759629600,2025-10-05 02:00:00,2,216.83,0.65,1.94,19.91,1.48,21.28,24.74,1.56
1759633200,2025-10-05 03:00:00,3,224.43,0.4,1.85,29.64,1.72,25.7,29.42,1.74
1759636800,2025-10-05 04:00:00,2,195.2,0.07,1.54,50.91,1.84,22.08,24.41,1
1759640400,2025-10-05 05:00:00,2,178.58,0.03,1.51,48.85,1.5,16.63,18.16,0.75
1759644000,2025-10-05 06:00:00,2,172.47,0.01,1.53,45.22,1.27,13.19,14.34,0.67
1759647600,2025-10-05 07:00:00,2,171.49,0.02,1.73,41.08,1.27,10.45,11.41,0.8
1759651200,2025-10-05 08:00:00,1,175.99,0.04,2.1,37,1.35,8.47,9.4,1.06
1759654800,2025-10-05 09:00:00,1,179.99,0.07,2.34,34.1,1.35,6.92,7.86,1.21
1759658400,2025-10-05 10:00:00,1,195.54,0.06,3.09,26.09,1.43,6.41,7.86,1.79
1759662000,2025-10-05 11:00:00,1,223.39,0.02,4.09,16.45,1.54,6.79,9.15,2.25
1759665600,2025-10-05 12:00:00,1,245.31,0.06,4.46,10.48,1.56,7.26,10.5,2.26
1759669200,2025-10-05 13:00:00,1,257.92,0.11,4.45,7.03,1.45,7.64,11.33,1.96
1759672800,2025-10-05 14:00:00,1,254.4,0.12,4.02,5.28,1.22,7.44,10.88,1.53
1759676400,2025-10-05 15:00:00,1,231.62,0.08,3.27,4.89,1.01,6.44,9.27,1.17
1759680000,2025-10-05 16:00:00,1,192.48,0.04,2.34,6.08,0.78,4.74,6.64,0.86
1759683600,2025-10-05 17:00:00,1,175.39,0.03,1.92,6.73,0.6,3.86,5.2,0.77
1759687200,2025-10-05 18:00:00,1,166.59,0.02,1.69,8.07,0.55,3.26,4.3,0.75
1759690800,2025-10-05 19:00:00,1,164.77,0.01,1.48,11.88,0.55,2.71,3.55,0.72
1759694400,2025-10-05 20:00:00,1,164.01,0.01,1.38,12.26,0.57,2.51,3.34,0.74
1759698000,2025-10-05 21:00:00,1,165.45,0.01,1.39,12.23,0.63,2.47,3.33,0.78
1759701600,2025-10-05 22:00:00,1,166.83,0.01,1.45,11.93,0.7,2.5,3.4,0.8
1759705200,2025-10-05 23:00:00,1,166.8,0.01,1.57,11.37,0.77,2.52,3.5,0.75
1759708800,2025-10-06 00:00:00,1,168.97,0.03,1.77,11.04,0.89,2.58,3.8,0.72
1759712400,2025-10-06 01:00:00,1,185.01,0.2,2.17,10.4,1,3.01,4.7,0.8
1759716000,2025-10-06 02:00:00,1,217.09,0.66,2.39,9.65,1.16,4.01,6.42,1.06
1759719600,2025-10-06 03:00:00,1,244.77,1.09,2.31,10.78,1.39,5.11,8.12,1.51
1759723200,2025-10-06 04:00:00,1,257.08,1.1,2.4,14.95,1.58,5.79,8.82,1.88
1759726800,2025-10-06 05:00:00,1,255.71,0.83,2.65,17.83,1.62,6.09,8.91,1.76
1759730400,2025-10-06 06:00:00,1,255.01,0.57,2.91,21.6,1.66,6.61,9.23,1.66
1759734000,2025-10-06 07:00:00,1,212.27,0.14,2.83,27.62,1.8,5.03,6.62,1.07
1759737600,2025-10-06 08:00:00,1,208.97,0.03,2.97,26.55,1.69,4.54,5.98,1.03
1759741200,2025-10-06 09:00:00,1,218.06,0.01,3.07,24.87,1.55,4.49,5.94,1.04
1759744800,2025-10-06 10:00:00,1,232.3,0.01,3.35,21.29,1.49,4.87,6.6,1.2
1759748400,2025-10-06 11:00:00,1,251.06,0,3.89,17.82,1.54,5.7,8.09,1.56
1759752000,2025-10-06 12:00:00,1,268.56,0.01,4.37,16.32,1.63,6.61,9.77,2.02
1759755600,2025-10-06 13:00:00,1,290.69,0.01,4.99,15.34,1.74,7.87,11.73,2.64
1759759200,2025-10-06 14:00:00,1,309.31,0.01,5.24,12.98,1.74,9.12,13.54,2.98
1759762800,2025-10-06 15:00:00,1,319.5,0.03,5,9.67,1.59,9.95,14.68,2.73
1759766400,2025-10-06 16:00:00,2,316.94,0.05,4.53,6.9,1.32,10.01,14.73,2.04
1759770000,2025-10-06 17:00:00,1,296.88,0.04,3.95,6.43,1,8.97,13.23,1.54
1759773600,2025-10-06 18:00:00,1,266.65,0.03,3.29,7.44,0.87,7.45,11,1.3
1759777200,2025-10-06 19:00:00,1,238.16,0.03,2.71,8.81,0.88,6.05,8.93,1.2
1759780800,2025-10-06 20:00:00,1,225.32,0.03,2.42,8.91,0.81,5.46,7.9,1.07
1759784400,2025-10-06 21:00:00,1,216.89,0.04,2.22,9.11,0.77,5.12,7.23,0.96
1759788000,2025-10-06 22:00:00,1,210.54,0.03,2.1,9.56,0.77,4.9,6.77,0.87
1759791600,2025-10-06 23:00:00,1,209.33,0.03,2.12,9.88,0.82,4.83,6.65,0.83
1759795200,2025-10-07 00:00:00,1,215.59,0.07,2.29,10.16,0.99,4.94,6.97,0.87
1759798800,2025-10-07 01:00:00,1,227.77,0.18,2.54,10.75,1.16,5.12,7.23,0.89
1759802400,2025-10-07 02:00:00,1,238.36,0.29,2.71,11.9,1.26,5.39,7.61,0.92
1759806000,2025-10-07 03:00:00,1,246.21,0.27,2.77,15.64,1.38,5.89,8.14,1.02
1759809600,2025-10-07 04:00:00,1,256.23,0.13,2.84,24.46,1.45,6.09,7.87,1.03
1759813200,2025-10-07 05:00:00,1,256.22,0.11,2.94,25.06,1.51,6.01,7.6,1
1759816800,2025-10-07 06:00:00,1,257.73,0.12,3.36,24.24,1.7,6.17,7.75,1.04
1759820400,2025-10-07 07:00:00,1,259.28,0.11,3.75,22.66,1.83,6.43,8.08,1.06
1759824000,2025-10-07 08:00:00,1,263.24,0.12,3.99,20.16,1.93,6.84,8.66,1.11
1759827600,2025-10-07 09:00:00,1,268.06,0.14,4.22,18.93,2.04,7.29,9.28,1.22
1759831200,2025-10-07 10:00:00,1,285.15,0.09,4.82,14.6,2.04,8.27,10.84,1.68
1759834800,2025-10-07 11:00:00,1,319.35,0.07,5.67,8.74,2.03,9.89,13.45,2.26
1759838400,2025-10-07 12:00:00,2,353.98,0.14,6.2,5.26,2.16,11.73,16.31,2.8
1759842000,2025-10-07 13:00:00,2,381.47,0.22,6.48,3.62,2.27,13.52,18.54,3.1
1759845600,2025-10-07 14:00:00,2,394.24,0.23,6.42,3.23,2.13,14.54,19.15,2.73
1759849200,2025-10-07 15:00:00,2,394.7,0.2,6.46,3.86,1.99,14.75,18.62,2.24
1759852800,2025-10-07 16:00:00,2,384.34,0.16,6.91,7.48,1.91,14.04,17.05,2.01
1759856400,2025-10-07 17:00:00,2,378.95,0.17,6.95,7.86,1.76,13.81,16.41,2.36
1759860000,2025-10-07 18:00:00,2,381.46,0.2,6.99,7.86,1.71,13.94,16.36,2.88
1759863600,2025-10-07 19:00:00,2,385.38,0.22,6.97,7.92,1.66,14.01,16.3,3.26
1759867200,2025-10-07 20:00:00,2,382.81,0.23,6.82,8,1.52,13.79,15.87,3.14
1759870800,2025-10-07 21:00:00,2,375.42,0.23,6.7,7.78,1.4,13.49,15.31,2.87
1759874400,2025-10-07 22:00:00,2,363.48,0.22,6.22,5.96,1.24,13.23,14.93,2.15
1759878000,2025-10-07 23:00:00,2,355.58,0.27,5.83,4.63,1.17,13.06,14.81,1.58
1759881600,2025-10-08 00:00:00,2,357.66,0.6,5.75,4.7,1.33,12.99,15.11,1.42
1759885200,2025-10-08 01:00:00,2,363.66,1.19,5.97,6.49,1.64,12.87,15.35,1.33
1759888800,2025-10-08 02:00:00,2,370.12,1.26,7.07,7.54,2.01,13.08,15.91,1.37
1759892400,2025-10-08 03:00:00,2,375.17,1,8.7,8.7,2.5,13.39,16.38,1.46
1759896000,2025-10-08 04:00:00,2,326.55,0.7,8.45,24.26,2.64,10.34,12.83,1.32
1759899600,2025-10-08 05:00:00,2,327.91,0.8,8.27,29.12,2.83,10.3,12.92,1.68
1759903200,2025-10-08 06:00:00,2,349.27,0.97,9.06,31.28,3.27,11.97,14.87,2.07
1759906800,2025-10-08 07:00:00,2,366.89,1.98,8.39,35.78,3.59,13.81,16.89,2.33
1759910400,2025-10-08 08:00:00,2,376.4,2.48,8.09,40.51,3.82,15.67,18.8,2.35
1759914000,2025-10-08 09:00:00,2,382.17,2.19,8.67,44.64,4.08,17.67,20.84,2.28
1759917600,2025-10-08 10:00:00,2,403.01,1.31,10.34,36.13,4.22,20.43,24.14,2.44
1759921200,2025-10-08 11:00:00,2,429.96,0.12,12,22.29,3.9,22.84,27.55,2.55
1759924800,2025-10-08 12:00:00,2,446.2,0.01,11.39,15.35,3.43,24.37,30.11,2.39
1759928400,2025-10-08 13:00:00,3,459.62,0.02,10.78,11.89,3.28,25.75,32.72,2.92
1759932000,2025-10-08 14:00:00,3,481.11,0.03,10.78,9.99,3.74,27.57,35.91,4.74
1759935600,2025-10-08 15:00:00,3,505.43,0.05,11.51,9.24,4.5,29.68,38.95,7.03
1759939200,2025-10-08 16:00:00,3,528.83,0.09,12.5,9.29,5.11,31.05,40.63,9.18
1759942800,2025-10-08 17:00:00,3,540.99,0.17,12.66,9.86,4.94,31.66,40.79,10.09
1759946400,2025-10-08 18:00:00,3,549.05,0.3,11.86,10.76,4.08,32.77,40.56,8.93
1759950000,2025-10-08 19:00:00,3,545.53,0.44,10.18,10.96,2.73,34.1,39.82,5.29
1759953600,2025-10-08 20:00:00,3,533.83,0.48,8.63,9.03,1.91,35.59,40.01,3.31
1759957200,2025-10-08 21:00:00,3,524.86,0.44,7.69,7.87,1.52,37.04,40.3,2.17
1759960800,2025-10-08 22:00:00,3,514.19,0.32,7.35,8.71,1.44,38.39,40.96,1.5
1759964400,2025-10-08 23:00:00,3,499.77,0.28,6.74,7.26,1.36,38.67,41.11,1.37
1759968000,2025-10-09 00:00:00,3,491.55,0.57,5.98,6.62,1.5,38.1,41,1.49
1759971600,2025-10-09 01:00:00,3,496.42,1.31,5.39,8.71,1.74,37.25,40.95,1.6
1759975200,2025-10-09 02:00:00,3,503.27,1.9,5.29,11.53,2.02,35.97,40.57,1.76
1759978800,2025-10-09 03:00:00,3,502.54,1.96,6.36,17,2.7,38.69,43.98,1.58
1759982400,2025-10-09 04:00:00,3,307.88,0.76,4.86,51.95,3.5,30.17,33.4,0.02
1759986000,2025-10-09 05:00:00,3,233.77,0.38,3.02,64.6,3.09,25.97,28.47,0
1759989600,2025-10-09 06:00:00,3,219.65,0.23,2.14,76.82,3.22,30.15,32.56,0
1759993200,2025-10-09 07:00:00,3,215.63,0.17,1.69,88.97,3.27,34.41,36.79,0
1759996800,2025-10-09 08:00:00,3,213.92,0.14,1.59,97,3.27,36.7,39.04,0
1760000400,2025-10-09 09:00:00,3,216.24,0.12,1.74,102.89,3.33,38.47,40.82,0
1760004000,2025-10-09 10:00:00,3,235.65,0.08,2.83,86.85,3.26,41.56,44.58,0.43
1760007600,2025-10-09 11:00:00,3,272.02,0.01,4.43,63.21,3.05,45.12,49.38,1.46
1760011200,2025-10-09 12:00:00,3,306.96,0,5.42,48.19,2.83,47.83,53.52,1.82
1760014800,2025-10-09 13:00:00,4,343.55,0,6.3,38.41,2.78,50.2,57.59,2.24
1760018400,2025-10-09 14:00:00,4,382.38,0,6.98,31.84,2.99,53,62.13,3.36
1760022000,2025-10-09 15:00:00,4,411.79,0,7.57,28.24,3.52,55.41,65.95,5.11
1760025600,2025-10-09 16:00:00,4,427.47,0,8.03,26.6,3.87,56.98,67.67,6.35
1760029200,2025-10-09 17:00:00,4,427.28,0,7.55,23.79,3.21,57.78,67.61,5.49
1760032800,2025-10-09 18:00:00,4,423.32,0,6.82,21.43,2.5,58.61,67.48,4.02
1760036400,2025-10-09 19:00:00,4,406.34,0,5.81,18.92,1.94,58.72,65.48,2.68
1760040000,2025-10-09 20:00:00,4,388.3,0.01,4.9,15.02,1.52,59.16,64.26,1.8
1760043600,2025-10-09 21:00:00,4,373.32,0.01,4.31,13.49,1.38,60.29,64.2,1.31
1760047200,2025-10-09 22:00:00,4,357.24,0.01,3.87,14.27,1.46,61.52,64.64,1.01
1760050800,2025-10-09 23:00:00,4,345.6,0.01,3.49,14.94,1.54,62.34,65.38,0.95
1760054400,2025-10-10 00:00:00,4,341.2,0.1,3.22,18.17,1.75,62.69,66.37,0.94
1760058000,2025-10-10 01:00:00,4,349.47,0.56,2.95,37.08,2.53,62.44,67.07,0.96
1760061600,2025-10-10 02:00:00,4,351.48,0.8,3.14,39.01,2.99,62.54,67.99,1.19
1760065200,2025-10-10 03:00:00,4,356.17,0.68,3.32,51.54,3.91,68.06,74.12,1.26
1760068800,2025-10-10 04:00:00,3,214.51,0.24,1.59,91.43,3.63,39.85,43.26,0.06
1760072400,2025-10-10 05:00:00,3,173.92,0.16,1.11,88.89,3.12,30.61,33.21,0
1760076000,2025-10-10 06:00:00,3,174.52,0.14,1.11,93.06,3.47,32.82,35.47,0
1760079600,2025-10-10 07:00:00,3,180.94,0.14,1.29,98.37,3.79,35.92,38.72,0.06
1760083200,2025-10-10 08:00:00,3,192.34,0.14,1.69,102.4,4.11,39.48,42.54,0.28
1760086800,2025-10-10 09:00:00,3,206.42,0.13,2.32,105.42,4.51,42.8,46.14,0.5
1760090400,2025-10-10 10:00:00,3,225.65,0.08,3.35,95.99,4.76,46.44,50.3,0.76
1760094000,2025-10-10 11:00:00,3,245.1,0,4.21,79.25,4.58,49.17,53.68,1.12
1760097600,2025-10-10 12:00:00,4,257.25,0,4.44,66.58,4.04,50.01,55.12,1.16
1760101200,2025-10-10 13:00:00,4,287.69,0,5.14,54.3,3.48,50.72,56.95,1.39
1760104800,2025-10-10 14:00:00,4,331.44,0,5.77,45,3.29,52.84,60.39,1.61
1760108400,2025-10-10 15:00:00,4,364.16,0,5.9,40.08,3.28,55.07,63.48,1.83
1760112000,2025-10-10 16:00:00,4,379.19,0,5.71,31.88,2.74,56.45,64.92,2.01
1760115600,2025-10-10 17:00:00,4,378.78,0,5.25,21.12,1.86,57.43,64.73,1.83
1760119200,2025-10-10 18:00:00,4,372.2,0.01,4.73,15,1.34,58.32,64.03,1.64
1760122800,2025-10-10 19:00:00,4,356.98,0.01,4.12,12.77,1.13,58.86,63.04,1.41
1760126400,2025-10-10 20:00:00,4,345.11,0.01,3.65,12.96,1.09,59.42,62.83,1.25
1760130000,2025-10-10 21:00:00,4,339.76,0,3.37,17.1,1.22,59.98,63.1,1.15
1760133600,2025-10-10 22:00:00,4,340.42,0,3.18,32.23,1.71,59.94,63.17,1.01
1760137200,2025-10-10 23:00:00,4,330.62,0,3.03,27.82,1.58,59.34,62.68,1.01
1760140800,2025-10-11 00:00:00,4,323.58,0.05,3.03,25.65,1.76,58.2,61.98,1.04
1760144400,2025-10-11 01:00:00,4,324.86,0.3,3.23,45.69,2.66,55.31,59.67,0.97
1760148000,2025-10-11 02:00:00,4,334.71,0.42,3.88,44.84,3.04,54.2,58.76,0.98
1760151600,2025-10-11 03:00:00,4,345.15,0.26,5.02,45.48,3.58,52.93,57.46,0.97
1760155200,2025-10-11 04:00:00,3,275.81,0.14,4.24,70.85,3.5,36.75,39.84,0.41
1760158800,2025-10-11 05:00:00,3,245.5,0.2,2.92,74.59,2.71,28.05,30.21,0.3
1760162400,2025-10-11 06:00:00,3,241.91,0.16,2.23,76.09,2.34,25.67,27.47,0.29
1760166000,2025-10-11 07:00:00,3,239.89,0.1,1.82,73.84,2.05,25.01,26.64,0.31
1760169600,2025-10-11 08:00:00,3,239.09,0.08,1.73,68.43,1.94,25.19,26.82,0.39
1760173200,2025-10-11 09:00:00,2,238.29,0.07,1.81,64.04,1.89,24.77,26.43,0.51
1760176800,2025-10-11 10:00:00,3,259.47,0.07,2.89,54.58,1.94,25.41,27.81,1.51
1760180400,2025-10-11 11:00:00,3,300.35,0.01,4.6,45.82,2.09,26.99,30.63,2.59
1760184000,2025-10-11 12:00:00,3,339.7,0,5.7,40.59,2.21,28.58,33.33,3.22
1760187600,2025-10-11 13:00:00,3,371.99,0,6.36,37.74,2.3,29.93,35.6,3.72
1760191200,2025-10-11 14:00:00,3,393.76,0,6.51,36.16,2.26,31.33,37.43,3.88
1760194800,2025-10-11 15:00:00,3,408.76,0,6.46,34.92,2.18,32.67,38.74,3.96
1760198400,2025-10-11 16:00:00,3,408.96,0,6.11,31.9,1.96,33.49,39.04,3.79
1760202000,2025-10-11 17:00:00,3,407.32,0.01,5.64,24.38,1.53,34.35,38.97,3.28
1760205600,2025-10-11 18:00:00,3,403.27,0.03,4.98,15.23,1.09,34.97,38.69,2.43
1760209200,2025-10-11 19:00:00,3,393.58,0.05,4.36,9.47,0.84,35.28,38.15,1.94
1760212800,2025-10-11 20:00:00,3,381.34,0.06,3.9,7.19,0.72,35.47,37.7,1.73
1760216400,2025-10-11 21:00:00,3,368.06,0.04,3.55,6.58,0.66,35.75,37.57,1.51
1760220000,2025-10-11 22:00:00,3,344.68,0.03,3.06,7.54,0.67,35.73,37.3,1.21
1760223600,2025-10-11 23:00:00,3,330.45,0.02,2.66,8.35,0.71,35.84,37.48,1.12
1760227200,2025-10-12 00:00:00,3,327.89,0.11,2.48,10.09,0.85,35.93,37.92,1.2
1760230800,2025-10-12 01:00:00,3,338.65,0.41,2.43,14.88,1.07,35.27,37.84,1.42
1760234400,2025-10-12 02:00:00,3,352.33,0.51,2.86,17.45,1.36,34.96,38.3,1.57
1760238000,2025-10-12 03:00:00,3,356.03,0.35,3.52,22.14,1.8,35.34,39.44,1.7
1760241600,2025-10-12 04:00:00,2,242.87,0.14,2.26,67.73,2.04,19.29,22.27,0.41
1760245200,2025-10-12 05:00:00,2,209.72,0.15,1.47,69.93,1.81,14.94,17.55,0.39
1760248800,2025-10-12 06:00:00,2,208.29,0.13,1.21,74.99,1.95,16.83,19.55,0.52
1760252400,2025-10-12 07:00:00,2,214.92,0.12,1.22,81.36,2.14,19.87,22.81,0.68
1760256000,2025-10-12 08:00:00,2,222.26,0.13,1.43,85.16,2.33,22.15,25.26,0.88
1760259600,2025-10-12 09:00:00,2,229.93,0.13,1.8,87.51,2.47,23.64,26.86,1.05
1760263200,2025-10-12 10:00:00,3,241.58,0.07,2.55,84.87,2.63,25.4,28.89,1.37
1760266800,2025-10-12 11:00:00,3,257.65,0,3.38,76.72,2.72,27.37,31.29,1.65
1760270400,2025-10-12 12:00:00,3,271.5,0,3.74,69.35,2.68,28.64,32.98,1.61
1760274000,2025-10-12 13:00:00,3,288.01,0,4.16,59.39,2.5,29.28,34.38,1.83
1760277600,2025-10-12 14:00:00,3,312.9,0,4.64,49.67,2.51,30.39,36.67,2.81
1760281200,2025-10-12 15:00:00,3,332.08,0,5.03,44.23,2.8,31.36,38.71,4.33
1760284800,2025-10-12 16:00:00,3,345.73,0,5.58,42.52,3.13,32.19,39.87,6.02
1760288400,2025-10-12 17:00:00,3,355.17,0,5.85,40.8,3.06,33.11,40.52,6.94
1760292000,2025-10-12 18:00:00,3,368.73,0,5.94,38.78,2.82,34.73,41.52,6.89
1760295600,2025-10-12 19:00:00,3,379.25,0,5.72,35.68,2.36,35.35,41.16,5.53
1760299200,2025-10-12 20:00:00,3,378.18,0.01,5.27,30.06,1.86,35.26,40.01,4.13
1760302800,2025-10-12 21:00:00,3,376.09,0.01,4.8,23.61,1.46,35.01,38.82,2.86
1760306400,2025-10-12 22:00:00,3,362.55,0,4.21,21.4,1.32,33.76,36.7,1.66
1760310000,2025-10-12 23:00:00,3,357.08,0.01,3.96,19.53,1.34,33.16,35.85,1.32
1760313600,2025-10-13 00:00:00,3,361.54,0.02,4.13,19.07,1.57,33.13,36.08,1.3
1760317200,2025-10-13 01:00:00,3,354.31,0.02,4.75,33.74,2.29,30.44,33.65,1.2
1760320800,2025-10-13 02:00:00,3,360.33,0.03,5.74,32.98,2.75,29.04,32.45,1.27
1760324400,2025-10-13 03:00:00,3,374.08,0.06,6.88,29.21,3.15,28.63,32.13,1.34
1760328000,2025-10-13 04:00:00,2,312.09,0.11,7.19,48.48,3.15,19.3,21.79,0.74
1760331600,2025-10-13 05:00:00,2,294.5,0.11,7.6,48.69,3.11,16.46,18.56,0.67
1760335200,2025-10-13 06:00:00,2,305.98,0.15,8.47,45.72,3.29,16.32,18.35,0.75
1760338800,2025-10-13 07:00:00,2,321.99,0.19,9.34,42.94,3.47,16.26,18.34,0.92
1760342400,2025-10-13 08:00:00,2,337.11,0.22,10.21,40.98,3.58,16,18.19,1.11
1760346000,2025-10-13 09:00:00,2,345.49,0.19,10.96,40.05,3.54,15.08,17.25,1.17
1760349600,2025-10-13 10:00:00,2,363.64,0.06,12.23,36.36,3.57,15.14,17.48,1.34
1760353200,2025-10-13 11:00:00,2,395.4,0,13.2,30.11,3.61,16.6,19.4,1.51
1760356800,2025-10-13 12:00:00,2,421.17,0,13.3,25.26,3.49,18.07,21.41,1.63
1760360400,2025-10-13 13:00:00,2,434.85,0.01,11.76,18.12,3.05,18.84,22.68,1.67
1760364000,2025-10-13 14:00:00,2,440.8,0.01,9.86,11.7,2.62,19.37,23.43,1.61
1760367600,2025-10-13 15:00:00,2,444.04,0.03,8.82,7.83,2.4,19.95,23.79,1.55
1760371200,2025-10-13 16:00:00,2,440.98,0.05,8.48,5.69,2.23,20.26,23.53,1.41
1760374800,2025-10-13 17:00:00,2,436.42,0.05,8.61,4.75,2.07,20.28,22.79,1.23
1760378400,2025-10-13 18:00:00,2,436.65,0.05,9.08,4.48,2.01,20.39,22.32,1.11
1760382000,2025-10-13 19:00:00,2,434,0.05,9.25,4.25,1.88,20.97,22.51,1.02
1760385600,2025-10-13 20:00:00,2,425.72,0.07,8.84,3.47,1.7,21.48,22.84,1.01
1760389200,2025-10-13 21:00:00,2,419.5,0.1,8.58,2.75,1.57,21.89,23.16,1.03
1760392800,2025-10-13 22:00:00,2,419.54,0.14,8.65,2.06,1.5,22.46,23.72,1.06
1760396400,2025-10-13 23:00:00,2,421.74,0.2,8.83,1.36,1.48,23.04,24.37,1.05
1760400000,2025-10-14 00:00:00,2,428.74,0.41,9.12,0.84,1.59,23.65,25.29,1.1
1760403600,2025-10-14 01:00:00,3,478.43,0.87,12.47,3.49,2.1,25.17,27,1.11
1760407200,2025-10-14 02:00:00,3,497.32,1.5,13.61,3.71,2.53,25.53,27.62,1.1
1760410800,2025-10-14 03:00:00,3,511.34,2.18,15.05,3.72,3.05,25.98,28.16,1.05
1760414400,2025-10-14 04:00:00,2,469.72,1.83,16.5,8.76,3.22,22.4,24.07,0.69
1760418000,2025-10-14 05:00:00,2,448.9,1.22,16.94,9.86,3.16,19.83,21.41,0.7
1760421600,2025-10-14 06:00:00,2,458.06,0.91,17.73,9.14,3.21,19.04,20.69,0.8
1760425200,2025-10-14 07:00:00,2,465.28,0.53,18.23,8.55,3.1,18.36,20.04,0.89
1760428800,2025-10-14 08:00:00,2,471.24,0.27,18.59,8.32,3.01,17.68,19.35,0.94
1760432400,2025-10-14 09:00:00,2,480.26,0.13,19.16,8.49,2.95,17.1,18.75,0.99
1760436000,2025-10-14 10:00:00,2,486.22,0.05,17.28,7.6,2.79,17.14,18.91,1.07
1760439600,2025-10-14 11:00:00,2,483.68,0.03,14.04,6.49,2.62,17.47,19.51,1.18
1760443200,2025-10-14 12:00:00,2,475.99,0.05,11.8,5.96,2.52,17.55,19.94,1.33
1760446800,2025-10-14 13:00:00,2,475.02,0.08,10.43,5.12,2.37,17.96,20.99,1.65
1760450400,2025-10-14 14:00:00,2,490.07,0.14,9.92,3.87,2.19,19.17,22.97,1.93
1760454000,2025-10-14 15:00:00,2,510.97,0.27,10.06,2.58,2.05,20.67,24.77,2.07
1760457600,2025-10-14 16:00:00,2,529.67,0.38,11.05,1.56,1.96,21.91,25.75,2.26
1760461200,2025-10-14 17:00:00,2,547.53,0.38,12.68,1.2,1.84,22.63,25.78,2.41
1760464800,2025-10-14 18:00:00,2,567.44,0.36,14.43,1.19,1.79,23.23,25.81,2.58
1760468400,2025-10-14 19:00:00,2,564.66,0.24,16.11,1.85,1.91,22.8,24.85,2.51
1760472000,2025-10-14 20:00:00,2,567.99,0.23,17.52,1.78,1.9,22.99,24.75,2.36
1760475600,2025-10-14 21:00:00,2,580.92,0.32,18.08,1.25,1.77,23.63,25.17,2.04
1760479200,2025-10-14 22:00:00,2,593.31,0.54,16.88,0.74,1.63,24.43,25.9,1.56
1760482800,2025-10-14 23:00:00,3,595.57,0.84,15.52,0.39,1.64,25.43,27.03,1.39
1760486400,2025-10-15 00:00:00,3,601.95,1.44,14.06,0.36,1.78,26.5,28.54,1.41
1760490000,2025-10-15 01:00:00,3,611.98,2.7,12.23,1.2,1.97,27.05,29.62,1.41
1760493600,2025-10-15 02:00:00,3,618.06,3.48,11.53,1.67,2.21,26.88,29.9,1.42
1760497200,2025-10-15 03:00:00,3,618.64,3.5,11.88,2.14,2.52,26.26,29.51,1.58
1760500800,2025-10-15 04:00:00,1,330.19,0.53,8.73,24.5,2.05,9.56,11.08,0.81
1760504400,2025-10-15 05:00:00,1,281.64,0.41,7.13,27.59,1.99,7.11,8.41,0.79
1760508000,2025-10-15 06:00:00,1,280.31,0.53,6.99,27.72,2.1,6.98,8.29,0.86
1760511600,2025-10-15 07:00:00,1,284.49,0.49,7.09,27.53,2.13,7.25,8.63,0.98
1760515200,2025-10-15 08:00:00,1,294.88,0.28,7.73,26.16,2.25,7.84,9.39,1.19
1760518800,2025-10-15 09:00:00,1,302.21,0.16,8.22,24.94,2.37,8.25,9.97,1.38
1760522400,2025-10-15 10:00:00,1,320.61,0.05,8.6,20.68,2.48,9.05,11.28,1.88
1760526000,2025-10-15 11:00:00,2,354.92,0.01,9.09,15.16,2.73,10.46,13.66,2.88
1760529600,2025-10-15 12:00:00,2,387.63,0.02,9.73,11.88,3.24,12.1,16.35,4.26
1760533200,2025-10-15 13:00:00,2,412.86,0.04,10.38,10.59,3.61,13.75,18.81,5.32
1760536800,2025-10-15 14:00:00,2,429.21,0.05,10.37,10.06,3.17,15.03,20.32,4.47
1760540400,2025-10-15 15:00:00,2,435.99,0.05,10.42,10,2.74,15.7,20.2,3.42
1760544000,2025-10-15 16:00:00,2,443.22,0.06,10.73,9.68,2.43,15.97,19.62,3.01
1760547600,2025-10-15 17:00:00,2,456.39,0.12,10.82,8.71,2.09,16.46,19.63,3.09
1760551200,2025-10-15 18:00:00,2,462.01,0.21,10.61,7.94,1.86,16.81,19.6,3.36
1760554800,2025-10-15 19:00:00,2,453.86,0.29,9.69,6.57,1.65,17.18,19.71,3.34
1760558400,2025-10-15 20:00:00,2,434.68,0.3,8.18,4.33,1.35,17.17,19.41,2.51
1760562000,2025-10-15 21:00:00,2,416.87,0.3,7.16,2.56,1.17,17.03,19,1.66
1760565600,2025-10-15 22:00:00,2,380.46,0.16,8.59,2.26,1.7,16.03,17.85,1.03
1760569200,2025-10-15 23:00:00,2,381.89,0.28,9.55,1.34,1.86,16.28,18.19,0.97
1760572800,2025-10-16 00:00:00,2,392.26,0.71,10.15,0.94,2.12,16.91,19.16,0.99
1760576400,2025-10-16 01:00:00,2,396.41,1.48,11.07,1.35,2.7,17.93,20.38,0.82
1760580000,2025-10-16 02:00:00,2,407.35,2.31,11.82,1.92,3.24,19.43,22.11,0.74
1760583600,2025-10-16 03:00:00,2,424.35,2.87,13.12,2.97,3.85,20.97,23.91,0.76
1760587200,2025-10-16 04:00:00,2,312.78,2.25,10.98,29.06,3.6,14.32,16.1,0.45
1760590800,2025-10-16 05:00:00,2,259.6,1.77,8.31,37.47,3.3,11.86,13.5,0.4
1760594400,2025-10-16 06:00:00,2,251.68,1.06,7.57,46.62,3.39,13.23,15.08,0.43
1760598000,2025-10-16 07:00:00,2,251.31,0.6,6.12,60.36,3.42,17.24,19.4,0.5
1760601600,2025-10-16 08:00:00,2,260.32,0.46,5.27,70.64,3.58,21.86,24.38,0.67
1760605200,2025-10-16 09:00:00,2,259.54,0.32,4.63,78.18,3.65,24.5,27.37,0.85
1760608800,2025-10-16 10:00:00,3,260.38,0.17,4.43,64.06,3.12,25.49,28.95,1.23
1760612400,2025-10-16 11:00:00,3,276.27,0.01,5.05,45.38,2.79,26.52,30.86,1.7
1760616000,2025-10-16 12:00:00,3,298.39,0,5.79,37.59,2.93,27.87,33.26,2.19
1760619600,2025-10-16 13:00:00,3,320.13,0,6.73,36.93,3.34,29.28,35.57,2.71
1760623200,2025-10-16 14:00:00,3,335.97,0,7.05,35.41,3.44,30.89,37.82,2.76
1760626800,2025-10-16 15:00:00,3,345.7,0,6.82,31.63,3.2,32.57,39.85,2.4
1760630400,2025-10-16 16:00:00,3,346.15,0,6.22,27.03,2.7,33.69,40.91,1.87
1760634000,2025-10-16 17:00:00,3,343.8,0,5.7,23.54,2.3,34.56,41.19,1.47
1760637600,2025-10-16 18:00:00,3,339.39,0,5.22,20.59,2.03,35.26,41.1,1.2
1760641200,2025-10-16 19:00:00,3,331.92,0,4.65,18.54,1.88,35.85,40.89,1
1760644800,2025-10-16 20:00:00,3,321.72,0.01,4.08,17.58,1.86,36.32,40.49,0.84
1760648400,2025-10-16 21:00:00,3,310.83,0.01,3.77,17.46,2.06,36.95,40.34,0.71
1760652000,2025-10-16 22:00:00,3,313.94,0.01,3.87,16.12,2.59,38.11,40.93,0.75
1760655600,2025-10-16 23:00:00,3,335.87,0.01,4.11,13.4,2.98,39.75,42.61,1.04
1760659200,2025-10-17 00:00:00,3,372.23,0.02,4.77,12.64,3.81,42.66,46.24,1.46
1760662800,2025-10-17 01:00:00,3,427.12,0.06,6.34,19.21,4.6,45.29,49.99,1.91
1760666400,2025-10-17 02:00:00,3,468.65,0.09,7.56,16.83,4.39,46.65,51.69,1.69
1760670000,2025-10-17 03:00:00,3,477.83,0.1,8.02,20.61,4.48,48.2,52.86,1.22
1760673600,2025-10-17 04:00:00,3,322.18,0.21,6.67,64.23,5.09,34.46,37.02,0.01
1760677200,2025-10-17 05:00:00,3,298.13,0.26,5.63,74.72,4.86,31.78,34.25,0.04
1760680800,2025-10-17 06:00:00,3,304.31,0.18,4.98,84.57,4.85,34.98,37.73,0.15
1760684400,2025-10-17 07:00:00,3,315.53,0.2,4.48,92.32,4.95,39.86,43,0.38
1760688000,2025-10-17 08:00:00,3,331.82,0.25,4.26,97.12,5.18,46.5,50.08,0.7
1760691600,2025-10-17 09:00:00,4,345.76,0.22,4.38,100.62,5.38,52.85,56.97,0.92
1760695200,2025-10-17 10:00:00,4,361.72,0.09,4.92,79.25,4.69,57.04,62.07,1.28
1760698800,2025-10-17 11:00:00,4,382.86,0,5.38,50.54,3.74,59.55,65.64,1.59
1760702400,2025-10-17 12:00:00,4,403.13,0,5.66,34.88,3.29,61.41,68.32,1.52
1760706000,2025-10-17 13:00:00,4,417.12,0,5.9,28.18,2.93,62.52,69.84,1.53
1760709600,2025-10-17 14:00:00,4,434.67,0,6.14,25.78,2.77,64.63,72.35,1.67
1760713200,2025-10-17 15:00:00,4,455,0,6.38,24.38,2.72,67.11,75.1,1.87
1760716800,2025-10-17 16:00:00,4,466.37,0,6.4,23.33,2.54,69.11,76.76,1.94
1760720400,2025-10-17 17:00:00,4,464.61,0,6.06,22.09,2.17,70.43,77.26,1.89
1760724000,2025-10-17 18:00:00,4,458.04,0,5.5,20.84,1.84,71.48,77.56,1.84
1760727600,2025-10-17 19:00:00,4,444.51,0,4.77,19.65,1.59,72,77.37,1.61
1760731200,2025-10-17 20:00:00,4,426.1,0,4.05,19.19,1.4,71.24,75.68,1.25
1760734800,2025-10-17 21:00:00,4,407.68,0,3.48,19.79,1.36,70.32,73.85,0.94
1760738400,2025-10-17 22:00:00,4,388.47,0,3.12,21.01,1.5,68.46,71.47,0.7
1760742000,2025-10-17 23:00:00,4,376.06,0,2.99,22.56,1.71,66.42,69.29,0.64
1760745600,2025-10-18 00:00:00,4,371.92,0.01,3.18,27.6,2.21,65.3,68.52,0.64
1760749200,2025-10-18 01:00:00,4,384.22,0.02,3.94,46.69,3.49,64,67.83,0.59
1760752800,2025-10-18 02:00:00,4,396.35,0.16,4.81,41.92,4.26,63.07,67.21,0.7
1760756400,2025-10-18 03:00:00,4,405.64,0.37,5.35,42.4,5.07,63.37,67.61,0.66
1760760000,2025-10-18 04:00:00,3,266.74,0.18,3.38,92.11,5.53,46.25,48.98,0
1760763600,2025-10-18 05:00:00,3,231.22,0.1,2.37,96.7,4.64,40.46,42.68,0
1760767200,2025-10-18 06:00:00,3,235.09,0.08,2.24,99.74,4.61,42.14,44.33,0
1760770800,2025-10-18 07:00:00,3,248.29,0.11,2.33,103.37,4.79,45.49,47.73,0
1760774400,2025-10-18 08:00:00,3,264.06,0.17,2.43,107.31,4.79,48.87,51.3,0.13
1760778000,2025-10-18 09:00:00,4,275.43,0.16,2.65,110.66,4.73,51.38,54.1,0.46
1760781600,2025-10-18 10:00:00,4,289.4,0.08,3.46,87.15,3.88,53.95,57.29,0.92
1760785200,2025-10-18 11:00:00,4,312.17,0,4.36,58.39,2.97,56.5,60.69,1.38
1760788800,2025-10-18 12:00:00,4,331.35,0,4.81,42.54,2.49,58.33,63.38,1.52
1760792400,2025-10-18 13:00:00,4,341.95,0,4.95,33.53,2.4,59.12,64.89,1.59
1760796000,2025-10-18 14:00:00,4,350.38,0,4.84,27.23,2.39,60.46,66.59,1.51
1760799600,2025-10-18 15:00:00,4,356.11,0,4.61,22.66,2.4,61.94,67.54,1.38
1760803200,2025-10-18 16:00:00,4,353.97,0.01,4.33,19.5,2.44,62.56,66.91,1.17
1760806800,2025-10-18 17:00:00,4,353.59,0.01,4.19,17.69,2.47,62.97,66.42,1.14
1760810400,2025-10-18 18:00:00,4,349.42,0.01,4.03,17.56,2.49,63.48,66.33,1.1
1760814000,2025-10-18 19:00:00,4,333.77,0.01,3.69,19.62,2.42,63.44,65.81,0.92
1760817600,2025-10-18 20:00:00,4,317.3,0.01,3.27,22.98,2.28,63.09,65.08,0.72
1760821200,2025-10-18 21:00:00,4,301.18,0,2.83,30.01,2.2,62.56,64.21,0.48
1760824800,2025-10-18 22:00:00,4,290.12,0,2.36,41.91,2.16,62.69,64.26,0.21
1760828400,2025-10-18 23:00:00,4,283.45,0,2,42.12,1.94,62.77,64.39,0.16
1760832000,2025-10-19 00:00:00,4,278.85,0.01,1.83,39.85,1.82,62.32,64.12,0.12
1760835600,2025-10-19 01:00:00,4,276.33,0.11,1.87,38.77,1.96,61.63,63.7,0.08
1760839200,2025-10-19 02:00:00,4,280.33,0.28,2.16,40.69,2.47,62.01,64.46,0.08
1760842800,2025-10-19 03:00:00,4,289.71,0.38,2.47,50.57,3.32,64.19,67,0.04
1760846400,2025-10-19 04:00:00,3,235.87,0.26,2.2,96.37,4.67,47.89,50.28,0
1760850000,2025-10-19 05:00:00,4,245.39,0.2,2.05,105.32,5.08,50.64,53.05,0.05
1760853600,2025-10-19 06:00:00,4,272.47,0.18,2.13,113.44,5.59,56.72,59.22,0.23
1760857200,2025-10-19 07:00:00,4,293.9,0.17,2.25,118.58,5.42,57.77,60.14,0.34
1760860800,2025-10-19 08:00:00,4,302.96,0.16,2.43,120.58,5.11,54.66,56.8,0.4
1760864400,2025-10-19 09:00:00,4,310.67,0.14,2.89,120.85,5.02,50.18,52.15,0.44
1760868000,2025-10-19 10:00:00,3,320.66,0.07,3.7,93.94,4.36,48.71,50.87,0.56
1760871600,2025-10-19 11:00:00,4,336.71,0,4.3,63.71,3.6,50.57,53.25,0.94
1760875200,2025-10-19 12:00:00,4,350.81,0,4.43,48.24,3.12,52.72,55.99,1.12
1760878800,2025-10-19 13:00:00,4,358.56,0,4.3,40.76,2.84,54.64,58.47,1.17
1760882400,2025-10-19 14:00:00,4,364.65,0,3.92,36.8,2.7,57.07,61.25,1.08
1760886000,2025-10-19 15:00:00,4,368.02,0,3.4,34.51,2.58,59.26,63.55,0.95
1760889600,2025-10-19 16:00:00,4,366.52,0,2.97,32.8,2.85,59.91,63.92,0.82
1760893200,2025-10-19 17:00:00,4,368.37,0,2.77,31.2,3.56,60.25,63.81,0.76
1760896800,2025-10-19 18:00:00,4,378.49,0,2.83,30.56,4.72,61,64.21,0.8
1760900400,2025-10-19 19:00:00,4,385.6,0,2.92,29.55,4.55,61.53,64.31,0.77
1760904000,2025-10-19 20:00:00,4,386.95,0,2.87,28.22,3.53,60.99,63.39,0.75
1760907600,2025-10-19 21:00:00,4,385.54,0,2.75,28.12,2.94,60.66,62.88,0.66
1760911200,2025-10-19 22:00:00,4,387.55,0,2.71,30.64,2.54,60.41,62.53,0.64
1760914800,2025-10-19 23:00:00,4,388.83,0,2.77,31.59,2.35,59.67,61.76,0.66
1760918400,2025-10-20 00:00:00,4,388.74,0.02,2.96,34.43,2.48,58.28,60.44,0.72
1760922000,2025-10-20 01:00:00,4,391.41,0.21,3.14,47.53,3.08,54.33,56.6,0.86
1760925600,2025-10-20 02:00:00,4,397.83,0.48,3.32,57.17,3.7,50.78,53.26,1.14
1760929200,2025-10-20 03:00:00,4,398.74,0.51,3.11,77.78,4.37,50.06,52.66,1.42
1760932800,2025-10-20 04:00:00,3,370.93,0.27,2.04,113.26,4.32,48.65,50.81,1.28
1760936400,2025-10-20 05:00:00,3,352.25,0.17,1.5,124.11,4.26,49.09,51.26,1.23
1760940000,2025-10-20 06:00:00,4,350.23,0.14,1.4,131.14,4.66,51.35,53.72,1.33
1760943600,2025-10-20 07:00:00,4,357.55,0.14,1.57,137.77,5.19,54.22,56.85,1.5
1760947200,2025-10-20 08:00:00,4,371.52,0.13,1.97,142.74,5.94,57.7,60.72,1.79
1760950800,2025-10-20 09:00:00,4,380.79,0.11,2.59,144.39,6.66,59.19,62.57,2.07
1760954400,2025-10-20 10:00:00,4,386.69,0.05,3.53,127.01,6.83,59.94,63.68,2.24
1760958000,2025-10-20 11:00:00,4,395.69,0,4.31,102.91,6.62,61.23,65.52,2.35
1760961600,2025-10-20 12:00:00,4,404.4,0,4.75,88.12,6.55,62.09,67.02,2.43
1760965200,2025-10-20 13:00:00,4,409.87,0,5.1,76.83,6.54,61.84,67.44,2.61
1760968800,2025-10-20 14:00:00,4,419.6,0,5.45,63.67,6.25,61.9,68.05,2.71
1760972400,2025-10-20 15:00:00,4,426.63,0,5.72,51.09,5.78,61.62,68.16,2.67
1760976000,2025-10-20 16:00:00,4,425.95,0,5.91,41.87,5.37,60.32,66.85,2.54
1760979600,2025-10-20 17:00:00,4,424.08,0,6.19,38.2,5.31,58.93,65.15,2.47
1760983200,2025-10-20 18:00:00,4,419.79,0,6.47,38.55,5.6,56.64,62.47,2.46
1760986800,2025-10-20 19:00:00,4,397.5,0,6.27,43.85,6.05,51.01,56.07,2.34
1760990400,2025-10-20 20:00:00,3,372.38,0,5.84,47.33,5.88,45.06,49.39,2.31
1760994000,2025-10-20 21:00:00,3,352.77,0,5.4,49.78,5.59,41.09,44.94,2.37
1760997600,2025-10-20 22:00:00,3,334.07,0,4.91,51.08,5.25,38.09,41.55,2.4
1761001200,2025-10-20 23:00:00,3,317.98,0,4.5,50.79,4.79,35.66,38.83,2.41
1761004800,2025-10-21 00:00:00,3,303.92,0.06,4.3,54.14,4.54,32.66,35.6,2.5
1761008400,2025-10-21 01:00:00,3,285.85,0.43,3.86,63.33,4.58,28.75,31.35,2.74
1761012000,2025-10-21 02:00:00,3,278.07,0.61,3.52,68.15,4.52,27.34,29.87,2.81
1761015600,2025-10-21 03:00:00,3,271.03,0.48,3.12,75.87,4.5,27.34,29.86,2.76
1761019200,2025-10-21 04:00:00,3,254.5,0.29,2.24,87.01,4.09,27.01,29.3,2.38
1761022800,2025-10-21 05:00:00,3,241.13,0.2,1.53,94.78,3.8,27.65,29.81,2.03
1761026400,2025-10-21 06:00:00,3,231.55,0.16,1.25,100.26,3.79,28.51,30.65,1.86
1761030000,2025-10-21 07:00:00,3,223.94,0.14,1.24,102.99,3.78,28.39,30.52,1.75
1761033600,2025-10-21 08:00:00,3,219.45,0.14,1.49,103.33,3.87,28.07,30.26,1.77
1761037200,2025-10-21 09:00:00,3,218.38,0.12,1.96,102.07,4.06,27.55,29.83,1.86
1761040800,2025-10-21 10:00:00,3,224.2,0.06,2.86,94.47,4.37,27.57,30.04,2.06
1761044400,2025-10-21 11:00:00,3,237.13,0,3.86,83.71,4.71,28.11,30.93,2.32
1761048000,2025-10-21 12:00:00,3,249.79,0,4.61,74.95,4.98,28.19,31.38,2.54
1761051600,2025-10-21 13:00:00,3,260.59,0,5.35,67.86,5.37,27.85,31.42,2.75
1761055200,2025-10-21 14:00:00,3,273.62,0,6.03,63.88,5.89,27.65,31.51,3.01
1761058800,2025-10-21 15:00:00,3,282.2,0,6.35,62.17,6.28,27.31,31.3,3.22
1761062400,2025-10-21 16:00:00,3,283.41,0,6.37,63.62,6.58,26.55,30.39,3.37
1761066000,2025-10-21 17:00:00,3,282.76,0,6.32,62.96,6.67,26.23,29.89,3.46
1761069600,2025-10-21 18:00:00,3,280.38,0,6.25,62.15,6.66,26.02,29.53,3.51
1761073200,2025-10-21 19:00:00,3,274.07,0,5.64,59.17,5.93,25.56,28.8,3.3
1761076800,2025-10-21 20:00:00,3,269.33,0,5.01,54.15,4.86,25.36,28.42,3
1761080400,2025-10-21 21:00:00,3,265.27,0,4.54,50.3,4.06,25.27,28.2,2.71
1761084000,2025-10-21 22:00:00,2,260.45,0,4.21,47.77,3.53,24.84,27.68,2.46
1761087600,2025-10-21 23:00:00,2,256.6,0,4.03,47.31,3.28,24.29,27.05,2.31
1761091200,2025-10-22 00:00:00,2,248.92,0.01,3.99,51.4,3.25,22.85,25.48,2.26
1761094800,2025-10-22 01:00:00,2,228.26,0.13,3.97,62.71,3.49,18.97,21.16,2.34
1761098400,2025-10-22 02:00:00,2,215.94,0.32,3.72,65.39,3.36,16.11,18.12,2.18
1761102000,2025-10-22 03:00:00,2,205.23,0.44,3.19,69.55,3.24,14.14,16.03,1.97
1761105600,2025-10-22 04:00:00,2,192.99,0.38,2.3,76.42,2.93,13.07,14.76,1.68
1761109200,2025-10-22 05:00:00,2,188.02,0.26,1.71,82.8,2.85,13.99,15.64,1.55
1761112800,2025-10-22 06:00:00,2,191.15,0.2,1.47,88.77,3.13,16.31,18.1,1.6
1761116400,2025-10-22 07:00:00,2,194.82,0.15,1.45,92.69,3.31,17.88,19.8,1.66
1761120000,2025-10-22 08:00:00,2,197.65,0.11,1.71,93.02,3.5,18.73,20.8,1.78
1761123600,2025-10-22 09:00:00,2,201.69,0.07,2.19,91.44,3.69,18.86,21.07,1.93
1761127200,2025-10-22 10:00:00,2,208.89,0.02,2.96,84.6,3.82,18.84,21.26,2.1
1761130800,2025-10-22 11:00:00,2,219.3,0,3.74,74.23,3.94,19.06,21.77,2.29
1761134400,2025-10-22 12:00:00,2,229.92,0,4.43,65.67,4.21,19.3,22.42,2.51
1761138000,2025-10-22 13:00:00,2,239.32,0,5.11,59.42,4.78,19.4,22.93,2.76
1761141600,2025-10-22 14:00:00,2,248.69,0,5.65,56.7,5.4,19.55,23.35,2.95
1761145200,2025-10-22 15:00:00,2,255.66,0,5.97,57.98,6.06,19.61,23.55,3.13
1761148800,2025-10-22 16:00:00,2,260.9,0,6.17,62.6,6.86,19.31,22.78,3.16
1761152400,2025-10-22 17:00:00,2,263.7,0,6.29,62.39,6.65,19.18,22.05,2.98
1761156000,2025-10-22 18:00:00,2,259.9,0,6.14,62.03,6.28,18.88,21.41,2.84
1761159600,2025-10-22 19:00:00,2,248.22,0,5.67,61.55,5.69,18.35,20.98,2.86
1761163200,2025-10-22 20:00:00,2,236.32,0,5.19,60.78,5.48,17.91,20.84,3.03
1761166800,2025-10-22 21:00:00,2,225.12,0,4.75,60.24,5.24,17.44,20.42,3.06
1761170400,2025-10-22 22:00:00,2,213.88,0,4.21,60.56,4.87,17.06,19.94,2.97
1761174000,2025-10-22 23:00:00,2,205.89,0,3.94,60.69,4.58,16.85,19.68,2.96
1761177600,2025-10-23 00:00:00,2,201.02,0.02,3.97,61.27,4.36,16.52,19.37,2.96
1761181200,2025-10-23 01:00:00,2,197.9,0.16,4.07,62.45,4.23,16.06,18.8,2.9
1761184800,2025-10-23 02:00:00,2,196.89,0.26,4.15,64.24,4.01,15.83,18.31,2.68
1761188400,2025-10-23 03:00:00,2,197.1,0.31,4.15,66.48,3.72,15.59,17.79,2.37
1761192000,2025-10-23 04:00:00,2,194.98,0.35,3.91,68.35,3.36,15.12,16.98,1.97
1761195600,2025-10-23 05:00:00,2,193.88,0.37,3.62,70.37,3.2,14.92,16.63,1.77
1761199200,2025-10-23 06:00:00,2,193.12,0.38,3.36,72.52,3.23,15.12,16.77,1.72
1761202800,2025-10-23 07:00:00,2,192.59,0.3,3.19,74.4,3.2,15.55,17.28,1.74
1761206400,2025-10-23 08:00:00,2,191.94,0.19,3.31,74.57,3.21,15.78,17.61,1.78
1761210000,2025-10-23 09:00:00,2,193.37,0.1,3.73,73.63,3.27,15.57,17.46,1.82
1761213600,2025-10-23 10:00:00,2,198.13,0.03,4.44,71.71,3.48,15.29,17.29,1.91
1761217200,2025-10-23 11:00:00,2,204.11,0,5.05,69.33,3.77,15.12,17.28,2
1761220800,2025-10-23 12:00:00,2,210.46,0,5.41,67.01,4.04,15.1,17.45,2.11
1761224400,2025-10-23 13:00:00,2,218.69,0,5.76,64.46,4.44,15.36,17.93,2.26
1761228000,2025-10-23 14:00:00,2,227.57,0,5.96,61.99,4.77,15.86,18.59,2.36
1761231600,2025-10-23 15:00:00,2,232.27,0,5.89,60.15,4.84,16.2,19.03,2.36
1761235200,2025-10-23 16:00:00,2,231.66,0,5.62,58.64,4.6,16.34,18.98,2.21
1761238800,2025-10-23 17:00:00,2,230.64,0,5.37,57.33,4.3,16.46,18.85,2.03
1761242400,2025-10-23 18:00:00,2,230.66,0,5.2,56.22,4.22,16.83,19.16,1.95
1761246000,2025-10-23 19:00:00,2,229.03,0,4.96,55.61,4.17,17.27,19.38,1.77
1761249600,2025-10-23 20:00:00,2,226.43,0,4.71,55.88,3.76,17.52,19.24,1.48
1761253200,2025-10-23 21:00:00,2,223.13,0,4.47,57.14,3.35,17.72,19.15,1.19
1761256800,2025-10-23 22:00:00,2,218.71,0,4.27,58.38,2.97,17.99,19.28,1
1761260400,2025-10-23 23:00:00,2,214.06,0,4.07,59.27,2.71,18.26,19.48,0.86
1761264000,2025-10-24 00:00:00,2,211.69,0,3.96,59.93,2.51,18.45,19.66,0.77
1761267600,2025-10-24 01:00:00,2,212.1,0.04,4.14,60.43,2.41,18.8,20.05,0.73
1761271200,2025-10-24 02:00:00,2,214.94,0.13,4.3,60.64,2.45,19.65,21.01,0.74
1761274800,2025-10-24 03:00:00,2,217.42,0.27,4.29,61.52,2.52,20.66,22.1,0.76
1761278400,2025-10-24 04:00:00,2,219.09,0.44,3.93,64.69,2.58,21.72,23.23,0.79
1761282000,2025-10-24 05:00:00,2,220.64,0.4,3.73,68.34,2.7,22.84,24.4,0.83
1761285600,2025-10-24 06:00:00,2,225.66,0.35,3.7,71.75,2.91,24.25,25.93,0.88
1761289200,2025-10-24 07:00:00,3,229.72,0.39,3.42,76.52,3.07,26.01,27.87,0.94
1761292800,2025-10-24 08:00:00,3,232.12,0.27,3.58,78.03,3.24,27.08,29.2,1.05
1761296400,2025-10-24 09:00:00,3,235.9,0.16,4.11,76.64,3.48,27.24,29.64,1.21
1761300000,2025-10-24 10:00:00,3,247.02,0.04,5.06,66.58,3.7,27.66,30.56,1.56
1761303600,2025-10-24 11:00:00,3,263.47,0,5.82,52.45,3.68,28.41,31.93,1.9
1761307200,2025-10-24 12:00:00,3,277.19,0,6.25,41.98,3.63,29.03,33.15,2.09
1761310800,2025-10-24 13:00:00,3,288.78,0,6.56,33.7,3.61,29.71,34.48,2.19
1761314400,2025-10-24 14:00:00,3,297.51,0,6.53,26.5,3.4,30.38,35.69,2.15
1761318000,2025-10-24 15:00:00,3,298.94,0.01,6.18,21.49,3.06,30.55,36.14,2.05
1761321600,2025-10-24 16:00:00,3,291.44,0.01,5.52,18.66,2.62,29.95,35.38,1.86
1761325200,2025-10-24 17:00:00,3,278.14,0.02,4.69,18.19,2.15,29.18,34.07,1.54
1761328800,2025-10-24 18:00:00,3,264.15,0.01,3.85,20.38,1.81,28.61,32.94,1.28
1761332400,2025-10-24 19:00:00,3,249.07,0,3.14,26.18,1.64,28.12,31.82,1.08
1761336000,2025-10-24 20:00:00,3,239.19,0,2.78,28.39,1.55,28.09,31.5,1.02
1761339600,2025-10-24 21:00:00,3,233.85,0,2.66,29.98,1.55,28.44,31.8,1.02
1761343200,2025-10-24 22:00:00,3,232.78,0,2.66,30.73,1.57,29.12,32.55,1.04
1761346800,2025-10-24 23:00:00,3,232.48,0,2.66,29.39,1.55,29.51,32.99,1.05
1761350400,2025-10-25 00:00:00,3,232.87,0.01,2.7,29.36,1.57,29.52,33.09,1.08
1761354000,2025-10-25 01:00:00,3,229.49,0.05,2.77,38.73,1.71,29.27,32.92,1.09
1761357600,2025-10-25 02:00:00,3,228.61,0.15,2.76,42.21,1.81,29.5,33.35,1.11
1761361200,2025-10-25 03:00:00,3,225.64,0.23,2.58,44.19,1.9,30.18,34.23,1.07
1761364800,2025-10-25 04:00:00,3,202.23,0.2,2.03,69.56,2.2,33.35,37.61,0.57
1761368400,2025-10-25 05:00:00,3,196.47,0.17,1.84,77.04,2.44,35.09,39.44,0.49
1761372000,2025-10-25 06:00:00,3,198.3,0.15,1.83,80.72,2.74,37.25,41.79,0.48
1761375600,2025-10-25 07:00:00,3,201.37,0.15,1.79,84.98,2.94,39.15,43.82,0.49
1761379200,2025-10-25 08:00:00,3,205.67,0.15,1.89,87.56,3.1,40.38,45.14,0.61
1761382800,2025-10-25 09:00:00,3,214.76,0.13,2.29,88.74,3.44,41.97,46.93,0.77
1761386400,2025-10-25 10:00:00,3,231.51,0.06,3.22,76,3.73,44.48,49.91,1.13
1761390000,2025-10-25 11:00:00,3,252.29,0,4.1,57.68,3.71,46.65,52.69,1.73
1761393600,2025-10-25 12:00:00,3,268.02,0,4.49,45.29,3.51,47.9,54.52,2.08
1761397200,2025-10-25 13:00:00,3,286.07,0,4.84,36.74,3.21,49.01,56.28,2.46
1761400800,2025-10-25 14:00:00,4,308.84,0,5.11,29.67,2.78,50.67,58.6,2.6
1761404400,2025-10-25 15:00:00,4,324.05,0.01,5.13,23.36,2.39,51.52,59.86,2.48
1761408000,2025-10-25 16:00:00,4,326.74,0.01,4.87,18.83,2.06,51.06,59.32,2.22
1761411600,2025-10-25 17:00:00,4,318.25,0.01,4.43,17.16,1.82,50.01,57.72,1.92
1761415200,2025-10-25 18:00:00,3,303.51,0.01,3.89,17.57,1.7,48.7,55.77,1.66
1761418800,2025-10-25 19:00:00,3,286.33,0.01,3.34,18.78,1.61,47.03,53.49,1.43
1761422400,2025-10-25 20:00:00,3,274.7,0.01,3,19.62,1.57,45.64,51.66,1.3
1761426000,2025-10-25 21:00:00,3,266.91,0.01,2.94,20.52,1.78,45.14,50.94,1.16
1761429600,2025-10-25 22:00:00,3,267.9,0.01,3.34,21.45,2.27,45.91,51.79,1.03
1761433200,2025-10-25 23:00:00,3,274.92,0.01,3.92,21.81,2.69,47.06,53.15,1.05
1761436800,2025-10-26 00:00:00,3,277.77,0.01,4.35,24.09,3.13,47.84,54.23,1.08
1761440400,2025-10-26 01:00:00,3,277.26,0.1,4.41,36.84,3.68,49.3,55.94,1
1761444000,2025-10-26 02:00:00,4,277.56,0.29,4.35,42.31,3.97,51.05,57.91,1.05
1761447600,2025-10-26 03:00:00,4,270.63,0.42,4.01,53.94,4.38,52.78,59.63,0.99
1761451200,2025-10-26 04:00:00,3,228.65,0.27,2.56,81.02,4.35,49.72,55.69,0.41
1761454800,2025-10-26 05:00:00,3,213.76,0.17,1.88,87.29,3.98,46.45,51.72,0.31
1761458400,2025-10-26 06:00:00,3,217.36,0.15,1.8,91.69,4.31,47.78,52.94,0.39
1761462000,2025-10-26 07:00:00,4,224.61,0.11,1.95,95.31,4.76,50.32,55.6,0.53
1761465600,2025-10-26 08:00:00,4,231.09,0.11,2.18,96.85,5.16,52.93,58.43,0.7
1761469200,2025-10-26 09:00:00,4,238.94,0.09,2.62,97.8,5.66,55.77,61.63,0.87
1761472800,2025-10-26 10:00:00,4,268.07,0.04,3.97,79.91,5.25,59.75,66.37,1.86
1761476400,2025-10-26 11:00:00,4,312.6,0,5.46,56.41,4.26,63.74,71.41,3
1761480000,2025-10-26 12:00:00,4,347.47,0,6.25,41.84,3.57,66.58,75.4,3.35
1761483600,2025-10-26 13:00:00,4,369.9,0,6.52,33.16,3.19,68.52,78.37,3.18
1761487200,2025-10-26 14:00:00,4,384.21,0,6.38,27.72,2.86,70.72,81.14,2.72
1761490800,2025-10-26 15:00:00,4,390.61,0,5.97,23.77,2.54,72.04,82.61,2.25
1761494400,2025-10-26 16:00:00,4,384.62,0,5.37,20.75,2.19,72.07,82.25,1.78
1761498000,2025-10-26 17:00:00,4,374.88,0,4.8,19.08,1.89,72.01,81.39,1.44
1761501600,2025-10-26 18:00:00,4,358.52,0.01,4.33,19.24,2.05,71.53,80.03,1.24
1761505200,2025-10-26 19:00:00,4,329.83,0.01,4.2,21.36,2.96,69.73,77.36,1.08
1761508800,2025-10-26 20:00:00,4,323.26,0.01,4.68,20.75,3.44,68.53,75.67,1.12
1761512400,2025-10-26 21:00:00,4,321.55,0.01,5.34,19.89,4.03,67.49,74.32,1.17
1761516000,2025-10-26 22:00:00,4,310.4,0.01,5.67,20.93,4.61,65.84,72.36,1.08
1761519600,2025-10-26 23:00:00,4,304.41,0,5.68,21.97,4.37,64.47,70.79,1.12
1761523200,2025-10-27 00:00:00,4,300.86,0.01,5.64,24.97,4.21,63.4,69.74,1.18
1761526800,2025-10-27 01:00:00,4,307.03,0.04,5.92,35.72,4.7,63.9,70.47,1.25
1761530400,2025-10-27 02:00:00,4,313.84,0.13,6.45,35.89,5.06,63.31,70.02,1.45
1761534000,2025-10-27 03:00:00,4,318.88,0.25,6.73,38.57,5.55,62.13,68.82,1.66
1761537600,2025-10-27 04:00:00,4,285.74,0.23,6.45,65.15,6.78,55.05,60.73,1.32
1761541200,2025-10-27 05:00:00,4,276.93,0.25,5.72,70.92,6.52,53.13,58.59,1.27
1761544800,2025-10-27 06:00:00,4,275.7,0.25,5.18,75.63,6.44,52.64,58.08,1.34
1761548400,2025-10-27 07:00:00,4,275.67,0.3,4.47,82.07,6.31,53.23,58.73,1.47
1761552000,2025-10-27 08:00:00,4,279.24,0.23,4.16,86.27,6.1,54.4,59.97,1.71
1761555600,2025-10-27 09:00:00,4,285.2,0.16,4.28,88.12,6.04,55.29,60.99,2.02
1761559200,2025-10-27 10:00:00,4,313.56,0.08,5.43,72.04,5.45,57.71,64.13,2.9
1761562800,2025-10-27 11:00:00,4,362.43,0,6.92,50.28,4.51,61.03,68.73,3.93
1761566400,2025-10-27 12:00:00,4,404.99,0,7.76,37.34,3.86,63.87,73.02,4.34
1761570000,2025-10-27 13:00:00,4,437.63,0,8.21,30.21,3.64,66.44,77.03,4.33
1761573600,2025-10-27 14:00:00,4,454.38,0,7.97,25.6,3.37,68.52,79.94,4.07
1761577200,2025-10-27 15:00:00,4,457.67,0,7.36,22.12,3.03,69.53,81.21,3.72
1761580800,2025-10-27 16:00:00,4,451.23,0,6.73,19.7,2.63,69.37,80.72,3.29
1761584400,2025-10-27 17:00:00,4,442.33,0,6.23,18.64,2.26,69.19,79.84,2.81
1761588000,2025-10-27 18:00:00,4,428.57,0,5.83,18.8,2.2,68.9,78.79,2.41
1761591600,2025-10-27 19:00:00,4,406.88,0,5.66,19.94,2.64,68.32,77.38,2.06
1761595200,2025-10-27 20:00:00,4,404.67,0,6.11,19.09,2.82,68.42,76.95,1.87
1761598800,2025-10-27 21:00:00,4,406.63,0,7.13,18.71,3.35,68.9,77.02,1.72
1761602400,2025-10-27 22:00:00,4,403.36,0,8.47,19.69,4.59,69.38,77.1,1.45
1761606000,2025-10-27 23:00:00,4,398,0,8.91,20.2,5.04,68.77,76.14,1.42
1761609600,2025-10-28 00:00:00,4,383.58,0.05,8.71,22.9,5.41,67.09,74.2,1.42
1761613200,2025-10-28 01:00:00,4,368.34,0.35,7.99,28.74,5.67,64.49,71.4,1.47
1761616800,2025-10-28 02:00:00,4,370.73,0.82,7.57,32.6,5.79,62.93,69.92,1.78
1761620400,2025-10-28 03:00:00,4,377.57,1.13,7.16,40.79,6.24,62.34,69.34,2
1761624000,2025-10-28 04:00:00,4,289.85,0.65,5.17,84.8,7.61,50.97,55.54,1.06
1761627600,2025-10-28 05:00:00,3,264.95,0.4,3.83,94.36,7.48,48.67,52.68,0.88
1761631200,2025-10-28 06:00:00,4,265.84,0.26,3.24,101.75,7.79,50.6,54.68,0.95
1761634800,2025-10-28 07:00:00,4,273.13,0.15,3.2,106.79,8.17,52.77,57.07,1.14
1761638400,2025-10-28 08:00:00,4,284.45,0.14,3.42,109.73,8.59,55.16,59.8,1.46
1761642000,2025-10-28 09:00:00,4,297.47,0.11,3.91,111.94,9.16,57.62,62.68,1.8
1761645600,2025-10-28 10:00:00,4,318.15,0.04,4.91,96.68,8.54,60.59,66.37,2.38
1761649200,2025-10-28 11:00:00,4,345.9,0,5.72,73.9,7.03,63.4,70.1,3
1761652800,2025-10-28 12:00:00,4,367.61,0,6.11,58.3,5.9,65.21,72.84,3.45
1761656400,2025-10-28 13:00:00,4,384.42,0,6.39,50.23,5.37,66.39,74.91,3.87
1761660000,2025-10-28 14:00:00,4,403.9,0,6.54,45.8,4.98,68.13,77.39,4.04
1761663600,2025-10-28 15:00:00,4,417.2,0,6.41,43.29,4.59,69.45,79.15,3.94
1761667200,2025-10-28 16:00:00,4,426.13,0,6.18,40.48,3.96,70.15,79.9,3.64
1761670800,2025-10-28 17:00:00,4,434.14,0,5.94,34.4,3.02,71.15,80.74,3.09
1761674400,2025-10-28 18:00:00,4,437.99,0,5.6,27.57,2.3,72.16,81.69,2.69
1761678000,2025-10-28 19:00:00,4,438.03,0,5.18,21.47,1.81,72.5,81.93,2.41
1761681600,2025-10-28 20:00:00,4,437.06,0.01,4.77,17.79,1.51,72.66,81.78,2.04
1761685200,2025-10-28 21:00:00,4,433.29,0.01,4.48,16.52,1.48,73.13,81.79,1.74
1761688800,2025-10-28 22:00:00,5,406.2,0.01,4.29,20.43,2.27,75.25,83.18,1.17
1761692400,2025-10-28 23:00:00,5,409.57,0.01,5.06,18.48,2.73,76.57,84.4,1.11
1761696000,2025-10-29 00:00:00,5,412.24,0.1,6.35,16.46,3.74,77.64,85.6,0.96
1761699600,2025-10-29 01:00:00,5,406.48,0.97,7.16,18.66,5.28,76.81,84.94,0.97
1761703200,2025-10-29 02:00:00,5,417.31,1.68,7.6,24.82,6.04,75.72,84.1,1.4
1761706800,2025-10-29 03:00:00,5,423.87,1.7,7.93,38.82,6.98,77.32,85.73,1.33
1761710400,2025-10-29 04:00:00,4,334.73,0.57,5.53,97.06,9.05,73.51,79.27,0.02
1761714000,2025-10-29 05:00:00,4,291.48,0.33,3.6,101.93,7.79,66.68,71.46,0
1761717600,2025-10-29 06:00:00,4,286.63,0.23,2.79,108.24,7.57,67.79,72.53,0
1761721200,2025-10-29 07:00:00,4,292.05,0.17,2.49,115.39,7.61,71.15,76.07,0.08
1761724800,2025-10-29 08:00:00,5,308.09,0.13,2.79,120.66,7.94,76.03,81.36,0.33
1761728400,2025-10-29 09:00:00,5,326.16,0.08,3.51,124.17,8.61,81.1,86.98,0.56
1761732000,2025-10-29 10:00:00,5,352.61,0.02,4.74,107.57,8.39,87.17,93.86,0.95
1761735600,2025-10-29 11:00:00,5,386.91,0,5.81,83.57,7.5,93.21,100.94,1.78
1761739200,2025-10-29 12:00:00,5,417.98,0,6.46,66.77,6.75,97.97,106.84,2.43
1761742800,2025-10-29 13:00:00,5,440.83,0,6.74,56.29,6.33,101.4,111.36,2.78
1761746400,2025-10-29 14:00:00,5,458.45,0,6.71,51.26,6.12,105,115.69,2.77
1761750000,2025-10-29 15:00:00,5,466.45,0,6.38,48.5,5.88,108.1,119.09,2.54
1761753600,2025-10-29 16:00:00,5,464.69,0,5.91,47.79,5.68,109.83,119.85,2.02
1761757200,2025-10-29 17:00:00,5,460.74,0,5.45,48.48,5.29,111.14,119.5,1.46
1761760800,2025-10-29 18:00:00,5,449.88,0,5.03,51.23,5.08,111.02,118,0.93
1761764400,2025-10-29 19:00:00,5,418.95,0,4.53,54.43,4.86,107.69,113.68,0.31
1761768000,2025-10-29 20:00:00,5,405.21,0,4.35,49.18,4.18,105.58,111.22,0.23
1761771600,2025-10-29 21:00:00,5,398.02,0,4.41,43.35,3.58,103.92,109.23,0.19
1761775200,2025-10-29 22:00:00,5,393.57,0,4.66,39.13,3.25,102.69,107.43,0.12
1761778800,2025-10-29 23:00:00,5,390.82,0,4.94,37.36,3.19,101.73,105.91,0.09
1761782400,2025-10-30 00:00:00,5,391.52,0,5.32,37.95,3.29,101.17,105.12,0.07
1761786000,2025-10-30 01:00:00,5,401.61,0.02,6.1,40.37,3.45,101.26,105.27,0.03
1761789600,2025-10-30 02:00:00,5,416.92,0.07,6.97,38.95,3.4,101.22,105.4,0.11
1761793200,2025-10-30 03:00:00,5,429.44,0.14,7.52,41.4,3.32,100.72,104.95,0.13
1761796800,2025-10-30 04:00:00,5,405.35,0.18,7.64,73.17,3.67,89.74,92.63,0.1
1761800400,2025-10-30 05:00:00,5,392.17,0.22,8.03,74.2,3.74,82.38,84.77,0.07
1761804000,2025-10-30 06:00:00,5,391.36,0.22,8.85,73.38,3.97,77.03,79.17,0.09
1761807600,2025-10-30 07:00:00,4,386.23,0.22,9.22,73.46,4.09,70.67,72.54,0.18
1761811200,2025-10-30 08:00:00,4,384.97,0.18,9.76,71.87,4.2,67.26,69.03,0.3
1761814800,2025-10-30 09:00:00,4,393.28,0.1,10.7,69.55,4.5,65.87,67.68,0.36
1761818400,2025-10-30 10:00:00,4,406.09,0.02,11.68,65.41,4.81,65.7,67.54,0.38
1761822000,2025-10-30 11:00:00,4,419.31,0,11.86,59.93,4.89,66.34,68.24,0.4
1761825600,2025-10-30 12:00:00,4,431.21,0,11.5,55.04,4.8,66.99,69.02,0.4
1761829200,2025-10-30 13:00:00,4,440.09,0,11.05,47.41,4.54,67.64,69.86,0.4
1761832800,2025-10-30 14:00:00,4,448.67,0,10.6,38.1,4.16,68.65,71.08,0.44
1761836400,2025-10-30 15:00:00,4,455.2,0,10.14,30.85,3.8,68.53,71.08,0.54
1761840000,2025-10-30 16:00:00,4,455.35,0,9.65,25.87,3.62,67.83,70.15,0.53
1761843600,2025-10-30 17:00:00,4,453.26,0,9.27,22.91,3.24,66.95,68.87,0.47
1761847200,2025-10-30 18:00:00,4,450.48,0,8.95,20.95,2.91,66.32,67.97,0.43
1761850800,2025-10-30 19:00:00,4,443.62,0,8.4,18.68,2.6,64.28,65.7,0.42
1761854400,2025-10-30 20:00:00,4,431.31,0,7.7,15.95,2.25,61.62,62.84,0.44
1761858000,2025-10-30 21:00:00,4,419.68,0.01,7.09,14.22,1.99,59.55,60.6,0.46
1761861600,2025-10-30 22:00:00,4,411.56,0.01,6.7,13.47,1.94,57.78,58.7,0.47
1761865200,2025-10-30 23:00:00,4,406.25,0.01,6.34,13.34,1.9,55.99,56.84,0.46
1761868800,2025-10-31 00:00:00,4,405.77,0.01,6.1,13.78,1.88,54.05,55.02,0.49
1761872400,2025-10-31 01:00:00,4,411.23,0.05,6.32,14.55,1.98,52.71,53.87,0.53
1761876000,2025-10-31 02:00:00,4,419.5,0.15,6.58,14.72,2.09,52.14,53.49,0.56
1761879600,2025-10-31 03:00:00,4,426.38,0.25,6.71,16.61,2.22,51.79,53.27,0.56
1761883200,2025-10-31 04:00:00,3,369.36,0.2,6.95,41.24,2.26,38.72,39.73,0.35
1761886800,2025-10-31 05:00:00,3,342.65,0.19,6.98,46.04,2.34,32.88,33.71,0.31
1761890400,2025-10-31 06:00:00,3,344.19,0.24,7.67,47.11,2.6,32.6,33.36,0.29
1761894000,2025-10-31 07:00:00,3,352.22,0.19,8.47,47.89,2.8,33.4,34.13,0.28
1761897600,2025-10-31 08:00:00,3,362.96,0.11,9.11,46.95,3.01,34.85,35.61,0.3
1761901200,2025-10-31 09:00:00,3,372.34,0.05,9.73,45.34,3.23,36.33,37.13,0.31
1761904800,2025-10-31 10:00:00,3,382.67,0.01,10.36,42.29,3.55,38.28,39.19,0.35
1761908400,2025-10-31 11:00:00,3,392.61,0,10.54,37.93,3.79,40.07,41.12,0.43
1761912000,2025-10-31 12:00:00,3,397.4,0,10.18,34.93,3.92,41.13,42.34,0.48
1761915600,2025-10-31 13:00:00,3,399.24,0,9.63,30.86,3.71,42.65,44.26,0.59
1761919200,2025-10-31 14:00:00,3,403.65,0,9.03,25.44,3.72,44.11,46.17,0.66
1761922800,2025-10-31 15:00:00,3,405.3,0,8.56,21.27,3.82,44.65,46.92,0.66
1761926400,2025-10-31 16:00:00,3,404.04,0,8.43,18.22,3.87,44.26,46.29,0.61
1761930000,2025-10-31 17:00:00,3,403.32,0,8.66,16.31,3.87,43.76,45.3,0.52
1761933600,2025-10-31 18:00:00,3,412.3,0,9.35,15.21,3.89,43.85,45.05,0.46
1761937200,2025-10-31 19:00:00,3,423.42,0,9.78,13.58,3.7,42.92,43.81,0.39
1761940800,2025-10-31 20:00:00,3,427.7,0.01,9.54,10.99,3.05,40.8,41.51,0.4
1761944400,2025-10-31 21:00:00,3,423.68,0.01,8.91,9.59,2.54,38.27,38.94,0.43
1761948000,2025-10-31 22:00:00,3,411.5,0.02,8.08,9.66,2.1,34.98,35.61,0.45
1761951600,2025-10-31 23:00:00,3,397.36,0.01,7.07,10.98,1.69,31.7,32.27,0.42
1761955200,2025-11-01 00:00:00,3,383.19,0.01,6.07,12.88,1.42,29.17,29.77,0.41
1761958800,2025-11-01 01:00:00,3,372.29,0.01,5.32,15.03,1.47,27.98,28.66,0.45
1761962400,2025-11-01 02:00:00,3,369.2,0.03,4.93,16.21,1.6,28.1,28.9,0.48
1761966000,2025-11-01 03:00:00,3,371.67,0.05,4.98,17.6,1.73,28.61,29.47,0.48
1761969600,2025-11-01 04:00:00,3,369.79,0.09,5.61,28.79,1.7,28.6,29.31,0.42
1761973200,2025-11-01 05:00:00,3,364.97,0.13,5.75,30.56,1.79,28.65,29.36,0.45
1761976800,2025-11-01 06:00:00,3,367.09,0.19,5.94,30.46,1.96,29.14,29.87,0.49
1761980400,2025-11-01 07:00:00,3,366.84,0.21,5.9,31.58,2.01,29.73,30.51,0.54
1761984000,2025-11-01 08:00:00,3,362.13,0.13,5.83,33.72,2.11,30.21,31.11,0.61
1761987600,2025-11-01 09:00:00,3,356.4,0.07,5.97,37.07,2.39,30.62,31.68,0.71
1761991200,2025-11-01 10:00:00,3,351.33,0.01,6.27,40.91,2.8,30.86,32.21,0.88
1761994800,2025-11-01 11:00:00,3,349.68,0,6.31,42.03,3.04,30.76,32.44,1.06
1761998400,2025-11-01 12:00:00,3,346.29,0,6.04,42.23,3.02,30.39,32.28,1.18
1762002000,2025-11-01 13:00:00,3,344.22,0,5.83,39.97,3.06,29.97,32.03,1.27
1762005600,2025-11-01 14:00:00,3,346.24,0,5.84,35.72,3.24,30.02,32.25,1.35
1762009200,2025-11-01 15:00:00,3,348.61,0,5.94,32.06,3.44,30.11,32.5,1.38
1762012800,2025-11-01 16:00:00,3,346.98,0,5.92,26.55,3.36,29.96,32.38,1.37
1762016400,2025-11-01 17:00:00,3,344.47,0,5.87,20.99,3.13,29.74,32.04,1.31
1762020000,2025-11-01 18:00:00,3,343.36,0,5.96,17.52,2.95,29.52,31.64,1.25
1762023600,2025-11-01 19:00:00,3,340.18,0,5.87,15.47,2.72,28.92,30.82,1.18
1762027200,2025-11-01 20:00:00,3,333.88,0,5.56,14.39,2.45,28.04,29.63,1.08
1762030800,2025-11-01 21:00:00,3,324.46,0,5.16,14.05,2.2,27.21,28.52,0.98
1762034400,2025-11-01 22:00:00,3,316.52,0.01,4.75,14.5,2.02,26.46,27.59,0.88
1762038000,2025-11-01 23:00:00,3,309.35,0.01,4.34,15.02,1.85,25.87,26.9,0.82
1762041600,2025-11-02 00:00:00,3,305.66,0.01,4.04,15.73,1.71,25.53,26.61,0.85
1762045200,2025-11-02 01:00:00,3,310.85,0.06,4.14,18.85,1.74,25.84,27.12,0.91
1762048800,2025-11-02 02:00:00,3,320.39,0.15,4.34,22.23,1.93,26.66,28.25,0.94
1762052400,2025-11-02 03:00:00,3,328.53,0.24,4.56,25.33,2.24,27.51,29.42,0.93
1762056000,2025-11-02 04:00:00,3,305.64,0.22,4.26,44.32,2.42,25.4,27.07,0.6
1762059600,2025-11-02 05:00:00,2,296.94,0.23,4.22,49.43,2.5,24.46,26.05,0.55
1762063200,2025-11-02 06:00:00,2,301.42,0.27,4.58,50.48,2.72,24.82,26.51,0.61
1762066800,2025-11-02 07:00:00,3,305.97,0.21,4.8,52.14,2.84,25.51,27.29,0.65
1762070400,2025-11-02 08:00:00,3,308.18,0.13,5.04,53.18,2.92,26.19,28.09,0.7
1762074000,2025-11-02 09:00:00,3,313.15,0.06,5.58,53.59,3.2,27.37,29.47,0.75
1762077600,2025-11-02 10:00:00,3,323.39,0.01,6.45,53.14,3.73,29.53,31.96,0.79
1762081200,2025-11-02 11:00:00,3,333.76,0,6.98,50.99,4.16,31.56,34.26,0.86
1762084800,2025-11-02 12:00:00,3,342.43,0,7.07,48.71,4.34,33.67,36.57,0.92
1762088400,2025-11-02 13:00:00,3,348.82,0,7.03,46.54,4.44,35.98,38.95,0.96
1762092000,2025-11-02 14:00:00,3,354.98,0,6.86,45.31,4.21,38.25,41,0.94
1762095600,2025-11-02 15:00:00,3,355.92,0,6.41,44.7,3.65,39.67,42.02,0.85
1762099200,2025-11-02 16:00:00,3,351.5,0,5.78,44.6,3,40.2,42.04,0.72
1762102800,2025-11-02 17:00:00,3,343.81,0,5.16,45.31,2.53,40.54,42.07,0.64
1762106400,2025-11-02 18:00:00,3,335.77,0,4.69,46.39,2.36,40.73,42.17,0.62
1762110000,2025-11-02 19:00:00,3,325.68,0,4.13,48.03,2.21,40.12,41.52,0.61
1762113600,2025-11-02 20:00:00,3,315.99,0,3.68,49.09,2.09,39.47,40.83,0.61
1762117200,2025-11-02 21:00:00,3,307.68,0,3.45,49.73,2.07,38.97,40.33,0.59
1762120800,2025-11-02 22:00:00,3,300.83,0,3.44,49.86,2.32,38.1,39.49,0.64
1762124400,2025-11-02 23:00:00,3,296.12,0,3.51,49.37,2.44,36.86,38.18,0.66
1762128000,2025-11-03 00:00:00,3,292.46,0,3.67,48.5,2.41,35.28,36.51,0.66
1762131600,2025-11-03 01:00:00,3,290.51,0.01,4.07,47.78,2.39,33.3,34.41,0.62
1762135200,2025-11-03 02:00:00,3,289.95,0.04,4.61,47.91,2.34,31.28,32.29,0.58
1762138800,2025-11-03 03:00:00,3,289.38,0.09,5.11,48.31,2.28,29.3,30.25,0.55
1762142400,2025-11-03 04:00:00,3,286.11,0.15,5.4,49.33,2.24,27.17,28.13,0.55
1762146000,2025-11-03 05:00:00,3,280.51,0.19,5.51,51.25,2.27,25.13,26.11,0.58
1762149600,2025-11-03 06:00:00,2,273.19,0.21,5.4,53.65,2.31,23.53,24.5,0.58
1762153200,2025-11-03 07:00:00,2,264.59,0.13,5.17,56.18,2.19,22.79,23.66,0.53
1762156800,2025-11-03 08:00:00,2,259.93,0.1,5.16,56.56,2.11,22.38,23.24,0.55
1762160400,2025-11-03 09:00:00,2,257.37,0.05,5.35,57.13,2.15,21.99,22.93,0.59
1762164000,2025-11-03 10:00:00,2,259.22,0.01,5.7,57.49,2.35,21.28,22.24,0.59
1762167600,2025-11-03 11:00:00,2,262.71,0,5.84,57.08,2.36,20.86,21.82,0.56
1762171200,2025-11-03 12:00:00,2,264.11,0,5.69,56.45,2.23,20.27,21.25,0.52
1762174800,2025-11-03 13:00:00,2,267.19,0,5.63,53.63,2.11,19.62,20.66,0.53
1762178400,2025-11-03 14:00:00,2,269.84,0,5.52,49.36,1.98,19.06,20.15,0.54
1762182000,2025-11-03 15:00:00,2,270.39,0,5.26,45.76,1.77,18.09,19.17,0.52
1762185600,2025-11-03 16:00:00,2,267.05,0,4.94,42.11,1.58,17.18,18.16,0.47
1762189200,2025-11-03 17:00:00,2,263.3,0,4.7,38.23,1.38,16.34,17.16,0.43
1762192800,2025-11-03 18:00:00,2,260.59,0,4.61,34.79,1.29,15.59,16.3,0.42
1762196400,2025-11-03 19:00:00,2,256.47,0,4.45,31.98,1.23,14.91,15.56,0.41
1762200000,2025-11-03 20:00:00,2,251.99,0,4.26,30.15,1.19,14.14,14.73,0.41
1762203600,2025-11-03 21:00:00,2,247.5,0,4.14,28.92,1.18,13.42,13.97,0.41
1762207200,2025-11-03 22:00:00,2,243.05,0,4.06,28.26,1.19,12.84,13.38,0.43
1762210800,2025-11-03 23:00:00,2,237.59,0,3.93,27.52,1.2,12.23,12.8,0.44
1762214400,2025-11-04 00:00:00,2,233.16,0,3.79,26.56,1.23,11.94,12.63,0.46
1762218000,2025-11-04 01:00:00,2,232.46,0.03,3.88,25.66,1.35,11.6,12.42,0.49
1762221600,2025-11-04 02:00:00,2,235.12,0.1,4.04,25.15,1.42,11.15,12.06,0.5
1762225200,2025-11-04 03:00:00,2,237.42,0.17,4.1,25.81,1.46,10.82,11.8,0.52
1762228800,2025-11-04 04:00:00,1,234.68,0.26,4,38.09,1.45,9.97,10.75,0.48
1762232400,2025-11-04 05:00:00,1,230.07,0.31,3.9,44.39,1.5,9.7,10.39,0.47
1762236000,2025-11-04 06:00:00,1,228.96,0.34,3.9,47.87,1.59,9.95,10.64,0.49
1762239600,2025-11-04 07:00:00,2,227.59,0.28,3.87,51.35,1.61,10.33,11.02,0.52
1762243200,2025-11-04 08:00:00,2,225.6,0.18,4.02,52.67,1.61,10.31,11.03,0.56
1762246800,2025-11-04 09:00:00,2,225.71,0.09,4.31,52.84,1.62,10.17,10.93,0.6
1762250400,2025-11-04 10:00:00,2,233.06,0.03,4.89,46.44,1.66,10.48,11.52,0.76
1762254000,2025-11-04 11:00:00,2,244.91,0,5.44,36.1,1.75,11.27,12.79,0.88
1762257600,2025-11-04 12:00:00,2,253.66,0,5.61,28.56,1.79,11.96,14,0.92
1762261200,2025-11-04 13:00:00,2,262.3,0,5.74,23.39,1.85,12.68,15.25,0.99
1762264800,2025-11-04 14:00:00,2,272.24,0,5.78,19.6,1.82,13.44,16.43,1.03
1762268400,2025-11-04 15:00:00,2,277.3,0,5.57,16.54,1.69,13.98,17.25,1.03
1762272000,2025-11-04 16:00:00,2,274.51,0,5.15,14.52,1.47,14.06,17.35,0.97
1762275600,2025-11-04 17:00:00,2,264.92,0,4.66,13.85,1.24,13.79,16.79,0.86
1762279200,2025-11-04 18:00:00,2,257.1,0,4.31,13.81,1.1,13.51,16.23,0.78
1762282800,2025-11-04 19:00:00,2,250.02,0.01,4.02,13.6,1.07,13.23,15.79,0.76
1762286400,2025-11-04 20:00:00,2,243.34,0.01,3.87,12.91,1.09,13.09,15.58,0.76
1762290000,2025-11-04 21:00:00,2,238.06,0.01,3.92,12.49,1.16,13.24,15.72,0.76
1762293600,2025-11-04 22:00:00,2,237,0.01,4.13,12.77,1.28,13.75,16.21,0.75
1762297200,2025-11-04 23:00:00,2,238.76,0.01,4.32,12.84,1.43,14.35,16.88,0.76
1762300800,2025-11-05 00:00:00,2,242.27,0.04,4.4,13.05,1.7,14.85,17.67,0.83
1762304400,2025-11-05 01:00:00,2,248.6,0.35,4.21,14.47,2.06,15.34,18.59,0.92
1762308000,2025-11-05 02:00:00,2,254.92,0.7,3.96,17.15,2.44,15.89,19.54,1.05
1762311600,2025-11-05 03:00:00,2,257.4,0.79,3.71,22.73,2.7,16.49,20.31,1.13
1762315200,2025-11-05 04:00:00,2,248.48,0.44,2.96,58.66,2.54,15.34,17.61,0.82
1762318800,2025-11-05 05:00:00,2,247.58,0.3,2.73,67.04,2.56,16,18.11,0.81
1762322400,2025-11-05 06:00:00,2,254.95,0.27,3.06,69.1,2.96,17.73,20.06,0.93
1762326000,2025-11-05 07:00:00,2,266.56,0.27,3.39,70.24,3.23,19.75,22.41,1.17
1762329600,2025-11-05 08:00:00,2,280.71,0.23,4.06,69.21,3.53,21.73,24.88,1.57
1762333200,2025-11-05 09:00:00,2,296.88,0.16,5.11,67.3,3.96,23.37,27.04,1.97
1762336800,2025-11-05 10:00:00,3,320.46,0.06,6.62,54.69,4.37,25.57,30.14,2.49
1762340400,2025-11-05 11:00:00,3,349.86,0,7.94,38.15,4.44,28.29,34.11,2.79
1762344000,2025-11-05 12:00:00,3,376.64,0,8.84,27.3,4.36,30.91,38.05,2.79
1762347600,2025-11-05 13:00:00,3,408.92,0,9.79,20.5,4.41,34.12,42.77,2.84
1762351200,2025-11-05 14:00:00,3,442.9,0,10.39,16.06,4.3,37.67,47.81,3.02
1762354800,2025-11-05 15:00:00,3,463.8,0.01,10.4,12.85,4.03,40.72,52.01,3.3
1762358400,2025-11-05 16:00:00,3,465.65,0.01,9.9,10.82,3.61,42.32,53.28,3.3
1762362000,2025-11-05 17:00:00,3,450.14,0.01,9.03,9.44,3.02,42.54,52.23,2.64
1762365600,2025-11-05 18:00:00,3,430.44,0.01,8.14,8.87,2.7,42.71,51.3,2.04
1762369200,2025-11-05 19:00:00,3,409.04,0.01,7.02,8.53,2.21,42.13,49.55,1.64
1762372800,2025-11-05 20:00:00,3,393.94,0.02,5.92,7.59,1.59,40.97,47.52,1.48
1762376400,2025-11-05 21:00:00,3,384.39,0.02,5.15,6.58,1.3,40.77,46.77,1.43
1762380000,2025-11-05 22:00:00,3,378.87,0.03,4.62,5.83,1.2,41.45,47.22,1.36
1762383600,2025-11-05 23:00:00,3,368.69,0.03,4.13,6.21,1.27,41.24,46.86,1.24
1762387200,2025-11-06 00:00:00,3,360.24,0.06,3.77,8.42,1.6,41.11,46.89,1.13
1762390800,2025-11-06 01:00:00,3,370.92,0.17,3.79,14.27,2.07,41.88,48.16,1.17
1762394400,2025-11-06 02:00:00,3,384.62,0.34,3.95,16.6,2.36,42.57,49.47,1.44
1762398000,2025-11-06 03:00:00,3,391.99,0.39,4.15,22.09,2.96,44.31,51.58,1.59
1762401600,2025-11-06 04:00:00,3,333.08,0.26,4.68,63.21,4.54,37.99,42.31,0.27
1762405200,2025-11-06 05:00:00,3,308.4,0.3,5.45,67.41,4.83,35.73,39.09,0
1762408800,2025-11-06 06:00:00,3,314.93,0.38,6.64,67.82,5.31,37.47,40.66,0
1762412400,2025-11-06 07:00:00,3,312.44,0.33,6.81,69.08,5.28,37.2,40.26,0
1762416000,2025-11-06 08:00:00,3,305.73,0.25,6.36,69.39,5.13,36.42,39.53,0
1762419600,2025-11-06 09:00:00,3,305.52,0.17,6.26,69.56,5.19,36.78,40.09,0.06
1762423200,2025-11-06 10:00:00,3,321.97,0.1,6.91,55.97,5.09,39.61,43.7,0.56
1762426800,2025-11-06 11:00:00,3,346.69,0,7.56,38.39,4.53,42.67,47.89,1.19
1762430400,2025-11-06 12:00:00,3,364,0,7.61,28.25,3.87,44.18,50.35,1.33
1762434000,2025-11-06 13:00:00,3,375.31,0,7.4,22.64,3.39,44.94,51.72,1.31
1762437600,2025-11-06 14:00:00,3,386.44,0,7.02,19.07,3.02,46.4,53.55,1.3
1762441200,2025-11-06 15:00:00,3,392.41,0.01,6.41,16.52,2.64,47.46,54.73,1.31
1762444800,2025-11-06 16:00:00,3,383.19,0.01,5.51,15.13,2.24,47,53.7,1.16
1762448400,2025-11-06 17:00:00,3,362.55,0,4.51,16.3,1.92,45.39,50.87,0.89
1762452000,2025-11-06 18:00:00,3,337.74,0,3.51,21.47,1.86,43.61,47.91,0.62
1762455600,2025-11-06 19:00:00,3,308.73,0,2.56,32.15,2.1,41.54,44.83,0.22
1762459200,2025-11-06 20:00:00,3,290.5,0,2.03,32.9,1.93,39.71,42.57,0.17
1762462800,2025-11-06 21:00:00,3,280.97,0,1.88,34.36,1.94,38.76,41.56,0.14
1762466400,2025-11-06 22:00:00,3,282.05,0,2.13,36.65,2.2,39.15,41.91,0.13
1762470000,2025-11-06 23:00:00,3,286.81,0,2.68,33.94,2.54,39.35,42.01,0.2
1762473600,2025-11-07 00:00:00,3,295.36,0,3.48,31.76,2.93,38.89,41.56,0.26
1762477200,2025-11-07 01:00:00,3,303.07,0.03,4.56,30.55,3.22,38.06,40.5,0.24
1762480800,2025-11-07 02:00:00,3,312.33,0.13,5.22,29,3.01,37.32,39.47,0.32
1762484400,2025-11-07 03:00:00,3,308.52,0.27,4.93,30.29,2.58,34.64,36.51,0.34
1762488000,2025-11-07 04:00:00,3,246.98,0.23,3.72,52.49,2.19,25.2,26.27,0.11
1762491600,2025-11-07 05:00:00,2,225.63,0.18,3.22,56.06,1.98,22.11,22.91,0.09
1762495200,2025-11-07 06:00:00,2,226.92,0.16,3.36,57.86,2.01,21.84,22.55,0.08
1762498800,2025-11-07 07:00:00,2,235.63,0.08,3.88,57.01,2.12,22.01,22.7,0.09
1762502400,2025-11-07 08:00:00,2,248.03,0.06,4.56,51.98,2.3,22.22,22.94,0.14
1762506000,2025-11-07 09:00:00,2,263.17,0.03,5.32,47.94,2.49,22.64,23.39,0.19
1762509600,2025-11-07 10:00:00,2,280.85,0,6.05,42.96,2.72,23.76,24.63,0.26
1762513200,2025-11-07 11:00:00,3,298.71,0,6.55,36.63,2.98,25.45,26.52,0.39
1762516800,2025-11-07 12:00:00,3,312.51,0,6.84,32.01,3.13,26.84,28.11,0.46
1762520400,2025-11-07 13:00:00,3,324.19,0,7.16,27.45,3.46,27.95,29.41,0.51
1762524000,2025-11-07 14:00:00,3,334.78,0,7.54,22.91,3.62,28.95,30.56,0.54
1762527600,2025-11-07 15:00:00,3,342.97,0,7.83,19.61,3.59,29.64,31.35,0.57
1762531200,2025-11-07 16:00:00,3,346.57,0,8,17.46,3.29,29.97,31.62,0.58
1762534800,2025-11-07 17:00:00,3,351.42,0,8.22,16.24,3.03,30.43,31.82,0.54
1762538400,2025-11-07 18:00:00,3,358.68,0,8.35,15.45,2.74,31,32.12,0.52
1762542000,2025-11-07 19:00:00,3,366.21,0,8.24,14.81,2.36,31.4,32.3,0.51
1762545600,2025-11-07 20:00:00,3,376.07,0,8.07,14.4,2.04,32.07,32.86,0.5
1762549200,2025-11-07 21:00:00,3,387.64,0,8.05,14.34,1.85,32.94,33.69,0.5
1762552800,2025-11-07 22:00:00,3,398.7,0,8.04,13.9,1.77,33.18,33.91,0.52
1762556400,2025-11-07 23:00:00,3,396.85,0,7.53,12.57,1.68,32.21,32.97,0.54
1762560000,2025-11-08 00:00:00,3,391.21,0.01,6.93,11.75,1.66,31,31.95,0.59
1762563600,2025-11-08 01:00:00,3,386.35,0.04,6.58,11.86,1.75,29.62,30.82,0.64
1762567200,2025-11-08 02:00:00,3,386.4,0.09,6.39,13.03,1.87,28.26,29.65,0.63
1762570800,2025-11-08 03:00:00,3,387.48,0.22,6.37,16.47,1.91,26.5,27.94,0.63
1762574400,2025-11-08 04:00:00,2,374.46,1.01,6.49,28.38,1.78,20.77,21.96,0.51
1762578000,2025-11-08 05:00:00,2,347.98,1.02,4.24,39.42,1.46,18.36,19.56,0.5
1762581600,2025-11-08 06:00:00,2,316.23,0.45,2.24,53.15,1.23,18.16,19.46,0.54
1762585200,2025-11-08 07:00:00,2,284.43,0.17,1.09,57.97,1.04,15.84,17.25,0.56
1762588800,2025-11-08 08:00:00,2,267.15,0.11,0.91,52.88,0.94,14.58,16.1,0.54
1762592400,2025-11-08 09:00:00,2,255.77,0.07,0.98,47.49,0.9,13.4,15,0.54
1762596000,2025-11-08 10:00:00,2,250.27,0.03,1.3,35.17,0.9,12.85,14.74,0.69
1762599600,2025-11-08 11:00:00,2,251.86,0,1.73,24.24,0.94,12.98,15.27,0.84
1762603200,2025-11-08 12:00:00,2,253.81,0.01,2,19.28,0.98,13.26,15.9,0.98
1762606800,2025-11-08 13:00:00,2,258.7,0.01,2.33,16.75,1.07,13.62,16.55,1.24
1762610400,2025-11-08 14:00:00,2,270.32,0.01,2.67,14.77,1.12,14.27,17.41,1.46
1762614000,2025-11-08 15:00:00,2,280.94,0.02,2.96,13.28,1.19,15.03,18.39,1.77
1762617600,2025-11-08 16:00:00,2,293.13,0.01,3.43,12.7,1.28,15.83,19.28,2.5
1762621200,2025-11-08 17:00:00,2,308.59,0.01,3.96,13.11,1.29,16.58,19.96,3.26
1762624800,2025-11-08 18:00:00,2,324.4,0.01,4.32,13.73,1.28,17.31,20.65,3.83
1762628400,2025-11-08 19:00:00,2,341.54,0.01,4.59,14.13,1.28,18.03,21.31,4.24
1762632000,2025-11-08 20:00:00,2,356.59,0.02,4.82,14.34,1.25,18.68,21.75,4.3
1762635600,2025-11-08 21:00:00,2,368.89,0.04,5.02,13.94,1.21,19.29,22.09,4.24
1762639200,2025-11-08 22:00:00,2,374.46,0.08,4.96,11.23,1.11,19.8,22.43,3.81
1762642800,2025-11-08 23:00:00,2,375.38,0.11,4.74,8.78,1.06,20.06,22.82,3.39
1762646400,2025-11-09 00:00:00,2,380.08,0.16,4.73,8.01,1.22,20.41,23.68,3.08
1762650000,2025-11-09 01:00:00,2,369.4,0.17,5.06,10.4,1.51,20.36,24.22,2.43
1762653600,2025-11-09 02:00:00,2,383.2,0.43,5.2,10.36,1.69,21.07,25.58,2.1
1762657200,2025-11-09 03:00:00,2,403.41,0.72,5.35,11.26,1.88,22.09,26.99,2.1
1762660800,2025-11-09 04:00:00,2,358.38,0.58,5.97,28.94,2.39,18.76,23.07,1.9
1762664400,2025-11-09 05:00:00,2,348.62,0.72,5.91,34.18,2.85,17.7,22.19,3.23
1762668000,2025-11-09 06:00:00,2,356.54,0.75,6.36,40.35,3.49,18.88,23.84,4.66
1762671600,2025-11-09 07:00:00,2,366.05,0.56,6.57,47.86,3.97,21.17,26.49,5.69
1762675200,2025-11-09 08:00:00,2,368.05,0.37,6.42,50.96,4.11,23.42,28.73,5.77
1762678800,2025-11-09 09:00:00,2,359.2,0.22,6.09,50.71,3.88,24.07,29.05,4.75
1762682400,2025-11-09 10:00:00,2,355.99,0.06,5.89,41.97,3.16,24.23,29.2,3.38
1762686000,2025-11-09 11:00:00,2,372.77,0,5.96,30.92,2.62,24.71,30.31,3.06
1762689600,2025-11-09 12:00:00,2,385.85,0,5.92,23.93,2.32,24.7,30.93,2.98
1762693200,2025-11-09 13:00:00,2,392.61,0,5.83,20.45,2.14,24.54,31.32,2.92
1762696800,2025-11-09 14:00:00,2,392.3,0,5.67,20.17,2.03,24.47,31.4,2.83
1762700400,2025-11-09 15:00:00,2,390.63,0,5.6,21.37,2,24.28,30.65,2.87
1762704000,2025-11-09 16:00:00,2,386.73,0,5.55,22.77,1.95,24.05,29.64,3.01
1762707600,2025-11-09 17:00:00,2,372.73,0,5.23,22.85,1.75,24.18,29.02,2.98
1762711200,2025-11-09 18:00:00,2,354.61,0,4.73,22.01,1.61,24.47,28.93,2.66
1762714800,2025-11-09 19:00:00,2,332.65,0,4.16,21.22,1.59,24.97,29.54,2.08
1762718400,2025-11-09 20:00:00,3,320.58,0,3.87,21.56,1.62,26.16,30.86,1.93
1762722000,2025-11-09 21:00:00,3,315.02,0,3.76,23.38,1.74,28.59,33.43,1.87
1762725600,2025-11-09 22:00:00,3,319.18,0,3.82,25.1,1.99,32.19,37.19,1.68
1762729200,2025-11-09 23:00:00,3,329.64,0.01,3.83,23.52,2.27,35.25,40.37,1.28
1762732800,2025-11-10 00:00:00,3,345.26,0.01,4.22,20.16,2.76,37.37,42.84,1
1762736400,2025-11-10 01:00:00,3,365.71,0.01,5.02,17.57,3.54,38.84,44.18,0.78
1762740000,2025-11-10 02:00:00,3,385.1,0.01,5.89,15.1,4.04,40.15,45.43,0.75
1762743600,2025-11-10 03:00:00,3,402.39,0.03,6.6,13.49,4.4,41.39,46.86,0.82
1762747200,2025-11-10 04:00:00,3,443.24,0.1,8.45,22.46,5.29,45.92,51.48,0.88
1762750800,2025-11-10 05:00:00,3,453.29,0.24,8.51,26.34,5.25,48.6,54.12,0.84
1762754400,2025-11-10 06:00:00,4,460.56,0.37,8.47,32.2,5.25,51.67,57.23,0.82
1762758000,2025-11-10 07:00:00,4,469.75,0.35,8.9,40.48,5.18,55.72,61.78,0.78
1762761600,2025-11-10 08:00:00,4,469.72,0.18,8.97,45.86,5.11,58.78,65.57,0.83
1762765200,2025-11-10 09:00:00,4,464.93,0.06,8.72,50.5,5.06,61.08,68.64,0.89
1762768800,2025-11-10 10:00:00,4,461.83,0.01,8.26,54.5,4.97,63.57,71.96,1.01
1762772400,2025-11-10 11:00:00,4,462.77,0,7.66,55.45,4.77,66.36,75.55,1.17
1762776000,2025-11-10 12:00:00,4,465.77,0,7.07,54.8,4.52,68.82,78.7,1.29
1762779600,2025-11-10 13:00:00,4,478.66,0,6.89,52.05,4.25,71.52,82.46,1.73
1762783200,2025-11-10 14:00:00,4,502.86,0,7,48.89,4.16,74.88,87.19,2.52
1762786800,2025-11-10 15:00:00,5,523.34,0,7.02,46.59,4.29,77.26,90.52,3.74
1762790400,2025-11-10 16:00:00,5,529.81,0,6.57,39.04,3.94,77.89,91.24,4.83
1762794000,2025-11-10 17:00:00,5,516.06,0,5.62,29.7,2.8,77.57,90.06,3.66
1762797600,2025-11-10 18:00:00,5,494.08,0,4.76,25.22,2.13,77.15,88.64,2.39
1762801200,2025-11-10 19:00:00,5,472.15,0,4.07,23.36,1.94,76.58,87.2,1.78
1762804800,2025-11-10 20:00:00,5,463.99,0,3.85,20.92,1.81,76.79,87.2,1.65
1762808400,2025-11-10 21:00:00,5,459.26,0,3.92,20.12,1.94,77.64,88.24,1.7
1762812000,2025-11-10 22:00:00,5,460.88,0,4.35,21.05,2.53,79.35,89.85,1.65
1762815600,2025-11-10 23:00:00,5,469.55,0,4.9,22.17,3.04,81.53,91.55,1.42
1762819200,2025-11-11 00:00:00,5,489.24,0,5.88,26.03,3.64,84.12,94.04,1.18
1762822800,2025-11-11 01:00:00,5,505.02,0.01,7.66,40.14,4.96,84.14,94.1,0.89
1762826400,2025-11-11 02:00:00,5,517.52,0.03,9.57,39.07,5.77,82.73,92.29,1
1762830000,2025-11-11 03:00:00,5,529.31,0.1,11.16,34.96,6.37,80.43,89.55,1.23
1762833600,2025-11-11 04:00:00,5,528.85,0.1,11.77,32.5,6.55,76.56,84.81,1.3
1762837200,2025-11-11 05:00:00,4,525.09,0.07,12.1,28.66,6.6,72.29,79.64,1.43
1762840800,2025-11-11 06:00:00,4,531.61,0.1,13.21,24.15,7.08,68.27,75.07,1.67
1762844400,2025-11-11 07:00:00,4,539.89,0.14,14.33,20.72,7.62,64.61,71.01,1.87
1762848000,2025-11-11 08:00:00,4,545.84,0.12,15.35,18.42,8.05,61.27,67.33,2.01
1762851600,2025-11-11 09:00:00,4,553.17,0.08,16.49,16.88,8.54,57.67,63.59,2.15
1762855200,2025-11-11 10:00:00,4,559.3,0.04,17.9,15.98,8.87,53.23,59.25,2.26
1762858800,2025-11-11 11:00:00,3,566.31,0.02,18.67,15.22,8.93,49.9,56.12,2.28
1762862400,2025-11-11 12:00:00,3,567.14,0.01,18.52,14.64,8.63,47.72,54.04,2.23
1762866000,2025-11-11 13:00:00,3,569.8,0.02,17.32,12.08,7.46,47.05,53.87,2.3
1762869600,2025-11-11 14:00:00,3,578.46,0.04,15.95,8.72,6.05,48.14,55.9,2.54
1762873200,2025-11-11 15:00:00,3,583.67,0.07,14.96,6.94,5.17,49.24,57.67,2.76
1762876800,2025-11-11 16:00:00,3,581.8,0.09,14.22,6.23,4.61,49.84,58.32,2.86
1762880400,2025-11-11 17:00:00,3,572.13,0.07,13.36,5.83,4.03,49.94,57.81,2.63
1762884000,2025-11-11 18:00:00,4,560.39,0.06,12.43,5.6,3.51,50.04,57.24,2.36
1762887600,2025-11-11 19:00:00,3,546.64,0.04,11.37,5.55,3.03,49.94,56.38,2.09
1762891200,2025-11-11 20:00:00,3,532.95,0.03,10.49,5.8,2.69,49.69,55.43,1.86
1762894800,2025-11-11 21:00:00,3,521.32,0.02,10.12,6.54,2.63,49.48,54.85,1.68
1762898400,2025-11-11 22:00:00,3,511.96,0.01,10.68,8.17,3.16,49.64,54.73,1.42
1762902000,2025-11-11 23:00:00,4,513.15,0.01,11.79,9.29,3.67,50.24,55.19,1.29
1762905600,2025-11-12 00:00:00,4,519.2,0.03,13,11.78,4.38,51.03,55.93,1.12
1762909200,2025-11-12 01:00:00,4,468.2,0.11,12.12,25.4,5.76,50.04,53.97,0.44
1762912800,2025-11-12 02:00:00,4,454.47,0.33,11.63,31.93,5.99,50.59,54.04,0.45
1762916400,2025-11-12 03:00:00,4,454.61,0.58,11.03,35.77,5.79,50.38,53.57,0.58
1762920000,2025-11-12 04:00:00,3,447.29,0.68,9.75,40.23,5.3,48.54,51.66,0.74
1762923600,2025-11-12 05:00:00,3,437.74,0.59,8.53,45.23,4.97,47.36,50.56,0.91
1762927200,2025-11-12 06:00:00,3,429.95,0.46,7.51,51.21,4.79,46.58,49.81,1.05
1762930800,2025-11-12 07:00:00,3,425.23,0.41,6.53,57.27,4.64,46.68,49.97,1.22
1762934400,2025-11-12 08:00:00,3,424.24,0.28,6.27,59.6,4.6,47.57,51.04,1.5
1762938000,2025-11-12 09:00:00,3,425.67,0.15,6.45,60.07,4.7,47.94,51.61,1.82
1762941600,2025-11-12 10:00:00,3,432.16,0.04,6.77,53.24,4.54,48.5,52.7,2.4
1762945200,2025-11-12 11:00:00,3,442.03,0,6.82,41.81,4.07,49.48,54.43,2.98
1762948800,2025-11-12 12:00:00,4,448.47,0,6.68,32.66,3.67,50.36,56.06,3.28
1762952400,2025-11-12 13:00:00,4,456.1,0,6.64,26.1,3.41,51.18,57.72,3.61
1762956000,2025-11-12 14:00:00,4,467.66,0,6.65,21.37,3.12,52.27,59.59,3.95
1762959600,2025-11-12 15:00:00,4,476.48,0,6.55,18.38,2.84,53.04,60.81,4.14
1762963200,2025-11-12 16:00:00,4,474.01,0,6.24,17,2.53,53.03,60.6,4.06
1762966800,2025-11-12 17:00:00,4,457.47,0,5.63,14.73,2.09,52.28,59.16,3.66
1762970400,2025-11-12 18:00:00,4,434.65,0.01,4.94,13.29,1.76,51.3,57.53,3.12
1762974000,2025-11-12 19:00:00,4,413.12,0.01,4.31,12.56,1.5,50.14,55.84,2.64
1762977600,2025-11-12 20:00:00,3,398.45,0.01,3.94,12.01,1.33,49.24,54.62,2.37
1762981200,2025-11-12 21:00:00,3,389.35,0.01,3.87,11.73,1.34,48.7,53.99,2.19
1762984800,2025-11-12 22:00:00,3,386.58,0.01,4.26,12.29,1.62,48.56,53.89,2.08
1762988400,2025-11-12 23:00:00,3,388.05,0.01,4.73,13.63,1.94,48.33,53.65,2.08
1762992000,2025-11-13 00:00:00,3,393.01,0.01,5.35,17.07,2.51,48.14,53.59,2.13
1762995600,2025-11-13 01:00:00,3,402.23,0.22,6.33,35.53,4.22,47.07,52.13,1.74
1762999200,2025-11-13 02:00:00,3,395.22,0.83,6.6,47.48,5.56,46.94,52.26,1.64
1763002800,2025-11-13 03:00:00,3,369.48,1.15,6.05,65.87,6.77,48.29,53.92,1.46
1763006400,2025-11-13 04:00:00,3,293.89,0.6,3.41,94.06,6.31,48.44,53.54,0.78
1763010000,2025-11-13 05:00:00,4,267.01,0.3,1.97,106.89,5.61,50.01,54.91,0.75
1763013600,2025-11-13 06:00:00,4,260.93,0.2,1.48,115.36,5.52,52.03,56.95,0.88
1763017200,2025-11-13 07:00:00,4,263.87,0.17,1.42,120.88,5.53,54.09,59.11,1.1
1763020800,2025-11-13 08:00:00,4,270.99,0.16,1.69,121.87,5.62,56.01,61.26,1.44
1763024400,2025-11-13 09:00:00,4,279.47,0.12,2.17,121.24,5.86,57.25,62.79,1.79
1763028000,2025-11-13 10:00:00,4,301.29,0.04,3.27,100.41,5.53,59.1,65.33,2.6
1763031600,2025-11-13 11:00:00,4,336.3,0,4.39,74.58,4.82,61.68,69.04,3.66
1763035200,2025-11-13 12:00:00,4,369.84,0,5.14,59.36,4.29,64.3,72.97,4.59
1763038800,2025-11-13 13:00:00,4,401.49,0,5.81,51.2,4.11,66.32,76.38,5.66
1763042400,2025-11-13 14:00:00,4,435.66,0,6.34,45.49,4.01,68.98,80.45,6.46
1763046000,2025-11-13 15:00:00,4,459.5,0,6.61,41.17,3.96,71.1,83.75,6.84
1763049600,2025-11-13 16:00:00,4,473.47,0,6.75,39.84,3.91,72.3,85.45,7.15
1763053200,2025-11-13 17:00:00,4,480.99,0,6.64,41.61,3.64,73.13,85.93,7.09
1763056800,2025-11-13 18:00:00,4,482.93,0,6.31,44.6,3.45,73.83,86.07,6.93
1763060400,2025-11-13 19:00:00,4,478.52,0,5.74,48.42,3.4,74.61,86.1,6.59
1763064000,2025-11-13 20:00:00,5,472.66,0,5.22,52.36,3.43,75.79,86.63,6.15
1763067600,2025-11-13 21:00:00,5,466.78,0,4.85,54.83,3.46,76.82,87.24,5.79
1763071200,2025-11-13 22:00:00,5,456.65,0,4.44,44.7,2.71,77.01,87.16,4.38
1763074800,2025-11-13 23:00:00,5,449.3,0,4.05,33.04,2.09,76.64,86.66,3.27
1763078400,2025-11-14 00:00:00,5,450.38,0.04,3.99,25.83,2.14,77.83,88.1,2.5
1763082000,2025-11-14 01:00:00,5,440.14,0.42,3.71,26.51,3.17,79.21,89.63,2.07
1763085600,2025-11-14 02:00:00,5,456.42,0.89,3.94,31.89,4.32,80.78,91.63,2.65
1763089200,2025-11-14 03:00:00,5,485.67,0.98,4.61,48.39,6.47,84.37,95.65,3.16
1763092800,2025-11-14 04:00:00,4,320.86,0.53,3.69,117.53,16.75,68.8,76.61,0.78
1763096400,2025-11-14 05:00:00,4,276.85,0.28,2.24,127.36,14.29,65.77,72.29,0.14
1763100000,2025-11-14 06:00:00,4,273.95,0.2,1.81,135.36,13.29,68.48,74.72,0.06
1763103600,2025-11-14 07:00:00,4,281.81,0.17,1.82,141.49,12.64,71.84,78.07,0.18
1763107200,2025-11-14 08:00:00,4,292.89,0.16,2.2,143.01,12.14,74.19,80.59,0.47
1763110800,2025-11-14 09:00:00,5,305.69,0.11,2.86,142.62,12.09,76.48,83.24,0.73
1763114400,2025-11-14 10:00:00,5,337.07,0.03,4.34,115.72,10.31,80.16,87.87,1.91
1763118000,2025-11-14 11:00:00,5,386.36,0,5.89,84.05,7.96,85.03,94.26,3.42
1763121600,2025-11-14 12:00:00,5,430.53,0,6.89,67.26,6.61,89.41,100.38,4.45
1763125200,2025-11-14 13:00:00,5,464.81,0,7.47,59.88,6.07,92.57,105.14,4.9
1763128800,2025-11-14 14:00:00,5,491.07,0,7.51,52.62,5.53,96.34,110.21,4.84
1763132400,2025-11-14 15:00:00,5,506.94,0,7.19,44.11,4.78,98.86,113.61,4.47
1763136000,2025-11-14 16:00:00,5,506.46,0,6.75,36.45,4.01,99.56,114.45,4.1
1763139600,2025-11-14 17:00:00,5,501.48,0,6.28,33.22,3.47,100.02,114.52,4.12
1763143200,2025-11-14 18:00:00,5,496.49,0,5.7,32.74,3.13,100.62,114.67,4.24
1763146800,2025-11-14 19:00:00,5,490.1,0,5.05,33.59,2.98,100.96,114.4,4.16
1763150400,2025-11-14 20:00:00,5,480.9,0,4.46,34.96,3,101.08,113.64,3.91
1763154000,2025-11-14 21:00:00,5,464.62,0,3.91,37.15,3.18,101.6,113.17,3.59
1763157600,2025-11-14 22:00:00,5,434.06,0,3.27,39.27,3.48,101.34,111.91,3.05
1763161200,2025-11-14 23:00:00,5,411.86,0,2.82,34.8,3.17,100.83,110.77,2.31
1763164800,2025-11-15 00:00:00,5,403.06,0.01,2.8,29.56,3.34,99.35,109.05,1.82
1763168400,2025-11-15 01:00:00,5,410.86,0.24,3.06,27.46,4.36,98.02,107.73,1.59
1763172000,2025-11-15 02:00:00,5,441.24,0.66,3.56,31.74,5.63,97.85,107.82,2.02
1763175600,2025-11-15 03:00:00,5,483.6,0.87,4.64,49.13,8.85,100.17,110.52,2.31
1763179200,2025-11-15 04:00:00,5,319.57,0.34,2.82,125.26,18.04,79.38,86.95,0.23
1763182800,2025-11-15 05:00:00,4,279.63,0.17,1.73,128.11,14.24,72.89,79.15,0
1763186400,2025-11-15 06:00:00,4,277.71,0.13,1.52,131.08,12.82,73.77,79.78,0
1763190000,2025-11-15 07:00:00,5,287.26,0.12,1.59,136.19,12.17,78.07,84.23,0
1763193600,2025-11-15 08:00:00,5,299.05,0.12,1.91,138.75,11.68,82.62,89.11,0.14
1763197200,2025-11-15 09:00:00,5,309.47,0.09,2.43,139.54,11.37,86.15,93.07,0.37
1763200800,2025-11-15 10:00:00,5,325.31,0.03,3.42,114.51,9.14,89.39,96.91,1.04
1763204400,2025-11-15 11:00:00,5,350.5,0,4.37,83.39,6.51,92.39,100.83,2.31
1763208000,2025-11-15 12:00:00,5,372.41,0,4.9,64.79,4.94,94.48,103.95,2.97
1763211600,2025-11-15 13:00:00,5,387.53,0,5.19,52.7,4.06,95.23,105.72,3.02
1763215200,2025-11-15 14:00:00,5,405.87,0,5.35,42.96,3.39,97.04,108.44,3.01
1763218800,2025-11-15 15:00:00,5,420.09,0,5.32,34.34,2.84,98.41,110.43,2.97
1763222400,2025-11-15 16:00:00,5,420.75,0,5.03,27.68,2.31,98.39,110.25,2.69
1763226000,2025-11-15 17:00:00,5,407.79,0,4.44,24.51,1.88,97.82,108.68,2.28
1763229600,2025-11-15 18:00:00,5,386.39,0,3.68,25.1,1.85,96.81,106.47,2.1
1763233200,2025-11-15 19:00:00,5,338.32,0,2.48,34.67,2.71,94.2,102.5,1.53
1763236800,2025-11-15 20:00:00,5,320.43,0,2.1,36.13,2.62,92.08,99.71,1.54
1763240400,2025-11-15 21:00:00,5,307.48,0,1.94,37.48,2.74,90.74,97.86,1.4
1763244000,2025-11-15 22:00:00,5,301.05,0,1.98,39.11,3.06,89.97,96.75,1.19
1763247600,2025-11-15 23:00:00,5,301.8,0,2.11,39.19,2.94,88.76,95.31,1.29
1763251200,2025-11-16 00:00:00,5,309.91,0,2.42,42.35,2.91,87.71,94.32,1.42
1763254800,2025-11-16 01:00:00,5,333.55,0.01,3.03,59.2,3.56,86.78,93.49,1.42
1763258400,2025-11-16 02:00:00,5,346.77,0.04,3.73,52.82,3.47,84.8,91.32,1.51
1763262000,2025-11-16 03:00:00,5,350.18,0.08,4.28,50.13,3.61,82.25,88.41,1.38
1763265600,2025-11-16 04:00:00,4,283.04,0.06,2.93,89.23,4.01,71.24,74.86,0.03
1763269200,2025-11-16 05:00:00,4,254.17,0.06,2.39,90.23,3.32,64.31,66.82,0
1763272800,2025-11-16 06:00:00,4,247.13,0.08,2.33,88.93,3.08,61.21,63.45,0
1763276400,2025-11-16 07:00:00,4,244.64,0.09,2.33,88.31,3.04,60.16,62.57,0
1763280000,2025-11-16 08:00:00,4,245.67,0.06,2.64,86.68,3.18,59.93,62.69,0
1763283600,2025-11-16 09:00:00,4,246.69,0.03,2.97,85.19,3.26,59.37,62.36,0
1763287200,2025-11-16 10:00:00,4,249.28,0.01,3.32,70.93,3.03,59.44,62.84,0.18
1763290800,2025-11-16 11:00:00,4,253.43,0,3.44,51.78,2.58,59.53,63.43,0.67
1763294400,2025-11-16 12:00:00,4,256.2,0,3.33,39.09,2.25,59.13,63.5,1.01
1763298000,2025-11-16 13:00:00,4,260.37,0,3.25,31.3,2.09,58.77,63.64,1.34
1763301600,2025-11-16 14:00:00,4,266.28,0,3.21,26.79,1.97,59.2,64.53,1.52
1763305200,2025-11-16 15:00:00,4,271.52,0.01,3.15,24.24,1.89,59.61,65.27,1.49
1763308800,2025-11-16 16:00:00,4,271.41,0.01,3.02,22.67,1.79,59.36,65.02,1.36
1763312400,2025-11-16 17:00:00,4,267.69,0.01,2.83,22.04,1.66,59.07,64.47,1.23
1763316000,2025-11-16 18:00:00,4,264.66,0,2.7,22.01,1.61,59.03,64.26,1.16
1763319600,2025-11-16 19:00:00,4,260.93,0,2.52,22.32,1.55,58.76,63.86,1.09
1763323200,2025-11-16 20:00:00,4,256.84,0,2.34,22.93,1.5,58.61,63.63,1.05
1763326800,2025-11-16 21:00:00,4,254.85,0,2.25,23.39,1.46,58.76,63.81,1.05
1763330400,2025-11-16 22:00:00,4,257.02,0,2.33,23.06,1.51,59.48,64.71,1.04
1763334000,2025-11-16 23:00:00,4,262.31,0,2.48,21.57,1.65,60.46,65.96,1
1763337600,2025-11-17 00:00:00,4,272.86,0.01,2.85,19.88,1.99,61.73,67.78,0.99
1763341200,2025-11-17 01:00:00,4,296.53,0.11,3.84,19.05,3.75,63.48,69.98,0.91
1763344800,2025-11-17 02:00:00,4,324.44,0.27,5.09,20.91,5.59,65.64,72.13,0.75
1763348400,2025-11-17 03:00:00,4,341.76,0.22,6.41,28.4,7.25,68.26,74.46,0.46
1763352000,2025-11-17 04:00:00,5,337,0.05,6.94,88.33,10.13,86.08,91.07,0.01
1763355600,2025-11-17 05:00:00,5,323.77,0.02,6.42,90.68,10.05,88.42,92.35,0
1763359200,2025-11-17 06:00:00,5,323.34,0.02,6.3,88.65,9.8,89.09,92.28,0
1763362800,2025-11-17 07:00:00,5,327.87,0.05,6.46,89.33,8.87,89.47,92.16,0
1763366400,2025-11-17 08:00:00,5,345.67,0.04,7.41,89.51,8.62,89.88,92.23,0
1763370000,2025-11-17 09:00:00,5,367.29,0.03,8.72,89.55,8.55,90.17,92.3,0
1763373600,2025-11-17 10:00:00,5,380.09,0.01,8.53,69.93,7.46,90.1,92.23,0
1763377200,2025-11-17 11:00:00,5,389.61,0,7.73,47.47,6.56,89.58,91.89,0.09
1763380800,2025-11-17 12:00:00,5,397.08,0,7.2,35.61,6.05,88.44,90.93,0.33
1763384400,2025-11-17 13:00:00,5,403.08,0,6.79,29.46,5.47,87.23,89.86,0.44
1763388000,2025-11-17 14:00:00,5,410.39,0,6.35,25.94,4.95,86.53,89.23,0.47
1763391600,2025-11-17 15:00:00,5,412.84,0,5.89,23.78,4.46,85.52,88.19,0.56
1763395200,2025-11-17 16:00:00,5,408.15,0,5.36,22.89,3.72,84.11,86.56,0.62
1763398800,2025-11-17 17:00:00,5,401.22,0,5.02,23.55,3.16,83.06,85.08,0.52
1763402400,2025-11-17 18:00:00,5,406.85,0,5.49,24.45,3.08,83.14,84.86,0.42
1763406000,2025-11-17 19:00:00,5,409.69,0,5.88,25.54,3.79,82.68,84.12,0.31
1763409600,2025-11-17 20:00:00,5,406.25,0,6.21,24.38,4,81.52,82.78,0.33
1763413200,2025-11-17 21:00:00,5,405.61,0,6.83,22.74,4.07,80.87,82.04,0.41
1763416800,2025-11-17 22:00:00,5,407.24,0,7.36,21.82,4.09,80.85,81.96,0.44
1763420400,2025-11-17 23:00:00,5,406.97,0,7.26,22.04,4.08,80.57,81.61,0.37
1763424000,2025-11-18 00:00:00,5,415.8,0,7.15,24.26,4.24,79.87,80.91,0.3
1763427600,2025-11-18 01:00:00,5,454.72,0,9.28,39.57,4.53,80.53,81.39,0.15
1763431200,2025-11-18 02:00:00,5,473.28,0,9.46,39.13,4.53,79.43,80.38,0.19
1763434800,2025-11-18 03:00:00,5,498.46,0,9.84,35.84,4.77,75.92,77,0.27
1763438400,2025-11-18 04:00:00,4,516.75,0,10.54,31.84,5.26,69.18,70.3,0.3
1763442000,2025-11-18 05:00:00,4,512.11,0,11.38,28.32,5.58,58.35,59.45,0.32
1763445600,2025-11-18 06:00:00,3,481.87,0.01,11.91,25.91,5.75,45.27,46.32,0.32
1763449200,2025-11-18 07:00:00,3,437.02,0.01,11.61,25.26,5.04,34.5,35.45,0.32
1763452800,2025-11-18 08:00:00,3,399.86,0.01,10.88,26.37,4.41,27.86,28.67,0.33
1763456400,2025-11-18 09:00:00,2,373.37,0,10.16,28.59,3.73,23.29,23.97,0.35
1763460000,2025-11-18 10:00:00,2,353.85,0,9.52,30.95,2.97,19.62,20.24,0.37
1763463600,2025-11-18 11:00:00,2,348.15,0,8.99,32.96,2.57,17.13,17.76,0.39
1763467200,2025-11-18 12:00:00,2,348.12,0,8.36,34.78,2.21,15.11,15.77,0.4
1763470800,2025-11-18 13:00:00,2,346.97,0,7.83,36.26,1.96,13.3,14.01,0.44
1763474400,2025-11-18 14:00:00,2,348.26,0,7.57,37.66,1.84,11.76,12.51,0.48
1763478000,2025-11-18 15:00:00,2,350.63,0,7.35,39.03,1.76,10.51,11.28,0.53
1763481600,2025-11-18 16:00:00,1,348.09,0,6.95,40.64,1.68,9.54,10.25,0.52
1763485200,2025-11-18 17:00:00,1,342.07,0,6.29,44.03,1.63,8.54,9.17,0.51
1763488800,2025-11-18 18:00:00,1,331.74,0,5.51,48.61,1.57,7.52,8.09,0.51
1763492400,2025-11-18 19:00:00,1,317.96,0,4.62,53.48,1.43,6.73,7.23,0.5
1763496000,2025-11-18 20:00:00,1,306.43,0,3.96,56.19,1.24,6.22,6.64,0.48
1763499600,2025-11-18 21:00:00,1,296.32,0,3.57,57.41,1.14,5.86,6.22,0.48
1763503200,2025-11-18 22:00:00,1,286.72,0,3.41,58.01,1.14,5.87,6.25,0.51
1763506800,2025-11-18 23:00:00,1,281.41,0,3.41,58.84,1.23,6.22,6.66,0.56
1763510400,2025-11-19 00:00:00,1,279.16,0,3.56,59.36,1.37,6.66,7.24,0.62
1763514000,2025-11-19 01:00:00,1,278.88,0.02,4.08,59.3,1.59,6.93,7.66,0.69
1763517600,2025-11-19 02:00:00,1,279.5,0.07,4.6,59.2,1.87,7.15,8.04,0.76
1763521200,2025-11-19 03:00:00,1,281.2,0.13,4.95,59.02,2.1,7.3,8.31,0.83
1763524800,2025-11-19 04:00:00,1,284.39,0.27,5.04,59.4,2.21,7.46,8.49,0.87
1763528400,2025-11-19 05:00:00,2,289.06,0.33,5.15,60.33,2.36,8.12,9.18,0.95
1763532000,2025-11-19 06:00:00,2,294.06,0.34,5.13,62.32,2.58,9.29,10.43,1.07
1763535600,2025-11-19 07:00:00,2,300.02,0.39,4.66,65.74,2.7,11,12.22,1.19
1763539200,2025-11-19 08:00:00,2,303.02,0.26,4.51,67.23,2.77,12.6,13.91,1.29
1763542800,2025-11-19 09:00:00,2,306.38,0.13,4.62,67.57,2.86,13.54,14.93,1.39
1763546400,2025-11-19 10:00:00,2,313.25,0.03,4.93,61.61,2.84,14.31,15.99,1.61
1763550000,2025-11-19 11:00:00,2,323.3,0,5.25,51.88,2.74,15.21,17.41,1.88
1763553600,2025-11-19 12:00:00,2,331.94,0,5.39,44.66,2.68,16.07,18.87,2.08
1763557200,2025-11-19 13:00:00,2,341.23,0,5.6,38.79,2.72,17.24,20.78,2.35
1763560800,2025-11-19 14:00:00,2,354.38,0,5.81,32.86,2.66,18.59,22.9,2.64
1763564400,2025-11-19 15:00:00,2,364.67,0,5.94,27.42,2.5,19.81,24.74,2.74
1763568000,2025-11-19 16:00:00,2,368.57,0,5.91,22.25,2.25,20.63,25.88,2.61
1763571600,2025-11-19 17:00:00,2,365.34,0,5.78,17.36,1.92,21.01,26.22,2.26
1763575200,2025-11-19 18:00:00,2,361.38,0.01,5.69,13.4,1.68,21.26,26.31,1.88
1763578800,2025-11-19 19:00:00,2,356.25,0.02,5.59,10.67,1.52,21.21,26.01,1.55
1763582400,2025-11-19 20:00:00,2,350.65,0.02,5.53,9.49,1.47,21.1,25.61,1.33
1763586000,2025-11-19 21:00:00,2,344.7,0.02,5.48,9.48,1.53,21.17,25.44,1.17
1763589600,2025-11-19 22:00:00,2,338.25,0.03,5.44,10.46,1.73,21.37,25.45,1.07
1763593200,2025-11-19 23:00:00,2,332.75,0.02,5.32,11.88,2.01,21.36,25.26,1.06
1763596800,2025-11-20 00:00:00,2,331.94,0.07,5.38,14.25,2.51,21.28,25.21,1.12
1763600400,2025-11-20 01:00:00,2,340.73,0.82,4.77,20.66,3.2,21.31,25.29,1.34
1763604000,2025-11-20 02:00:00,2,347.86,1.38,4.24,28.31,3.84,22.59,26.83,1.72
1763607600,2025-11-20 03:00:00,3,344.59,1.25,3.94,41.11,4.43,25.94,30.25,1.81
1763611200,2025-11-20 04:00:00,3,294.2,0.53,2.4,86.11,5.14,29.66,32.84,1.49
1763614800,2025-11-20 05:00:00,3,275.85,0.3,1.63,98.65,4.98,33.27,36.38,1.46
1763618400,2025-11-20 06:00:00,3,274.86,0.21,1.35,107.25,5.25,38.17,41.54,1.57
1763622000,2025-11-20 07:00:00,3,283.81,0.18,1.34,114.72,5.6,43.19,46.93,1.87
1763625600,2025-11-20 08:00:00,3,295.36,0.16,1.58,118.31,5.92,48.12,52.28,2.17
1763629200,2025-11-20 09:00:00,4,306.89,0.13,2.06,120.1,6.33,51.82,56.41,2.5
1763632800,2025-11-20 10:00:00,4,319.7,0.04,2.94,101.78,6.01,54.68,59.84,2.75
1763636400,2025-11-20 11:00:00,4,335.25,0,3.61,78.56,5.25,56.74,62.63,3.18
1763640000,2025-11-20 12:00:00,4,349.12,0,3.98,64.65,4.6,58.34,65.02,3.51
1763643600,2025-11-20 13:00:00,4,359.69,0,4.22,56.25,4.22,59.72,67.18,3.86
1763647200,2025-11-20 14:00:00,4,370.82,0,4.32,48.83,3.81,61.42,69.51,3.96
1763650800,2025-11-20 15:00:00,4,377,0,4.24,42.61,3.44,62.85,71.21,3.8
1763654400,2025-11-20 16:00:00,4,373.3,0,4.04,38.58,3.14,62.88,70.97,3.45
1763658000,2025-11-20 17:00:00,4,366.47,0,3.94,36.47,3.01,62.99,70.51,3
1763661600,2025-11-20 18:00:00,4,362.5,0,4.14,34.47,3.14,63.41,70.47,2.65
1763665200,2025-11-20 19:00:00,4,361.84,0,4.6,32.22,3.48,63.3,70.02,2.34
1763668800,2025-11-20 20:00:00,4,364.15,0,5.16,30.32,3.94,62.88,69.33,2.12
1763672400,2025-11-20 21:00:00,4,366.1,0,5.73,29.16,4.55,62.34,68.63,1.88
1763676000,2025-11-20 22:00:00,4,364.95,0,6.14,29.5,5.07,60.72,66.88,1.7
1763679600,2025-11-20 23:00:00,4,363.21,0,6.3,29.35,4.94,58.3,64.35,1.76
1763683200,2025-11-21 00:00:00,4,356.47,0.01,6.37,29.62,4.79,55.5,61.56,1.82
1763686800,2025-11-21 01:00:00,4,350.6,0.27,6.58,31.47,4.9,52.64,58.83,2.01
1763690400,2025-11-21 02:00:00,4,349.88,0.93,5.9,36.08,5.14,50.02,56.23,2.38
1763694000,2025-11-21 03:00:00,3,342.8,1.18,4.93,48.97,5.31,47.59,53.47,2.41
1763697600,2025-11-21 04:00:00,3,251.85,0.57,2.91,102.14,5.59,35.12,38.93,2.12
1763701200,2025-11-21 05:00:00,3,236.06,0.34,1.99,111.37,5.27,35.63,39.12,1.98
1763704800,2025-11-21 06:00:00,3,239.21,0.25,1.64,118.83,5.62,38.91,42.52,2.1
1763708400,2025-11-21 07:00:00,3,249.67,0.2,1.55,126.13,6.08,42.83,46.72,2.32
1763712000,2025-11-21 08:00:00,3,261.2,0.17,1.74,128.98,6.48,46.09,50.3,2.61
1763715600,2025-11-21 09:00:00,3,270.64,0.13,2.18,129.44,6.83,47.87,52.41,2.88
1763719200,2025-11-21 10:00:00,3,281.99,0.04,3.02,107.68,6.33,48.99,53.97,3.06
1763722800,2025-11-21 11:00:00,4,297.79,0,3.68,81.93,5.37,50.14,55.8,3.38
1763726400,2025-11-21 12:00:00,4,311.24,0,4.04,66.92,4.63,51.11,57.55,3.78
1763730000,2025-11-21 13:00:00,4,323.08,0,4.41,58.18,4.27,51.68,58.98,4.31
1763733600,2025-11-21 14:00:00,4,340.35,0,4.83,51.17,3.99,53.28,61.45,4.79
1763737200,2025-11-21 15:00:00,4,356.28,0,5.18,45.28,3.78,54.91,63.76,5.12
1763740800,2025-11-21 16:00:00,4,364.24,0,5.37,41.08,3.54,56.04,65.05,5.11
1763744400,2025-11-21 17:00:00,4,365.62,0,5.46,38.22,3.24,57.06,65.76,4.72
1763748000,2025-11-21 18:00:00,4,365.94,0,5.49,35.7,2.99,58.06,66.36,4.07
1763751600,2025-11-21 19:00:00,4,366.65,0,5.52,33.07,2.82,58.65,66.55,3.41
1763755200,2025-11-21 20:00:00,4,367.74,0,5.6,30.85,2.8,59.32,66.89,2.97
1763758800,2025-11-21 21:00:00,4,365.28,0,5.67,28.89,2.84,59.71,67,2.65
1763762400,2025-11-21 22:00:00,4,362.06,0,5.74,26.66,2.88,59.77,66.87,2.37
1763766000,2025-11-21 23:00:00,4,358.08,0,5.72,23.74,2.87,59.64,66.58,2.08
1763769600,2025-11-22 00:00:00,4,356.25,0.04,5.78,21.38,3.01,59.48,66.48,1.89
1763773200,2025-11-22 01:00:00,4,356.1,0.76,5.1,21.69,3.37,58.5,65.76,1.97
1763776800,2025-11-22 02:00:00,4,357.58,1.4,4.47,27.4,4.08,57.03,64.55,2.43
1763780400,2025-11-22 03:00:00,4,349.88,1.27,4.28,42.83,5.4,56.2,63.7,2.54
1763784000,2025-11-22 04:00:00,3,254.77,0.43,2.84,102.53,9.09,43.44,48.17,1.48
1763787600,2025-11-22 05:00:00,3,221.25,0.24,1.93,108.09,7.94,39.81,43.7,0.91
1763791200,2025-11-22 06:00:00,3,218.28,0.18,1.91,111.01,7.94,41.06,44.93,0.81
1763794800,2025-11-22 07:00:00,3,226.19,0.16,2.12,114.16,8.42,44.39,48.55,0.88
1763798400,2025-11-22 08:00:00,3,238.57,0.14,2.5,115.32,9.13,48.78,53.43,1.13
1763802000,2025-11-22 09:00:00,4,253.05,0.1,3.17,115.74,10.1,53.33,58.59,1.39
1763805600,2025-11-22 10:00:00,4,278.97,0.03,4.42,96.6,9.34,57.61,63.84,2.31
1763809200,2025-11-22 11:00:00,4,315.41,0,5.66,72.22,7.5,61.54,69.07,3.52
1763812800,2025-11-22 12:00:00,4,345.07,0,6.42,57.9,6.21,64.6,73.47,4.32
1763816400,2025-11-22 13:00:00,4,366.26,0,6.83,51.8,5.74,66.86,76.99,5.09
1763820000,2025-11-22 14:00:00,4,388.01,0,7.17,51.59,5.84,69.71,80.9,6.03
1763823600,2025-11-22 15:00:00,4,409.84,0,7.46,52.14,5.94,72.83,84.79,6.73
1763827200,2025-11-22 16:00:00,5,425.33,0,7.54,52.71,5.91,75.37,87.54,6.98
1763830800,2025-11-22 17:00:00,5,431.62,0,7.32,54.04,5.76,77.81,89.55,6.33
1763834400,2025-11-22 18:00:00,5,437.22,0,7.01,55.91,5.77,81.08,92.34,5.38
1763838000,2025-11-22 19:00:00,5,436.51,0,6.54,57.97,5.97,84.13,94.83,4.63
1763841600,2025-11-22 20:00:00,5,431.61,0,6.03,59.6,6.28,87.63,97.88,4.11
1763845200,2025-11-22 21:00:00,5,420.99,0,5.46,57.68,6.25,90.68,100.59,3.56
1763848800,2025-11-22 22:00:00,5,398.07,0,4.67,47.61,5.07,92.27,101.89,2.48
1763852400,2025-11-22 23:00:00,5,376.73,0,3.97,38.11,4.02,92.3,101.74,1.89
1763856000,2025-11-23 00:00:00,5,361.76,0.01,3.57,31.69,3.72,90.85,100.31,1.7
1763859600,2025-11-23 01:00:00,5,356.57,0.22,3.32,28.61,3.91,87.13,96.85,1.96
1763863200,2025-11-23 02:00:00,5,358.63,0.56,3.03,31.21,4.53,84.96,95.05,2.41
1763866800,2025-11-23 03:00:00,5,359.9,0.6,2.91,44.29,6.48,86.02,96.44,2.42
1763870400,2025-11-23 04:00:00,5,268.78,0.28,2.12,119.51,16.02,80.68,88.98,0.19
1763874000,2025-11-23 05:00:00,5,247.72,0.18,1.46,128.44,14.53,79.7,87.41,0
1763877600,2025-11-23 06:00:00,5,249.25,0.14,1.29,133.6,14.06,82.56,90.16,0
1763881200,2025-11-23 07:00:00,5,259.86,0.13,1.4,139.43,14.08,87.84,95.61,0
1763884800,2025-11-23 08:00:00,5,274.39,0.12,1.75,142.57,14.26,93.83,101.94,0.05
1763888400,2025-11-23 09:00:00,5,291.35,0.08,2.31,143.63,14.65,99.35,108,0.31
1763892000,2025-11-23 10:00:00,5,311.4,0.02,3.11,121.61,12.5,104.61,113.99,0.79
1763895600,2025-11-23 11:00:00,5,333.99,0,3.76,94.19,9.39,109.69,120,1.44
1763899200,2025-11-23 12:00:00,5,353.63,0,4.22,78.32,7.39,113.79,125.12,2.23
1763902800,2025-11-23 13:00:00,5,373.3,0,4.71,68.15,6.17,116.3,128.69,2.76
1763906400,2025-11-23 14:00:00,5,400.99,0,5.16,60.99,5.48,120.06,133.65,3.31
1763910000,2025-11-23 15:00:00,5,423.5,0,5.42,55.61,5.15,123.45,137.96,3.77
1763913600,2025-11-23 16:00:00,5,438.88,0,5.51,54.41,5.16,125.09,139.86,4.06
1763917200,2025-11-23 17:00:00,5,447.77,0,5.27,56.95,5.32,127.48,141.67,3.75
1763920800,2025-11-23 18:00:00,5,451.74,0,4.85,60.9,5.73,130.19,143.73,3.46
1763924400,2025-11-23 19:00:00,5,443.52,0,4.2,65.96,6.26,132.49,145.3,3.14
1763928000,2025-11-23 20:00:00,5,437.9,0,3.68,70.87,6.72,134.89,147.22,3.11
1763931600,2025-11-23 21:00:00,5,428.05,0,3.28,73.29,6.98,137.44,149.47,3.05
1763935200,2025-11-23 22:00:00,5,414.67,0,2.84,58.86,4.84,137.86,149.54,2.32
1763938800,2025-11-23 23:00:00,5,406.22,0,2.6,48.21,3.94,138.08,149.57,2
1763942400,2025-11-24 00:00:00,5,409.76,0,2.75,42.77,4.11,141.11,152.83,1.68
1763946000,2025-11-24 01:00:00,5,432,0.04,3.37,38.86,4.76,145.08,157.5,1.63
1763949600,2025-11-24 02:00:00,5,463.55,0.26,3.86,38.37,5.89,149.1,162.15,1.68
1763953200,2025-11-24 03:00:00,5,491.28,0.51,4.25,49.87,8.3,153.16,166.5,1.35
1763956800,2025-11-24 04:00:00,5,385.85,0.26,2.65,138.45,15.81,131.02,140.68,0.11
1763960400,2025-11-24 05:00:00,5,325.72,0.15,1.7,141.67,13.5,114.22,121.92,0
1763964000,2025-11-24 06:00:00,5,310.79,0.13,1.63,143.09,12.58,107.18,114.15,0
1763967600,2025-11-24 07:00:00,5,310.02,0.12,1.71,145.99,12.09,103.79,110.43,0
1763971200,2025-11-24 08:00:00,5,314.4,0.11,1.95,146.25,11.71,102.1,108.68,0.02
1763974800,2025-11-24 09:00:00,5,318.44,0.07,2.38,144.75,11.41,98.97,105.53,0.27
1763978400,2025-11-24 10:00:00,5,321.71,0.02,3.05,122.77,9.74,95.76,102.32,0.6
1763982000,2025-11-24 11:00:00,5,329.78,0,3.63,96.25,7.9,93.99,100.78,1.15
1763985600,2025-11-24 12:00:00,5,336.85,0,4.09,78.68,6.81,92.03,99.28,1.82
1763989200,2025-11-24 13:00:00,5,342.34,0,4.52,65.78,6.2,89.18,96.95,2.25
1763992800,2025-11-24 14:00:00,5,352.55,0,4.95,55.23,5.78,87.95,96.22,2.47
1763996400,2025-11-24 15:00:00,5,359.29,0,5.23,45.89,5.32,87.12,95.68,2.46
1764000000,2025-11-24 16:00:00,5,355.46,0,5.23,38.92,4.83,85.08,93.48,2.27
1764003600,2025-11-24 17:00:00,5,349.51,0,5.08,35.7,4.47,83.16,91.09,2.04
1764007200,2025-11-24 18:00:00,5,343.54,0,4.93,34.38,4.14,81.22,88.73,1.9
1764010800,2025-11-24 19:00:00,5,338.64,0,4.8,34.16,3.86,78.67,85.7,1.91
1764014400,2025-11-24 20:00:00,5,334.83,0,4.8,36.48,3.91,75.82,82.34,2.13
1764018000,2025-11-24 21:00:00,4,327.48,0,4.7,43.68,4.31,72.62,78.6,2.18
1764021600,2025-11-24 22:00:00,4,320.35,0,4.51,61.46,5.39,67.63,73.04,2.22
1764025200,2025-11-24 23:00:00,4,318.73,0,4.3,64.13,5.04,64.75,69.62,2.39
1764028800,2025-11-25 00:00:00,4,319.93,0.01,4.23,69.24,4.99,62.02,66.43,2.47
1764032400,2025-11-25 01:00:00,4,320.05,0.18,4.32,78.64,5.27,57.7,61.61,2.53
1764036000,2025-11-25 02:00:00,4,315.58,0.47,3.87,85.55,5.35,53.74,57.38,2.55
1764039600,2025-11-25 03:00:00,4,303.79,0.51,3.25,96.82,5.43,51.41,54.84,2.45
1764043200,2025-11-25 04:00:00,3,276.99,0.32,2.1,111.83,5.26,49.35,52.48,1.88
1764046800,2025-11-25 05:00:00,4,266.95,0.22,1.55,119.48,5.26,50.74,53.92,1.69
1764050400,2025-11-25 06:00:00,4,267.37,0.18,1.35,126.05,5.55,53.53,56.96,1.76
1764054000,2025-11-25 07:00:00,4,271.98,0.15,1.39,132.17,5.88,56.52,60.26,1.92
1764057600,2025-11-25 08:00:00,4,279.05,0.14,1.7,135.81,6.25,59.25,63.33,2.21
1764061200,2025-11-25 09:00:00,4,286.82,0.09,2.21,137.66,6.67,61.2,65.62,2.51
1764064800,2025-11-25 10:00:00,4,298.27,0.05,3,122.46,6.46,63.28,68.16,2.88
1764068400,2025-11-25 11:00:00,4,315.56,0,3.7,100.49,5.74,65.59,71.13,3.33
1764072000,2025-11-25 12:00:00,4,330.89,0,3.99,85.26,5.12,67.46,73.76,3.75
1764075600,2025-11-25 13:00:00,4,343.97,0,4.29,73.86,4.64,68.65,75.8,4.31
1764079200,2025-11-25 14:00:00,4,364.29,0,4.62,64.45,4.15,70.81,78.83,4.79
1764082800,2025-11-25 15:00:00,4,379.41,0,4.77,56.73,3.73,72.95,81.62,5.01
1764086400,2025-11-25 16:00:00,4,384.45,0,4.77,50.84,3.31,73.88,82.73,4.74
1764090000,2025-11-25 17:00:00,4,386.44,0,4.72,46.12,2.78,74.79,83.37,3.92
1764093600,2025-11-25 18:00:00,5,390.21,0,4.72,41.5,2.36,75.66,83.99,3.03
1764097200,2025-11-25 19:00:00,5,393.33,0,4.76,36.69,2.11,75.99,84.05,2.39
1764100800,2025-11-25 20:00:00,5,397.22,0,4.87,33.04,2.14,76.53,84.34,2.07
1764104400,2025-11-25 21:00:00,5,398.97,0,5.07,30.68,2.52,77.18,84.78,1.87
1764108000,2025-11-25 22:00:00,5,396.64,0,5.36,28.81,3.19,77.64,85.12,1.63
1764111600,2025-11-25 23:00:00,5,398.09,0,5.62,25.8,3.47,77.93,85.38,1.44
1764115200,2025-11-26 00:00:00,5,399.9,0.02,5.98,23.56,3.85,77.9,85.55,1.37
1764118800,2025-11-26 01:00:00,5,405.57,0.59,5.94,23.56,4.41,76.55,84.65,1.61
1764122400,2025-11-26 02:00:00,4,414.58,1.39,5.61,29.42,5.4,74.5,83.22,2.36
1764126000,2025-11-26 03:00:00,4,411.08,1.5,5.84,45.25,7.32,73.35,82.66,2.76
1764129600,2025-11-26 04:00:00,4,299.05,0.51,3.24,120.38,12.59,59.18,68.95,2.3
1764133200,2025-11-26 05:00:00,4,264.06,0.26,1.9,131.53,11.18,54.19,63.95,2.29
1764136800,2025-11-26 06:00:00,4,265.38,0.19,1.61,139.19,11.19,56.81,67.04,2.31
1764140400,2025-11-26 07:00:00,4,278.64,0.17,1.66,147.23,11.62,61.41,72.32,2.5
1764144000,2025-11-26 08:00:00,4,295.19,0.16,2.04,151.81,12.13,66.15,77.76,2.79
1764147600,2025-11-26 09:00:00,4,311.77,0.12,2.7,153.73,12.72,69.7,82.02,3.09
1764151200,2025-11-26 10:00:00,4,332.92,0.05,3.88,127.59,11.12,72.31,85.08,3.41
1764154800,2025-11-26 11:00:00,5,362.3,0,4.96,95.96,8.67,75.26,88.57,3.92
1764158400,2025-11-26 12:00:00,5,388.1,0,5.52,77.43,7.04,78.11,92.21,4.3
1764162000,2025-11-26 13:00:00,5,405.31,0,5.8,66.46,6.02,79.86,94.71,4.71
1764165600,2025-11-26 14:00:00,5,424.42,0,5.9,57.18,5.06,82.46,98.02,4.71
1764169200,2025-11-26 15:00:00,5,438.67,0,5.83,49.75,4.21,84.53,100.39,4.54
1764172800,2025-11-26 16:00:00,5,438.94,0,5.59,44.58,3.54,84.59,99.79,4.09
1764176400,2025-11-26 17:00:00,5,430.85,0,5.33,43.41,3.36,84.17,97.84,3.61
1764180000,2025-11-26 18:00:00,5,418.46,0,5.27,44.99,4.1,83.03,95.16,3.04
1764183600,2025-11-26 19:00:00,5,389.58,0,5.37,50.18,6.91,79.16,90.24,1.82
1764187200,2025-11-26 20:00:00,5,381.8,0,5.14,48.17,5.94,75.81,85.89,1.73
1764190800,2025-11-26 21:00:00,4,374.37,0,4.73,45.65,4.73,73.13,82.49,1.72
1764194400,2025-11-26 22:00:00,4,367.11,0,4.35,43.22,3.79,70.78,79.73,1.81
1764198000,2025-11-26 23:00:00,4,362.91,0,4.16,40.88,3.2,69.54,78.44,2
1764201600,2025-11-27 00:00:00,4,369.5,0.01,4.44,38.24,2.96,69.16,78.54,2.27
1764205200,2025-11-27 01:00:00,4,384.14,0.47,4.74,37.28,3.19,68.26,78.29,2.72
1764208800,2025-11-27 02:00:00,4,396.92,1.14,4.67,42.18,3.82,66.08,76.24,3.19
1764212400,2025-11-27 03:00:00,4,385.5,1.15,4.41,57.41,4.55,61.76,71.07,3.1
1764216000,2025-11-27 04:00:00,3,234.79,0.37,2,108.28,5.22,38.42,44.97,1.96
1764219600,2025-11-27 05:00:00,3,220.46,0.27,1.5,114.1,5.28,37.28,43.18,1.81
1764223200,2025-11-27 06:00:00,3,218.39,0.22,1.29,119.37,5.64,38.76,44.58,1.82
1764226800,2025-11-27 07:00:00,3,218.9,0.18,1.31,124.04,6.06,40.94,46.88,1.91
1764230400,2025-11-27 08:00:00,3,224.09,0.17,1.55,127.26,6.48,43.85,49.96,2.1
1764234000,2025-11-27 09:00:00,3,230.86,0.15,2.04,128.68,6.92,46.21,52.46,2.32
1764237600,2025-11-27 10:00:00,3,245.48,0.08,3.12,114.95,6.82,48.27,54.66,2.71
1764241200,2025-11-27 11:00:00,4,268.44,0.01,4.26,93.97,6.1,50.35,57.1,3.24
1764244800,2025-11-27 12:00:00,4,289.15,0,4.93,78.83,5.35,52.08,59.44,3.69
1764248400,2025-11-27 13:00:00,4,301.63,0,5.26,67.52,4.73,52.83,60.78,3.99
1764252000,2025-11-27 14:00:00,4,315.38,0,5.59,59.58,4.32,54.51,62.91,4.13
1764255600,2025-11-27 15:00:00,4,326.71,0,5.89,53.27,3.96,56.06,64.71,4.01
1764259200,2025-11-27 16:00:00,4,327.32,0,5.9,48.01,3.51,56.17,64.66,3.67
1764262800,2025-11-27 17:00:00,4,320.72,0,5.68,45.51,3.16,55.94,64.05,3.43
1764266400,2025-11-27 18:00:00,4,312.33,0,5.4,44.23,2.96,55.64,63.53,3.22
1764270000,2025-11-27 19:00:00,4,308.61,0,5.21,42.46,2.72,55.67,63.44,3.14
1764273600,2025-11-27 20:00:00,4,313.89,0,5.19,39.23,2.29,56.35,64.02,3.25
1764277200,2025-11-27 21:00:00,4,321.67,0,5.24,35.69,1.94,57.32,64.94,3.34
1764280800,2025-11-27 22:00:00,4,328.48,0,5.31,32.69,1.72,58.09,65.68,3.32
1764284400,2025-11-27 23:00:00,4,332.51,0,5.27,31.2,1.67,58.64,66.23,3.03
1764288000,2025-11-28 00:00:00,4,336.55,0.02,5.4,31.2,1.86,59.04,66.97,2.69
1764291600,2025-11-28 01:00:00,4,340.85,0.53,5.12,32.68,2.18,58.09,66.52,2.68
1764295200,2025-11-28 02:00:00,4,345.27,1.11,4.45,37.11,2.61,56.74,65.72,2.95
1764298800,2025-11-28 03:00:00,4,332.33,1.04,3.98,49.98,3.21,55.22,64.62,2.73
1764302400,2025-11-28 04:00:00,3,195.17,0.32,1.82,108.39,3.66,35.77,44.94,0.92
1764306000,2025-11-28 05:00:00,3,178.76,0.22,1.31,112.87,3.46,33.71,42.43,0.81
1764309600,2025-11-28 06:00:00,3,185.15,0.2,1.3,117.02,3.83,35.9,44.5,0.97
1764313200,2025-11-28 07:00:00,3,199.32,0.19,1.39,122.43,4.29,39.8,48.48,1.23
1764316800,2025-11-28 08:00:00,3,216.32,0.18,1.7,124.85,4.83,44.16,52.99,1.61
1764320400,2025-11-28 09:00:00,3,235.06,0.15,2.3,125.33,5.5,47.91,57,2.03
1764324000,2025-11-28 10:00:00,4,275.16,0.05,4.03,103.82,5.71,51.86,61.66,3.11
1764327600,2025-11-28 11:00:00,4,331.46,0,5.95,77.45,5.46,56.07,67.13,4.44
1764331200,2025-11-28 12:00:00,4,377.43,0,7.17,62.52,5.12,59.57,72.24,5.49
1764334800,2025-11-28 13:00:00,4,409.36,0,7.82,55.82,4.94,61.99,76.24,6.49
1764338400,2025-11-28 14:00:00,4,437.55,0,8.14,53.26,4.87,64.68,80.34,7.56
1764342000,2025-11-28 15:00:00,4,458.82,0,8.3,51.43,4.89,67.02,83.73,8.6
1764345600,2025-11-28 16:00:00,4,470.51,0,8.31,50.26,4.72,68.26,85.22,9.34
1764349200,2025-11-28 17:00:00,4,478.21,0,8.15,50.37,4.1,69.8,86.26,9.13
1764352800,2025-11-28 18:00:00,4,479.9,0,7.63,51.5,3.51,71.32,86.89,8.36
1764356400,2025-11-28 19:00:00,4,469.34,0,6.8,53.57,3.14,71.98,86.28,7.42
1764360000,2025-11-28 20:00:00,4,455.7,0,6.01,56.44,2.93,72.43,85.55,6.65
1764363600,2025-11-28 21:00:00,4,440.55,0,5.36,59.49,2.83,72.78,84.89,6.1
1764367200,2025-11-28 22:00:00,4,419.48,0,4.74,57.64,2.61,72.44,83.73,5.41
1764370800,2025-11-28 23:00:00,4,396.15,0,4.13,49.3,2.11,72.02,82.69,4.13
1764374400,2025-11-29 00:00:00,4,376.72,0.01,3.77,41.37,1.81,71.06,81.43,2.65
1764378000,2025-11-29 01:00:00,4,354.99,0.29,3.34,38.92,1.92,67.97,78.13,2.17
1764381600,2025-11-29 02:00:00,4,342.97,0.58,2.84,40.32,2.26,65.91,76.13,2.85
1764385200,2025-11-29 03:00:00,4,332.88,0.5,2.4,50.36,3.02,66,76.44,3.2
1764388800,2025-11-29 04:00:00,4,261.91,0.17,1.27,121.95,8.89,57.19,67.53,1.57
1764392400,2025-11-29 05:00:00,4,236.19,0.13,0.99,124.26,8.87,52.21,62.22,1.41
1764396000,2025-11-29 06:00:00,4,238.65,0.13,1.05,127.14,9.16,54.18,64.43,1.55
1764399600,2025-11-29 07:00:00,4,257.83,0.16,1.43,130.59,9.43,59.18,70.11,2.02
1764403200,2025-11-29 08:00:00,4,282.76,0.19,2.09,130.2,9.47,64.54,76.32,2.71
1764406800,2025-11-29 09:00:00,4,308.05,0.15,2.96,129.81,9.87,69.56,82.31,3.38
1764410400,2025-11-29 10:00:00,4,334.14,0.04,4.14,110.74,9.15,74.19,87.79,4.02
1764414000,2025-11-29 11:00:00,5,356.33,0,4.82,85.82,7.11,77.51,91.72,4.33
1764417600,2025-11-29 12:00:00,5,372.1,0,5.11,70,5.28,79.58,94.28,4.19
1764421200,2025-11-29 13:00:00,5,379.73,0,5.18,58.46,3.9,79.77,94.79,3.41
1764424800,2025-11-29 14:00:00,5,394.93,0,5.35,48.64,2.99,80.97,96.53,3.14
1764428400,2025-11-29 15:00:00,5,409.49,0,5.53,39.5,2.36,81.94,97.84,3.02
1764432000,2025-11-29 16:00:00,5,416.59,0,5.65,35.34,2.14,81.68,97.38,3.27
1764435600,2025-11-29 17:00:00,5,421.14,0,5.65,36.15,2.09,81.37,96.53,3.65
1764439200,2025-11-29 18:00:00,5,422.51,0,5.46,37.35,2.09,81.57,96.19,3.9
1764442800,2025-11-29 19:00:00,5,417.32,0,5.11,38.89,2.17,80.89,94.9,4.18
1764446400,2025-11-29 20:00:00,5,408.04,0,4.75,41.27,2.29,79.77,93.16,4.52
1764450000,2025-11-29 21:00:00,5,394.85,0,4.38,44.27,2.53,78.95,91.87,4.75
1764453600,2025-11-29 22:00:00,5,361.65,0,3.57,50.8,3.22,78.97,91.67,4.4
1764457200,2025-11-29 23:00:00,5,348.21,0,3.32,52.45,3.21,78.31,90.74,4.74
1764460800,2025-11-30 00:00:00,5,342.22,0,3.32,55.34,3.4,77.03,89.44,5.3
1764464400,2025-11-30 01:00:00,5,342.86,0.11,3.52,56.51,3.65,75.13,87.78,5.87
1764468000,2025-11-30 02:00:00,4,342.63,0.38,3.31,53.23,3.56,72.62,85.51,5.95
1764471600,2025-11-30 03:00:00,4,342.36,0.53,2.86,52.83,3.42,71.19,84.25,5.22
1764475200,2025-11-30 04:00:00,4,294.53,0.19,1.55,117.8,6.84,70.22,81.91,1.77
1764478800,2025-11-30 05:00:00,4,281.17,0.14,1.2,124.77,6.73,70.01,81.18,1.46
1764482400,2025-11-30 06:00:00,5,289.12,0.14,1.3,128.89,7.21,75.49,87.07,1.44
1764486000,2025-11-30 07:00:00,5,297.43,0.13,1.5,135.22,7.69,80.97,92.97,1.43
1764489600,2025-11-30 08:00:00,5,306.89,0.13,1.87,137.52,7.96,85.87,98.32,1.58
1764493200,2025-11-30 09:00:00,5,323.19,0.09,2.46,138.51,8.25,91.71,104.95,1.76
1764496800,2025-11-30 10:00:00,5,343.73,0.03,3.32,119.85,7.59,98.38,112.48,2.09
1764500400,2025-11-30 11:00:00,5,363.86,0,3.83,94.95,6.07,104.76,119.61,2.21
1764504000,2025-11-30 12:00:00,5,376.22,0,3.99,78.17,4.63,108.17,123.59,1.93
1764507600,2025-11-30 13:00:00,5,386,0,4.18,64.53,3.38,109.32,125.26,1.75
1764511200,2025-11-30 14:00:00,5,405.68,0,4.44,52.58,2.59,112.31,129.23,1.9
1764514800,2025-11-30 15:00:00,5,419.87,0,4.55,42.59,2.23,114.53,132.37,2.32
1764518400,2025-11-30 16:00:00,5,421.3,0,4.52,35.28,2.01,114.6,132.76,2.65
1764522000,2025-11-30 17:00:00,5,416.94,0,4.32,31.76,1.68,114.73,132.56,2.33
1764525600,2025-11-30 18:00:00,5,414.67,0,4.14,31.35,1.67,115.68,133.25,2.2
1764529200,2025-11-30 19:00:00,5,403.1,0,3.72,32.84,1.82,116.4,133.52,2.09
1764532800,2025-11-30 20:00:00,5,394.52,0,3.36,33.2,1.86,117.68,134.52,1.99
1764536400,2025-11-30 21:00:00,5,385.58,0,3.02,33.48,1.92,118.87,135.7,1.82
1764540000,2025-11-30 22:00:00,5,358.6,0,2.64,39.17,2.66,118.48,135.97,1.22
1764543600,2025-11-30 23:00:00,5,347.35,0,2.43,39.7,2.67,118.44,135.98,1.08
1764547200,2025-12-01 00:00:00,5,348.75,0,2.47,38.65,2.63,118.69,136.04,0.99
1764550800,2025-12-01 01:00:00,5,362.35,0.01,2.84,37.21,2.76,118.52,135.69,0.79
1764554400,2025-12-01 02:00:00,5,381.32,0.03,3.12,36.7,3.03,118.88,135.8,0.73
1764558000,2025-12-01 03:00:00,5,406.72,0.06,3.49,41.12,3.61,120.27,136.79,0.73
1764561600,2025-12-01 04:00:00,5,360.26,0.02,3.8,95.97,4.8,101.28,112.22,0.05
1764565200,2025-12-01 05:00:00,5,337.32,0.03,4.37,90.23,4.41,88.2,96.8,0.01
1764568800,2025-12-01 06:00:00,5,351.95,0.04,5.44,86.6,4.78,88.24,96.43,0
1764572400,2025-12-01 07:00:00,5,379.19,0.11,6.6,84.49,5.17,91.08,99.42,0
1764576000,2025-12-01 08:00:00,5,411.61,0.1,8.36,79.56,5.58,92.56,101.22,0.12
1764579600,2025-12-01 09:00:00,5,454.27,0.08,10.73,74.59,6.44,97.03,106.48,0.64
1764583200,2025-12-01 10:00:00,5,506.02,0.06,13.27,60.69,7.1,104.42,114.66,0.93
1764586800,2025-12-01 11:00:00,5,541.46,0,13.95,44.77,6.49,110.09,120.64,0.84
1764590400,2025-12-01 12:00:00,5,549.51,0,12.81,35.52,5.32,111.95,122.42,0.65
1764594000,2025-12-01 13:00:00,5,553.12,0,11.32,29.63,4.12,111.74,121.85,0.62
1764597600,2025-12-01 14:00:00,5,573.78,0,10.32,25.49,3.3,113.35,123.6,0.77
1764601200,2025-12-01 15:00:00,5,588.91,0,9.49,21.75,2.77,113.59,123.86,0.89
1764604800,2025-12-01 16:00:00,5,589.2,0.01,8.65,16.79,2.18,111.43,120.52,0.96
1764608400,2025-12-01 17:00:00,5,574.64,0.01,7.8,12.09,1.6,108.99,117.57,0.95
1764612000,2025-12-01 18:00:00,5,558.69,0.02,7.17,9.26,1.29,107.1,115.15,0.93
1764615600,2025-12-01 19:00:00,5,539.4,0.03,6.59,7.45,1.1,104.79,112.22,0.91
1764619200,2025-12-01 20:00:00,5,525.1,0.05,6.14,5.75,0.94,102.64,109.53,0.93
1764622800,2025-12-01 21:00:00,5,517.76,0.09,5.77,4.42,0.85,100.95,107.37,0.96
1764626400,2025-12-01 22:00:00,5,516.06,0.16,5.51,3.31,0.82,100.14,105.74,0.99
1764630000,2025-12-01 23:00:00,5,515.14,0.27,5.28,3.09,0.88,99.35,104.56,1
1764633600,2025-12-02 00:00:00,5,522.24,0.55,5.12,4.27,1.17,97.92,103.21,1.08
1764637200,2025-12-02 01:00:00,5,535.53,1.06,5.11,7.46,1.55,95.3,101.25,0.99
1764640800,2025-12-02 02:00:00,5,546.15,1.69,4.8,9.89,1.85,92.21,99.21,1.03
1764644400,2025-12-02 03:00:00,5,549.05,1.63,4.98,15.11,2.12,89.73,97.2,1.27
1764648000,2025-12-02 04:00:00,5,506.52,0.9,5.04,52.76,2.94,75.85,81.85,0.93
1764651600,2025-12-02 05:00:00,5,505.38,0.59,4.88,63.6,3.1,77.71,84.36,1.58
1764655200,2025-12-02 06:00:00,5,537.58,0.44,4.99,71.67,3.61,88.14,96.2,2.09
1764658800,2025-12-02 07:00:00,5,551.22,0.36,4.97,83.06,4.13,96.9,106.02,2.45
1764662400,2025-12-02 08:00:00,5,538.41,0.28,4.74,91.23,4.3,101.61,110.94,2.17
1764666000,2025-12-02 09:00:00,5,503.19,0.18,4.61,97.21,4.71,101.96,110.65,1.36
1764669600,2025-12-02 10:00:00,5,442.07,0.05,4.49,88.89,4.99,96.37,103.54,0.11
1764673200,2025-12-02 11:00:00,5,454.96,0,4.8,71.43,4.26,102.79,110.72,0.22
1764676800,2025-12-02 12:00:00,5,461.77,0,4.78,59,3.44,106.97,115.7,0.28
1764680400,2025-12-02 13:00:00,5,478.81,0,5.11,48.19,2.79,110.82,120.66,0.6
1764684000,2025-12-02 14:00:00,5,518.61,0,5.67,38.78,2.5,117.55,128.86,1.08
1764687600,2025-12-02 15:00:00,5,548.85,0,6.04,31.3,2.49,122.95,134.7,1.57
1764691200,2025-12-02 16:00:00,5,561.45,0,6.15,25.79,2.45,125.24,136.45,1.87
1764694800,2025-12-02 17:00:00,5,557.72,0,5.67,21.82,1.92,126.96,137,1.35
1764698400,2025-12-02 18:00:00,5,549.1,0,5.05,20.16,1.62,129.79,138.93,0.86
1764702000,2025-12-02 19:00:00,5,536.1,0,4.44,20.32,1.56,132.18,140.74,0.54
1764705600,2025-12-02 20:00:00,5,531.96,0,4.04,19.63,1.44,134,141.9,0.52
1764709200,2025-12-02 21:00:00,5,525.73,0,3.72,19.07,1.38,135.63,143.15,0.48
1764712800,2025-12-02 22:00:00,5,519.04,0,3.58,18.65,1.54,135.88,143.27,0.37
1764716400,2025-12-02 23:00:00,5,515.36,0,3.63,17.81,1.81,133.98,141.01,0.33
1764720000,2025-12-03 00:00:00,5,524.95,0.01,4.34,16.68,2.36,130.84,137.67,0.33
1764723600,2025-12-03 01:00:00,5,551.5,0.19,6.41,15.73,3.43,126.07,132.82,0.38
1764727200,2025-12-03 02:00:00,5,617.03,0.72,9.41,15.8,4.3,126.38,132.91,0.49
1764730800,2025-12-03 03:00:00,5,699.41,0.92,13.52,20.5,5.13,128.18,133.99,0.32
1764734400,2025-12-03 04:00:00,4,531.73,0.48,14,64.61,6.11,70.16,72.28,0
1764738000,2025-12-03 05:00:00,4,508.88,0.47,12.53,68.95,5.5,59.37,60.94,0
1764741600,2025-12-03 06:00:00,4,536.44,0.57,12.19,69.74,5.61,60.33,61.81,0
1764745200,2025-12-03 07:00:00,4,559.95,0.6,11.97,69.9,6.14,63.8,65.32,0
1764748800,2025-12-03 08:00:00,4,578.84,0.48,12.41,67.42,6.78,71.36,73.06,0
1764752400,2025-12-03 09:00:00,5,592.95,0.23,13.45,63.6,7.47,80.68,82.62,0
1764756000,2025-12-03 10:00:00,5,606.07,0.03,14.19,59.21,8,92.39,94.74,0
1764759600,2025-12-03 11:00:00,5,628.65,0,14.26,54.39,8.79,106.74,109.83,0
1764763200,2025-12-03 12:00:00,5,656.93,0,14.2,49.69,9.46,120.83,124.86,0
1764766800,2025-12-03 13:00:00,5,675.81,0,13.89,42.94,9.35,132.79,138.21,0
1764770400,2025-12-03 14:00:00,5,692.21,0,13.67,35.55,9.2,142.03,148.8,0.02
1764774000,2025-12-03 15:00:00,5,703.74,0,13.69,30.04,8.96,147.79,155.16,0.16
1764777600,2025-12-03 16:00:00,5,702.96,0,13.4,25.59,8.2,149.74,157.07,0.31
1764781200,2025-12-03 17:00:00,5,696.16,0,12.92,21.5,7.06,150.88,158.11,0.42
1764784800,2025-12-03 18:00:00,5,690.05,0,12.66,18.52,6.34,151.92,159.23,0.49
1764788400,2025-12-03 19:00:00,5,684.02,0,12.36,16.65,5.67,152.56,160.01,0.61
1764792000,2025-12-03 20:00:00,5,682.26,0,12.15,15.65,5.09,153.39,161.05,0.72
1764795600,2025-12-03 21:00:00,5,685.43,0.01,12.18,15.29,4.88,154.93,163.01,0.77
1764799200,2025-12-03 22:00:00,5,692.27,0.02,12.35,14.84,4.87,157.39,166.11,0.72
1764802800,2025-12-03 23:00:00,5,697.18,0.05,12.24,12.92,4.58,159.58,169.05,0.7
1764806400,2025-12-04 00:00:00,5,710.55,0.16,12.02,10.31,4.16,161.7,172.23,0.7
1764810000,2025-12-04 01:00:00,5,730.29,0.51,12.06,8.48,4.24,163.18,174.78,0.67
1764813600,2025-12-04 02:00:00,5,753.47,0.79,12.76,7.94,4.89,164.36,176.94,0.83
1764817200,2025-12-04 03:00:00,5,770.91,0.69,14.03,9.65,6.34,166.52,180.29,0.89
1764820800,2025-12-04 04:00:00,5,698.07,0.07,12.7,41.77,11.74,167.54,185.06,0
1764824400,2025-12-04 05:00:00,5,680.53,0.03,11.82,48.76,12.65,161.28,180.1,0
1764828000,2025-12-04 06:00:00,5,681.82,0.02,11.88,51.32,13.29,157.7,177.61,0
1764831600,2025-12-04 07:00:00,5,685.56,0.19,11.71,56.17,13.53,156.95,177.97,0
1764835200,2025-12-04 08:00:00,5,691.77,0.21,11.75,58.39,13.55,160.6,182.79,0
1764838800,2025-12-04 09:00:00,5,707.67,0.15,12.12,60.02,13.72,167.15,190.81,0
1764842400,2025-12-04 10:00:00,5,724.95,0.04,11.75,53.44,11.82,176.61,201.53,0
1764846000,2025-12-04 11:00:00,5,742.99,0,10.6,44.87,9.17,187.38,213.27,0
1764849600,2025-12-04 12:00:00,5,753.47,0,9.47,40.4,7.46,195.81,222.52,0
1764853200,2025-12-04 13:00:00,5,766,0,8.9,36.9,6.13,201.69,229.34,0.26
1764856800,2025-12-04 14:00:00,5,791.1,0,8.72,33.39,5.21,208.78,237.83,0.58
1764860400,2025-12-04 15:00:00,5,808.56,0,8.63,29.98,4.78,214.7,244.06,0.77
1764864000,2025-12-04 16:00:00,5,812.27,0,8.4,26.7,4.39,216.88,244.48,0.82
1764867600,2025-12-04 17:00:00,5,798.69,0,7.71,24.77,3.74,217.64,243.65,0.58
1764871200,2025-12-04 18:00:00,5,775.23,0.01,6.83,25.39,3.7,218.39,243.73,0.33
1764874800,2025-12-04 19:00:00,5,747.03,0.01,6.02,27.43,4.32,218.06,242.96,0
1764878400,2025-12-04 20:00:00,5,736.69,0.01,5.66,27.24,4.47,218.28,243.47,0
1764882000,2025-12-04 21:00:00,5,731.99,0,5.38,29.26,4.87,219.4,245.13,0
1764885600,2025-12-04 22:00:00,5,740.89,0,5.19,33.15,5.34,223,249.41,0
1764889200,2025-12-04 23:00:00,5,743.67,0,4.91,34.11,5.17,224.06,250.38,0
1764892800,2025-12-05 00:00:00,5,739.42,0,4.8,34.18,5.12,222.17,248.06,0
1764896400,2025-12-05 01:00:00,5,732.99,0,5.08,35.27,5.57,217.14,241.6,0
1764900000,2025-12-05 02:00:00,5,734.23,0,5.6,34.11,5.81,213.18,235.72,0
1764903600,2025-12-05 03:00:00,5,741.05,0,6.23,33.93,6.08,210.53,231.04,0
1764907200,2025-12-05 04:00:00,5,757.83,0,7.03,64.25,7.54,207.52,224.46,0
1764910800,2025-12-05 05:00:00,5,753.14,0,8.35,66.01,7.47,194.6,208.22,0
1764914400,2025-12-05 06:00:00,5,766.57,0,10.03,61.25,7.61,185.54,196.78,0
1764918000,2025-12-05 07:00:00,5,788.47,0,11.62,55.96,7.75,180.63,189.9,0
1764921600,2025-12-05 08:00:00,5,813.34,0,13.02,49.58,7.55,179.54,187.43,0
1764925200,2025-12-05 09:00:00,5,842.43,0,14.56,43.75,7.45,179.58,186.52,0
1764928800,2025-12-05 10:00:00,5,872.06,0,16.06,37.9,7.32,182.47,189.39,0
1764932400,2025-12-05 11:00:00,5,895.98,0,16.76,32.95,7.41,187.88,195.53,0
1764936000,2025-12-05 12:00:00,5,907.39,0,16.48,30.01,7.5,190.35,198.81,0
1764939600,2025-12-05 13:00:00,5,911.42,0,16.21,27.04,7.5,190.52,199.67,0
1764943200,2025-12-05 14:00:00,5,928.4,0,16.82,22.48,7.23,191.41,201.17,0
1764946800,2025-12-05 15:00:00,5,939.78,0,17.54,18.14,6.93,191.53,201.79,0
1764950400,2025-12-05 16:00:00,5,938.38,0,17.59,13.84,6.14,191.48,202,0.1
1764954000,2025-12-05 17:00:00,5,935.41,0.01,17.76,10.73,5.22,192.74,203.13,0.31
1764957600,2025-12-05 18:00:00,5,940.18,0.02,18.12,9.1,4.64,193.83,203.75,0.37
1764961200,2025-12-05 19:00:00,5,950.22,0.04,18.28,8.32,4.24,194.15,203.38,0.39
1764964800,2025-12-05 20:00:00,5,959.89,0.07,18.39,8.01,4.02,194.41,203.22,0.41
1764968400,2025-12-05 21:00:00,5,972.37,0.11,18.58,7.9,3.98,195.12,203.84,0.44
1764972000,2025-12-05 22:00:00,5,983.91,0.17,18.97,8.16,4.15,196.58,205.5,0.46
1764975600,2025-12-05 23:00:00,5,979.03,0.26,18.8,8.73,4.41,196.36,205.29,0.46
1764979200,2025-12-06 00:00:00,5,964.27,0.43,17.77,8.56,4.46,195.66,204.62,0.47
1764982800,2025-12-06 01:00:00,5,946.17,0.74,16.1,7.25,4.14,192.05,201.74,0.47
1764986400,2025-12-06 02:00:00,5,933.26,0.75,15.75,7.97,4.41,187,197.54,0.43
1764990000,2025-12-06 03:00:00,5,914.83,0.41,16.34,12.33,5.31,181.18,192.01,0.24
1764993600,2025-12-06 04:00:00,5,720.92,0.11,11.87,50.13,7.84,151.04,162.04,0
1764997200,2025-12-06 05:00:00,5,662.44,0.11,9.85,56.68,7.5,132.66,143.18,0
1765000800,2025-12-06 06:00:00,5,654.9,0.13,9.31,57.62,7.4,125.99,136.33,0
1765004400,2025-12-06 07:00:00,5,651.1,0.41,8.09,63.01,7.13,122.7,133.13,0
1765008000,2025-12-06 08:00:00,5,640.63,0.44,6.91,71.23,6.79,122.93,133.57,0
1765011600,2025-12-06 09:00:00,5,628.1,0.27,6.27,77.08,6.52,123.04,133.87,0
1765015200,2025-12-06 10:00:00,5,618.62,0.06,6.28,78.08,6.24,121.49,132.49,0
1765018800,2025-12-06 11:00:00,5,617.01,0,6.06,76.38,5.79,120.48,131.57,0
1765022400,2025-12-06 12:00:00,5,615.37,0,5.58,75.42,5.28,119.96,131.18,0
1765026000,2025-12-06 13:00:00,5,616.02,0,5.35,71.69,4.71,120.4,132.09,0.14
1765029600,2025-12-06 14:00:00,5,629.44,0,5.28,65.49,4.15,122.78,135.24,0.51
1765033200,2025-12-06 15:00:00,5,640.8,0,5.08,59.58,3.71,125.19,138.14,0.82
1765036800,2025-12-06 16:00:00,5,639.28,0,4.75,47.73,2.84,126.18,139.04,0.97
1765040400,2025-12-06 17:00:00,5,628.34,0,4.46,35.54,1.96,126.08,138.39,0.88
1765044000,2025-12-06 18:00:00,5,620.9,0,4.32,28.87,1.55,125.81,137.12,0.8
1765047600,2025-12-06 19:00:00,5,616.98,0,4.36,26.49,1.54,123.48,133.25,1.14
1765051200,2025-12-06 20:00:00,5,619.4,0,4.62,26.96,1.86,120.79,130,2.05
1765054800,2025-12-06 21:00:00,5,627.44,0,5.05,28.51,2.24,119.13,127.96,3.07
1765058400,2025-12-06 22:00:00,5,634.22,0,5.45,29.29,2.55,118.84,127.36,3.95
1765062000,2025-12-06 23:00:00,5,632,0,5.32,25.75,2.45,119.08,127.26,4.03
1765065600,2025-12-07 00:00:00,5,638.23,0.01,5.04,20.29,2.11,119.57,127.28,3.09
1765069200,2025-12-07 01:00:00,5,639.96,0.09,4.76,18.07,1.77,120.06,127.53,1.08
1765072800,2025-12-07 02:00:00,5,649.78,0.22,4.75,19.11,1.86,121.33,129.77,0.77
1765076400,2025-12-07 03:00:00,5,664.37,0.25,4.94,24.13,2.17,123.8,132.95,0.84
1765080000,2025-12-07 04:00:00,5,568.28,0.11,3.97,79.2,3.56,109.93,119.02,0
1765083600,2025-12-07 05:00:00,5,516.92,0.08,3.18,90.58,3.43,100.97,108.96,0
1765087200,2025-12-07 06:00:00,5,515.58,0.07,3.13,93.6,3.63,101.81,109.26,0
1765090800,2025-12-07 07:00:00,5,512.91,0.07,3.22,95.63,3.81,99.72,106.68,0
1765094400,2025-12-07 08:00:00,5,508.91,0.07,3.57,95.44,3.94,97.93,104.42,0
1765098000,2025-12-07 09:00:00,5,515.27,0.05,4.17,94.8,4.12,99.86,105.91,0
1765101600,2025-12-07 10:00:00,5,526.45,0.01,5.07,90.11,4.32,103.72,109.68,0
1765105200,2025-12-07 11:00:00,5,541.48,0,5.85,81.47,4.4,108.4,114.85,0.22
1765108800,2025-12-07 12:00:00,5,550.69,0,6.15,74.78,4.34,110.78,117.97,0.51
1765112400,2025-12-07 13:00:00,5,545.13,0,5.94,63.95,4.09,109.46,117.06,0.61
1765116000,2025-12-07 14:00:00,5,541.54,0,5.54,52.39,3.72,108.78,116.38,0.54
1765119600,2025-12-07 15:00:00,5,542.15,0,5.28,44.18,3.6,108.96,116.06,0.49
1765123200,2025-12-07 16:00:00,5,542.63,0,5.05,36.29,3.05,110.03,116.32,0.44
1765126800,2025-12-07 17:00:00,5,540.86,0,4.82,28.37,2.33,111.55,117.11,0.42
1765130400,2025-12-07 18:00:00,5,536.98,0,4.64,23.1,1.98,113.05,118.07,0.39
1765134000,2025-12-07 19:00:00,5,530.96,0,4.34,19.93,1.77,114.35,119.01,0.35
1765137600,2025-12-07 20:00:00,5,522.09,0.01,3.93,18.64,1.66,115.52,119.96,0.3
1765141200,2025-12-07 21:00:00,5,512.5,0.01,3.58,18.84,1.7,115.88,120.28,0.25
1765144800,2025-12-07 22:00:00,5,500.74,0.01,3.45,20.37,1.99,115.12,119.66,0.18
1765148400,2025-12-07 23:00:00,5,498.78,0.01,3.68,20.94,2.32,114.8,119.51,0.15
1765152000,2025-12-08 00:00:00,5,508.09,0.01,4.49,20.33,2.89,115.55,120.78,0.17
1765155600,2025-12-08 01:00:00,5,536.21,0.19,6.13,19.51,3.87,116.49,122.34,0.26
1765159200,2025-12-08 02:00:00,5,575.89,0.9,7.24,21.23,4.66,119.06,125.39,0.3
1765162800,2025-12-08 03:00:00,5,613.22,1.38,8.04,29.63,5.78,123.29,129.75,0.21
1765166400,2025-12-08 04:00:00,5,497.84,0.48,5.41,100.41,7.84,97.15,101.94,0
1765170000,2025-12-08 05:00:00,5,496.63,0.24,4.01,115.96,7.82,96.9,101.57,0
1765173600,2025-12-08 06:00:00,5,519.01,0.16,3.67,125.64,8.33,104.26,109.25,0
1765177200,2025-12-08 07:00:00,5,540.68,0.12,3.73,132.65,8.85,114.65,120.24,0
1765180800,2025-12-08 08:00:00,5,561.07,0.1,4.25,134.5,9.5,126.91,133.3,0
1765184400,2025-12-08 09:00:00,5,575.23,0.05,4.93,134.42,10.04,135.71,142.89,0
1765188000,2025-12-08 10:00:00,5,588.71,0.01,5.74,113.05,8.79,141.47,149.68,0
1765191600,2025-12-08 11:00:00,5,617.58,0,6.97,96.71,8.09,145.73,155.35,0.54
1765195200,2025-12-08 12:00:00,5,653.59,0,7.83,91.45,8.01,149.7,160.8,1.06
1765198800,2025-12-08 13:00:00,5,689.48,0,8.24,90.24,8.16,152.19,164.58,1.34
1765202400,2025-12-08 14:00:00,5,725.19,0,8.4,90.11,8.3,155.69,169.14,1.55
1765206000,2025-12-08 15:00:00,5,754.7,0,8.46,89.46,8.33,159.5,173.73,1.66
1765209600,2025-12-08 16:00:00,5,770.18,0,8.31,87.28,7.98,162.35,176.8,1.56
1765213200,2025-12-08 17:00:00,5,772.24,0,7.87,83.39,7.13,165.09,179.04,1.2
1765216800,2025-12-08 18:00:00,5,767.95,0,7.25,76,6.09,167.74,181.02,0.94
1765220400,2025-12-08 19:00:00,5,749.38,0,6.37,60.87,4.43,169.57,181.96,0.75
1765224000,2025-12-08 20:00:00,5,726.4,0,5.49,45.09,2.81,171.62,181.32,0.59
1765227600,2025-12-08 21:00:00,5,702.64,0,4.73,36.42,2.11,173.23,180.3,0.39
1765231200,2025-12-08 22:00:00,5,665.73,0,4.02,34.45,2.1,172.1,177.25,0.16
1765234800,2025-12-08 23:00:00,5,641.3,0,3.46,32.26,1.99,171.33,175.92,0.15
1765238400,2025-12-09 00:00:00,5,633.21,0,3.29,30.14,2.07,171.61,176.64,0.2
1765242000,2025-12-09 01:00:00,5,638.27,0.1,3.69,28.83,2.39,170.51,176.94,0.37
1765245600,2025-12-09 02:00:00,5,659.06,0.37,4.42,30.55,3.15,167.98,176.62,0.74
1765249200,2025-12-09 03:00:00,5,692.09,0.51,5.81,38.31,4.64,165.47,175.74,1.15
1765252800,2025-12-09 04:00:00,5,473.51,0.17,4.98,107.44,11.99,106.02,112.77,0.03
1765256400,2025-12-09 05:00:00,5,419.15,0.09,4.1,111.85,10.21,88.86,94.26,0
1765260000,2025-12-09 06:00:00,5,408.02,0.05,4.14,111.93,9.41,80.33,85.18,0
1765263600,2025-12-09 07:00:00,5,409.26,0.05,4.44,111.94,8.9,75.11,79.76,0
1765267200,2025-12-09 08:00:00,4,417.65,0.07,4.92,111.07,8.65,73.46,78.24,0
1765270800,2025-12-09 09:00:00,4,427.77,0.05,5.35,110.36,8.45,73.37,78.38,0.05
1765274400,2025-12-09 10:00:00,5,446.59,0.01,5.88,97.11,7.17,76.49,82.29,0.29
1765278000,2025-12-09 11:00:00,5,476.65,0,6.43,78.21,5.68,82.09,89.2,0.64
1765281600,2025-12-09 12:00:00,5,505.52,0,6.71,65.46,4.73,87.5,96.06,0.75
1765285200,2025-12-09 13:00:00,5,535.5,0,7.03,55.65,4.12,91.99,102.25,1.02
1765288800,2025-12-09 14:00:00,5,573.56,0,7.37,47.1,3.77,97.76,109.85,1.42
1765292400,2025-12-09 15:00:00,5,602.6,0,7.57,39.73,3.78,102.57,116.11,2.11
1765296000,2025-12-09 16:00:00,5,616.36,0,7.7,35.66,3.94,104.48,118.28,2.72
1765299600,2025-12-09 17:00:00,5,616.87,0,7.46,35.54,3.49,105.08,116.98,2.14
1765303200,2025-12-09 18:00:00,5,614.55,0,7.02,36.95,3.17,106.02,116.13,1.49
1765306800,2025-12-09 19:00:00,5,598,0,6.37,37.78,3,105.01,113.05,1.14
1765310400,2025-12-09 20:00:00,5,574.23,0,5.59,34.83,2.64,103.58,109.77,0.98
1765314000,2025-12-09 21:00:00,5,551.09,0,4.84,28.38,2.01,101.91,106.71,0.79
1765317600,2025-12-09 22:00:00,5,525.44,0,4.14,22.59,1.49,99.22,102.91,0.59
1765321200,2025-12-09 23:00:00,5,505.86,0,3.7,20.43,1.45,96.68,99.91,0.53
1765324800,2025-12-10 00:00:00,5,496.22,0.01,3.68,19.64,1.64,94.48,97.85,0.55
1765328400,2025-12-10 01:00:00,5,498.77,0.13,3.97,19.86,1.93,92.6,96.8,0.62
1765332000,2025-12-10 02:00:00,5,509.78,0.49,4.01,22.93,2.27,91.05,96.76,0.85
1765335600,2025-12-10 03:00:00,5,521.96,0.68,3.81,34.03,2.82,91.44,98.25,1.03
1765339200,2025-12-10 04:00:00,5,448.49,0.23,2.62,116.19,5.63,82.8,88.96,0.02
1765342800,2025-12-10 05:00:00,5,424.05,0.17,2.37,125.8,6.13,85.06,91.39,0
1765346400,2025-12-10 06:00:00,5,432.81,0.15,2.69,129.26,7.1,92.31,99.27,0
1765350000,2025-12-10 07:00:00,5,433.23,0.13,2.86,133.53,7.57,95.32,102.72,0
1765353600,2025-12-10 08:00:00,5,431.56,0.12,3.13,134.09,7.66,96.45,104.25,0
1765357200,2025-12-10 09:00:00,5,438.81,0.09,3.62,134.06,7.81,100.4,108.97,0
1765360800,2025-12-10 10:00:00,5,447.51,0.03,4.29,113.89,7.09,105.85,115.51,0
1765364400,2025-12-10 11:00:00,5,459.08,0,4.65,90.67,5.91,112.29,123.29,0
1765368000,2025-12-10 12:00:00,5,469.35,0,4.79,77.36,4.97,117.76,130.1,0
1765371600,2025-12-10 13:00:00,5,490.98,0,5.3,66.78,4.18,123.41,137.36,0.05
1765375200,2025-12-10 14:00:00,5,531.01,0,6,57.12,3.66,131.33,147.18,0.48
1765378800,2025-12-10 15:00:00,5,563.5,0,6.4,48.91,3.45,138.01,155.41,0.87
1765382400,2025-12-10 16:00:00,5,578.89,0,6.52,42.37,3.25,142,160.01,1
1765386000,2025-12-10 17:00:00,5,577.79,0,6.2,38.34,2.81,144.38,161.94,0.81
1765389600,2025-12-10 18:00:00,5,568.28,0,5.72,37.28,2.75,146.71,163.57,0.61
1765393200,2025-12-10 19:00:00,5,555.04,0,5.13,38.26,3.03,147.81,163.73,0.48
1765396800,2025-12-10 20:00:00,5,553.51,0,4.84,36.97,2.85,149.08,164.86,0.52
1765400400,2025-12-10 21:00:00,5,549.88,0,4.55,36.59,2.78,150.47,166.3,0.49
1765404000,2025-12-10 22:00:00,5,542.12,0,4.29,37.15,2.89,151.23,167.18,0.37
1765407600,2025-12-10 23:00:00,5,530.21,0,4.05,37.9,3.02,150.99,167.01,0.21
1765411200,2025-12-11 00:00:00,5,519.01,0,4,39.1,3.3,150.07,166.21,0.03
1765414800,2025-12-11 01:00:00,5,507.4,0.02,4.18,40.68,3.73,148.13,163.75,0
1765418400,2025-12-11 02:00:00,5,512.17,0.06,4.51,41.14,3.85,148.25,163.33,0
1765422000,2025-12-11 03:00:00,5,519.03,0.1,5,46.27,4.36,149.96,164.82,0
1765425600,2025-12-11 04:00:00,5,423.27,0.07,4.99,92.42,5.66,111.59,121.26,0
1765429200,2025-12-11 05:00:00,5,391.65,0.09,5.62,90.63,5.64,96.19,104,0
1765432800,2025-12-11 06:00:00,5,397.59,0.12,6.83,87.35,6.05,94.4,101.68,0
1765436400,2025-12-11 07:00:00,5,409.46,0.24,7.88,86.41,6.55,95.18,102.52,0
1765440000,2025-12-11 08:00:00,5,423.11,0.19,9.09,84.6,7.11,96.77,104.48,0
1765443600,2025-12-11 09:00:00,5,445.05,0.13,10.68,82.41,7.89,100.05,108.27,0
1765447200,2025-12-11 10:00:00,5,480.65,0.03,12.55,74.47,8.38,106.48,115.55,0
1765450800,2025-12-11 11:00:00,5,518.29,0,13.4,62.44,8.11,113.36,123.47,0
1765454400,2025-12-11 12:00:00,5,548.43,0,13.47,52.29,7.56,118.46,129.56,0
1765458000,2025-12-11 13:00:00,5,578.37,0,13.36,44.28,7.13,123.16,135.28,0.06
1765461600,2025-12-11 14:00:00,5,608.76,0,13.12,38.91,6.7,127.84,140.94,0.48
1765465200,2025-12-11 15:00:00,5,632.93,0,12.62,36.63,6.33,131.36,145.2,0.81
1765468800,2025-12-11 16:00:00,5,638.79,0,11.72,32.02,5.49,132.93,147.06,0.9
1765472400,2025-12-11 17:00:00,5,627.01,0,10.58,23.33,4.16,132.85,146.77,0.82
1765476000,2025-12-11 18:00:00,5,614.53,0,9.59,17.43,3.34,132.77,146.46,0.77
1765479600,2025-12-11 19:00:00,5,599.17,0.01,8.65,13.66,2.73,131.63,145.03,0.74
1765483200,2025-12-11 20:00:00,5,585.12,0.01,7.96,11.63,2.39,130.41,143.62,0.77
1765486800,2025-12-11 21:00:00,5,578.04,0.01,7.59,10.56,2.25,130.31,143.51,0.82
1765490400,2025-12-11 22:00:00,5,578.05,0.01,7.44,9.78,2.2,131.51,144.84,0.86
1765494000,2025-12-11 23:00:00,5,576.79,0.02,7.24,8.68,2.04,131.77,145.24,0.9
1765497600,2025-12-12 00:00:00,5,583.19,0.04,7.26,7.5,2.08,130.98,144.84,1
1765501200,2025-12-12 01:00:00,5,603.57,0.25,7.58,6.94,2.56,130.14,144.24,1.04
1765504800,2025-12-12 02:00:00,5,629.48,0.9,7.24,9.12,3,130.65,144.74,1.04
1765508400,2025-12-12 03:00:00,5,651.82,1.26,6.98,16.1,3.42,133.44,147.46,0.99
1765512000,2025-12-12 04:00:00,5,554.52,0.55,5.97,66.67,5.27,122.76,131.74,0
1765515600,2025-12-12 05:00:00,5,484.18,0.32,4.78,76.16,4.69,106.82,113.88,0
1765519200,2025-12-12 06:00:00,5,481.61,0.24,4.57,79.9,4.71,107.3,114.08,0
1765522800,2025-12-12 07:00:00,5,487.39,0.21,4.5,83.76,4.55,107.11,113.57,0
1765526400,2025-12-12 08:00:00,5,479.63,0.2,4.39,86.65,4.19,102.08,108.09,0
1765530000,2025-12-12 09:00:00,5,483.49,0.15,4.67,87.78,4.01,100.49,106.38,0
1765533600,2025-12-12 10:00:00,5,501.4,0.04,5.45,82.05,3.95,103.11,109.46,0
1765537200,2025-12-12 11:00:00,5,521.83,0,5.95,71.23,3.78,108.09,115.26,0
1765540800,2025-12-12 12:00:00,5,534.12,0,5.98,62.25,3.44,110.96,118.85,0
1765544400,2025-12-12 13:00:00,5,541.64,0,5.9,54.62,3.08,112.39,120.99,0
1765548000,2025-12-12 14:00:00,5,555.41,0,5.8,48.97,2.81,115.08,124.45,0.01
1765551600,2025-12-12 15:00:00,5,562.96,0,5.54,45.09,2.64,116.38,126.23,0.26
1765555200,2025-12-12 16:00:00,5,559.33,0,5.14,38.25,2.23,115.46,124.96,0.45
1765558800,2025-12-12 17:00:00,5,545.18,0,4.7,29.84,1.66,114.27,123.03,0.55
1765562400,2025-12-12 18:00:00,5,526.83,0,4.25,24.61,1.28,112.95,120.96,0.63
1765566000,2025-12-12 19:00:00,5,510.31,0,3.9,20.48,1.05,111.01,118.12,0.71
1765569600,2025-12-12 20:00:00,5,501.18,0,3.71,17.09,0.89,109.44,115.99,0.77
1765573200,2025-12-12 21:00:00,5,496.92,0,3.62,15.92,0.83,108.73,114.97,0.83
1765576800,2025-12-12 22:00:00,5,498.31,0,3.65,16.47,0.86,108.87,115.13,0.89
1765580400,2025-12-12 23:00:00,5,496.32,0,3.78,15.51,0.92,108.83,114.99,0.9
1765584000,2025-12-13 00:00:00,5,506.14,0.01,4.3,14.56,1.19,109.21,115.32,0.94
1765587600,2025-12-13 01:00:00,5,519.55,0.03,5,14.87,1.49,108.37,114.31,0.84
1765591200,2025-12-13 02:00:00,5,528.84,0.14,5.22,15,1.59,107.05,113.16,0.79
1765594800,2025-12-13 03:00:00,5,535.32,0.24,4.9,17.27,1.6,106.77,112.8,0.69
1765598400,2025-12-13 04:00:00,5,485.29,0.08,4.32,58.55,2.08,83.85,87.52,0.06
1765602000,2025-12-13 05:00:00,5,528.05,0.07,5.36,54.13,2.06,77.58,80.23,0.15
1765605600,2025-12-13 06:00:00,5,632.57,0.06,7.4,43.28,2.14,77.2,79.16,0.22
1765609200,2025-12-13 07:00:00,4,734.12,0.03,9.55,33.75,2.2,73.43,74.73,0.22
1765612800,2025-12-13 08:00:00,4,770.94,0.01,10.73,29.7,2.45,63.91,64.7,0.18
1765616400,2025-12-13 09:00:00,4,731.29,0.01,10.8,29.05,2.86,51.65,52.16,0.14
1765620000,2025-12-13 10:00:00,3,694.96,0,11.44,27.65,2.98,43.37,43.78,0.13
1765623600,2025-12-13 11:00:00,3,772.64,0,14.43,23.02,2.95,42.69,43.12,0.19
1765627200,2025-12-13 12:00:00,3,920.57,0,18.46,18.36,2.81,43.81,44.3,0.24
1765630800,2025-12-13 13:00:00,3,1044.47,0,21.38,15.76,2.54,43.68,44.26,0.29
1765634400,2025-12-13 14:00:00,3,1112.64,0,22.21,15.16,2.44,42.63,43.29,0.31
1765638000,2025-12-13 15:00:00,3,1121.56,0,21.26,15.89,2.29,40.55,41.25,0.32
1765641600,2025-12-13 16:00:00,3,1096.04,0,19.22,17.3,2.13,37.49,38.14,0.31
1765645200,2025-12-13 17:00:00,3,1062.94,0,17.19,19.16,1.96,34.53,35.08,0.29
1765648800,2025-12-13 18:00:00,3,1024.11,0,15.28,21.48,1.91,31.8,32.3,0.3
1765652400,2025-12-13 19:00:00,3,979.3,0,13.33,24.33,1.87,29.52,30.01,0.3
1765656000,2025-12-13 20:00:00,3,935.65,0,11.57,28.15,1.89,27.89,28.36,0.31
1765659600,2025-12-13 21:00:00,3,892.67,0,10.17,32.47,1.98,27.02,27.5,0.33
1765663200,2025-12-13 22:00:00,3,854.08,0,9.13,36.68,2.16,27.2,27.72,0.35
1765666800,2025-12-13 23:00:00,3,826.98,0,8.32,39.88,2.26,28.13,28.71,0.37
1765670400,2025-12-14 00:00:00,3,809.1,0,7.65,42.5,2.25,29.53,30.22,0.4
1765674000,2025-12-14 01:00:00,3,792.18,0.02,7.41,44.5,2.27,30.97,31.79,0.46
1765677600,2025-12-14 02:00:00,3,775.54,0.1,7.42,45.56,2.48,32.24,33.24,0.57
1765681200,2025-12-14 03:00:00,3,760.33,0.22,7.3,46.84,2.81,33.67,34.87,0.67
1765684800,2025-12-14 04:00:00,3,742.51,0.32,6.98,49.62,3.07,35.07,36.39,0.74
1765688400,2025-12-14 05:00:00,3,720,0.33,6.79,53.69,3.22,36.29,37.62,0.81
1765692000,2025-12-14 06:00:00,3,698.27,0.33,6.72,58.47,3.29,37.24,38.53,0.9
1765695600,2025-12-14 07:00:00,3,675.65,0.41,6.3,64.95,3.22,37.61,38.86,0.97
1765699200,2025-12-14 08:00:00,3,652.87,0.41,5.71,71.84,3.18,36.94,38.21,1.04
1765702800,2025-12-14 09:00:00,3,631.59,0.3,5.56,77.26,3.31,35.73,37.07,1.12
1765706400,2025-12-14 10:00:00,3,645.16,0.13,6.65,68.07,3.37,38.24,40.4,1.77
1765710000,2025-12-14 11:00:00,3,676.73,0,8.04,51.41,3.25,43.55,47.1,2.61
1765713600,2025-12-14 12:00:00,3,711.31,0,9.02,40.27,3.26,48.72,53.71,3.19
1765717200,2025-12-14 13:00:00,4,736.93,0,9.9,32.97,3.94,53.75,60.18,4.16
1765720800,2025-12-14 14:00:00,4,757.04,0,10.48,28.05,4.96,58.26,65.79,5.48
1765724400,2025-12-14 15:00:00,4,767.93,0,10.61,24.92,5.75,61.55,69.69,6.58
1765728000,2025-12-14 16:00:00,4,762.93,0,10.33,25.02,6.03,63.11,70.99,7.16
1765731600,2025-12-14 17:00:00,4,753.41,0,9.47,26.18,5.36,64.07,70.86,6.55
1765735200,2025-12-14 18:00:00,4,742.44,0,8.49,27.31,4.28,64.83,70.59,4.86
1765738800,2025-12-14 19:00:00,4,704.36,0,7.08,30.5,3.34,63.76,68.26,2.34
1765742400,2025-12-14 20:00:00,4,682.69,0,6.08,30.83,2.75,63.09,67.03,1.93
1765746000,2025-12-14 21:00:00,4,662.42,0,5.34,28.9,2.35,62.74,66.38,1.74
1765749600,2025-12-14 22:00:00,4,639.91,0,4.62,23.51,1.9,62.21,65.7,1.18
1765753200,2025-12-14 23:00:00,4,624.45,0,4.16,21.33,1.83,61.68,65.2,1.04
1765756800,2025-12-15 00:00:00,4,621.17,0.01,4.12,21.26,2.03,61.66,65.8,1.12
1765760400,2025-12-15 01:00:00,4,632.27,0.19,4.41,22.08,2.38,60.74,65.8,1.39
1765764000,2025-12-15 02:00:00,4,646.85,0.55,4.65,24.72,2.88,60.59,66.58,1.66
1765767600,2025-12-15 03:00:00,4,655.56,0.59,5.37,32.32,4.01,62.6,69.3,1.96
1765771200,2025-12-15 04:00:00,4,541.33,0.34,5.38,85.01,10.83,58.77,63.97,0.6
1765774800,2025-12-15 05:00:00,4,507.76,0.35,5.2,89.85,11.01,57.5,62.71,0.6
1765778400,2025-12-15 06:00:00,4,498.81,0.36,5.35,90.69,11.21,58.87,64.42,0.71
1765782000,2025-12-15 07:00:00,4,508.87,0.34,5.77,90.13,10.8,61.54,67.74,1.05
1765785600,2025-12-15 08:00:00,4,528.85,0.33,6.74,86.15,10.37,65.45,72.58,1.58
1765789200,2025-12-15 09:00:00,4,548.81,0.24,7.97,82.25,10.51,68.55,76.66,2.08
1765792800,2025-12-15 10:00:00,4,569.88,0.09,9.34,68.37,9.87,71.25,80.38,2.51
1765796400,2025-12-15 11:00:00,4,580.98,0,9.66,52.3,8.07,73.29,83.19,2.42
1765800000,2025-12-15 12:00:00,4,581.64,0,9.11,43.06,6.59,74.57,85.01,2.01
1765803600,2025-12-15 13:00:00,5,585.21,0,8.73,36.17,5.29,75.23,86.52,1.82
1765807200,2025-12-15 14:00:00,5,602.96,0,8.55,30.34,4.27,77.15,89.77,1.81
1765810800,2025-12-15 15:00:00,5,614.42,0,8.17,25.93,3.75,79.36,93.21,1.86
1765814400,2025-12-15 16:00:00,5,613.76,0,7.69,22.49,3.31,80.57,94.98,1.89
1765818000,2025-12-15 17:00:00,5,604.48,0,7.07,19.5,2.59,80.9,94.5,1.62
1765821600,2025-12-15 18:00:00,5,592.35,0,6.45,17.27,2.06,81.52,94.31,1.4
1765825200,2025-12-15 19:00:00,5,580.64,0,6.01,16.86,1.9,81.97,93.85,1.29
1765828800,2025-12-15 20:00:00,5,580.68,0,5.95,18.45,2.06,82.49,93.7,1.26
1765832400,2025-12-15 21:00:00,5,585.67,0,5.99,20.71,2.34,83.37,94.16,1.23
1765836000,2025-12-15 22:00:00,5,582.03,0,6.01,24.68,3,84.37,94.73,1.1
1765839600,2025-12-15 23:00:00,5,583.91,0,6.12,25.71,3.11,85.38,95.42,1.17
1765843200,2025-12-16 00:00:00,5,585.78,0,6.28,23.91,3.06,86.38,96.54,1.21
1765846800,2025-12-16 01:00:00,5,593.07,0.04,6.55,17.45,2.6,83.63,94.29,1.27
1765850400,2025-12-16 02:00:00,5,605.72,0.15,6.91,15.42,2.69,82.64,93.95,1.18
1765854000,2025-12-16 03:00:00,5,611.26,0.28,6.95,19,3.18,83.39,95.39,1.1
1765857600,2025-12-16 04:00:00,4,511.57,0.3,5.72,62.52,5.89,71.44,82.17,0.04
1765861200,2025-12-16 05:00:00,4,477.36,0.28,5.57,65.76,5.85,66.25,76.19,0
1765864800,2025-12-16 06:00:00,4,478.73,0.28,6.19,66.09,6.39,67.6,77.65,0
1765868400,2025-12-16 07:00:00,4,491.08,0.26,6.86,67.16,6.82,70.91,81.5,0.01
1765872000,2025-12-16 08:00:00,4,506.1,0.22,7.65,66.09,7.08,74.72,86.06,0.24
1765875600,2025-12-16 09:00:00,5,525.96,0.16,8.83,64.29,7.61,79.03,91.37,0.54
1765879200,2025-12-16 10:00:00,5,550.85,0.05,10.24,55.09,7.73,83.85,97.39,0.81
1765882800,2025-12-16 11:00:00,5,576.74,0,10.96,42.96,6.99,88.1,102.7,1.01
1765886400,2025-12-16 12:00:00,5,597.2,0,11.05,35.05,6.12,91.27,106.83,1.05
1765890000,2025-12-16 13:00:00,5,606.09,0,10.68,28.73,5.26,93,109.25,0.98
1765893600,2025-12-16 14:00:00,5,607.54,0,10.01,23.18,4.48,94.15,110.77,0.96
1765897200,2025-12-16 15:00:00,5,601.98,0,9.39,19.61,4,94.82,110.95,1.08
1765900800,2025-12-16 16:00:00,5,589.19,0.01,8.89,17.55,3.68,95.06,110.21,1.03
1765904400,2025-12-16 17:00:00,5,572.67,0.01,8.44,16.56,3.4,95.77,109.76,0.75
1765908000,2025-12-16 18:00:00,5,563.15,0.01,8.47,16.96,3.68,97.51,111.15,0.44
1765911600,2025-12-16 19:00:00,5,569.62,0,9.35,18.34,4.72,99.51,112.38,0.13
1765915200,2025-12-16 20:00:00,5,591.38,0,10.69,17.62,4.99,101.56,113.08,0.05
1765918800,2025-12-16 21:00:00,5,616.64,0,12.47,16.2,5.22,104.1,114.55,0
1765922400,2025-12-16 22:00:00,5,647.65,0,14.92,14.75,5.49,107.27,116.84,0
1765926000,2025-12-16 23:00:00,5,673.2,0,17.24,12.6,5.58,109.56,118.17,0
1765929600,2025-12-17 00:00:00,5,691.75,0.01,18.76,11.1,5.55,110.12,117.79,0
1765933200,2025-12-17 01:00:00,5,704.88,0.02,19.22,11.88,5.68,109.54,116.8,0
1765936800,2025-12-17 02:00:00,5,723.8,0.1,19.66,14,6.16,109.75,117.38,0
1765940400,2025-12-17 03:00:00,5,749.68,0.3,21.4,16.68,6.87,111.47,119.36,0
1765944000,2025-12-17 04:00:00,5,633.15,0.14,20.51,40.03,7.62,91.21,97.02,0
1765947600,2025-12-17 05:00:00,4,557.23,0.09,16.97,49.04,6.66,70.68,74.92,0.02
1765951200,2025-12-17 06:00:00,4,525.51,0.07,15.69,52.42,6.37,60.62,64.22,0.16
1765954800,2025-12-17 07:00:00,4,501.26,0.4,14.17,57.62,6.17,55.7,58.95,0.26
1765958400,2025-12-17 08:00:00,4,483.02,0.58,12.93,62.94,5.99,54.75,57.92,0.39
1765962000,2025-12-17 09:00:00,4,471.04,0.45,12.43,67.09,6.11,55.69,59.02,0.53
1765965600,2025-12-17 10:00:00,4,480.61,0.11,11.93,54.4,5.58,58.76,62.7,0.74
1765969200,2025-12-17 11:00:00,4,506.22,0,11.1,36.84,4.77,61.93,66.66,0.95
1765972800,2025-12-17 12:00:00,4,530.55,0,10.61,26.58,4.22,64.07,69.48,1.02
1765976400,2025-12-17 13:00:00,4,548.97,0,10.38,21.15,4.18,65.49,71.47,1.11
1765980000,2025-12-17 14:00:00,4,560.69,0,10.26,20.04,4.55,66.69,72.85,1.12
1765983600,2025-12-17 15:00:00,4,559.8,0,10.08,22.54,5.23,66.85,72.47,1.02
1765987200,2025-12-17 16:00:00,4,546.7,0,9.47,27.37,5.46,66.48,71.03,0.77
1765990800,2025-12-17 17:00:00,4,523.52,0,8.13,28.69,4.74,64.55,68.05,0.68
1765994400,2025-12-17 18:00:00,4,493.3,0,6.42,28.38,3.84,61.55,64.28,0.65
1765998000,2025-12-17 19:00:00,4,466.59,0,4.87,27.46,3.13,59.6,61.78,0.48
1766001600,2025-12-17 20:00:00,4,452.52,0,4.12,26.4,2.8,58.89,60.83,0.44
1766005200,2025-12-17 21:00:00,4,450.39,0,4.02,25.35,2.77,59.51,61.42,0.4
1766008800,2025-12-17 22:00:00,4,457.66,0,4.37,23.89,2.74,61.79,63.89,0.35
1766012400,2025-12-17 23:00:00,4,470.83,0,4.89,21.6,2.81,64.98,67.42,0.3
1766016000,2025-12-18 00:00:00,4,489.67,0.01,5.57,19.4,3,68.4,71.45,0.33
1766019600,2025-12-18 01:00:00,4,510.91,0.25,6.23,18.59,3.4,70.98,74.96,0.35
1766023200,2025-12-18 02:00:00,4,528.76,0.97,6.17,22.41,4,73.28,78.09,0.33
1766026800,2025-12-18 03:00:00,5,530.4,1.2,6.03,34.07,4.86,76.01,81.23,0.2
1766030400,2025-12-18 04:00:00,5,420.1,0.45,3.9,92.93,8.28,76.77,80.95,0
1766034000,2025-12-18 05:00:00,5,391.28,0.26,2.85,105.16,8.42,76.27,80.46,0
1766037600,2025-12-18 06:00:00,5,392.03,0.2,2.6,114.77,8.91,79,83.54,0
1766041200,2025-12-18 07:00:00,5,401.86,0.18,2.59,125.3,9.6,83.14,88.2,0
1766044800,2025-12-18 08:00:00,5,416.67,0.16,2.99,131.5,10.29,88.7,94.45,0
1766048400,2025-12-18 09:00:00,5,433.9,0.11,3.67,134.45,10.99,94.84,101.38,0.02
1766052000,2025-12-18 10:00:00,5,454.2,0.03,4.68,117,10.22,101.25,108.76,0.31
1766055600,2025-12-18 11:00:00,5,479.79,0,5.38,93.6,8.34,107.9,116.55,0.71
1766059200,2025-12-18 12:00:00,5,499.32,0,5.59,79.17,6.64,112.93,122.7,0.81
1766062800,2025-12-18 13:00:00,5,519.05,0,5.81,67.96,5.22,116.72,127.77,0.81
1766066400,2025-12-18 14:00:00,5,549.41,0,6.07,57.74,4.24,121.67,134.24,0.99
1766070000,2025-12-18 15:00:00,5,570.06,0,6.11,48.61,3.68,125.4,139.16,1.22
1766073600,2025-12-18 16:00:00,5,579.32,0,6.1,44.05,3.57,126.41,140.54,1.55
1766077200,2025-12-18 17:00:00,5,588.38,0,6.07,44.06,3.48,127.18,140.83,1.51
1766080800,2025-12-18 18:00:00,5,598.87,0,5.92,44.56,3.43,128.25,141.27,1.45
1766084400,2025-12-18 19:00:00,5,600.26,0,5.57,45.92,3.5,128.39,140.51,1.37
1766088000,2025-12-18 20:00:00,5,596.06,0,5.2,48.22,3.66,128.58,139.75,1.28
1766091600,2025-12-18 21:00:00,5,591.85,0,4.89,50.51,3.8,129.28,138.97,1.17
1766095200,2025-12-18 22:00:00,5,579.89,0,4.61,48.14,3.6,129.36,138.28,1.1
1766098800,2025-12-18 23:00:00,5,567.25,0.01,4.27,39.06,2.84,128.78,136.97,1.01
1766102400,2025-12-19 00:00:00,5,563.78,0.01,4.28,30.38,2.38,128.08,135.75,0.91
1766106000,2025-12-19 01:00:00,5,562.79,0.2,4.35,25.72,2.44,126.06,134.12,0.75
1766109600,2025-12-19 02:00:00,5,569.13,0.75,4.14,27.11,2.84,124.89,134.35,0.9
1766113200,2025-12-19 03:00:00,5,577.41,0.88,4.14,38.43,3.77,126.98,137.37,1.11
1766116800,2025-12-19 04:00:00,5,484.61,0.34,3.01,122.98,12.09,122.72,131.86,0.06
1766120400,2025-12-19 05:00:00,5,449.97,0.22,2.13,133.34,12.11,119.74,128.38,0
1766124000,2025-12-19 06:00:00,5,455.42,0.18,1.93,141.24,12.37,124.83,133.79,0
1766127600,2025-12-19 07:00:00,5,464.01,0.15,1.94,148.27,12.28,128.72,138,0
1766131200,2025-12-19 08:00:00,5,472.39,0.14,2.26,149.49,11.75,131.4,141.02,0
1766134800,2025-12-19 09:00:00,5,489.68,0.1,2.9,149.11,11.45,136.21,146.47,0
1766138400,2025-12-19 10:00:00,5,511.51,0.03,3.89,128.88,9.55,141.65,152.68,0
1766142000,2025-12-19 11:00:00,5,536.66,0,4.61,102.58,7.01,146.89,158.86,0.2
1766145600,2025-12-19 12:00:00,5,555.79,0,4.94,85.09,5.28,150.51,163.39,0.37
1766149200,2025-12-19 13:00:00,5,579.31,0,5.45,69.89,4.02,152.6,166.53,0.59
1766152800,2025-12-19 14:00:00,5,614.87,0,5.91,55.42,3.16,156.93,172,0.82
1766156400,2025-12-19 15:00:00,5,637.32,0,6.05,43.2,2.69,159.85,174.65,1.01
1766160000,2025-12-19 16:00:00,5,641.94,0,6.02,34.43,2.42,159.82,173.94,1.27
1766163600,2025-12-19 17:00:00,5,639.85,0,5.84,29.62,2.13,160.38,173.33,1.34
1766167200,2025-12-19 18:00:00,5,634.96,0,5.49,27.01,1.91,161.63,173.68,1.42
1766170800,2025-12-19 19:00:00,5,622.87,0,5.06,25.21,1.75,162.45,173.72,1.45
1766174400,2025-12-19 20:00:00,5,609.21,0,4.68,22.78,1.53,163.25,173.83,1.35
1766178000,2025-12-19 21:00:00,5,597.65,0,4.37,20.66,1.35,164.25,174.12,1.22
1766181600,2025-12-19 22:00:00,5,584.74,0,4.08,20.05,1.3,164.89,174.48,1.04
1766185200,2025-12-19 23:00:00,5,571.89,0,3.82,21.37,1.39,165.07,174.52,0.85
1766188800,2025-12-20 00:00:00,5,565.35,0,3.86,23.6,1.69,164.91,174.59,0.78
1766192400,2025-12-20 01:00:00,5,566.1,0.04,4.22,24.04,1.94,163.9,174.22,0.73
1766196000,2025-12-20 02:00:00,5,578.92,0.15,4.7,24.05,2.16,162.03,173.43,0.84
1766199600,2025-12-20 03:00:00,5,590.87,0.2,5.02,30.5,2.72,159.72,171.88,1.04
1766203200,2025-12-20 04:00:00,5,491.79,0.13,3.29,101.38,5.64,119,128.91,0.04
1766206800,2025-12-20 05:00:00,5,445.99,0.2,2.47,102.8,4.76,101.23,109.8,0.01
1766210400,2025-12-20 06:00:00,5,434.84,0.2,1.99,104.65,4.36,94.49,102.53,0.1
1766214000,2025-12-20 07:00:00,5,407.28,0.16,1.65,106.56,3.85,82.62,89.87,0.2
1766217600,2025-12-20 08:00:00,4,381.36,0.12,1.67,104.17,3.42,71.12,77.75,0.29
1766221200,2025-12-20 09:00:00,4,379.06,0.08,1.98,102.8,3.31,66.45,73.14,0.36
1766224800,2025-12-20 10:00:00,4,389.66,0.03,2.68,87.84,2.95,65.17,72.32,0.48
1766228400,2025-12-20 11:00:00,4,407.12,0,3.41,69.94,2.52,66.47,74.48,0.65
1766232000,2025-12-20 12:00:00,4,421.61,0,3.88,58.92,2.25,67.64,76.7,0.75
1766235600,2025-12-20 13:00:00,4,433.6,0,4.29,50.86,2.12,67.82,77.95,0.82
1766239200,2025-12-20 14:00:00,4,452.79,0,4.67,43.5,2.04,68.93,79.85,0.96
1766242800,2025-12-20 15:00:00,4,469.28,0,4.92,36.57,1.97,70.43,81.78,1.11
1766246400,2025-12-20 16:00:00,4,474.86,0,4.98,30.73,2.07,71.01,81.7,1.1
1766250000,2025-12-20 17:00:00,4,472.97,0,4.84,27.21,2.04,71.42,80.82,0.84
1766253600,2025-12-20 18:00:00,4,468.99,0,4.64,26.14,2.12,72.08,80.4,0.61
1766257200,2025-12-20 19:00:00,4,467.91,0,4.44,26.34,2.35,72.78,80.16,0.46
1766260800,2025-12-20 20:00:00,4,470.43,0,4.21,25.54,2.32,73.07,79.22,0.42
1766264400,2025-12-20 21:00:00,4,470.15,0,3.94,24.85,2.23,72.59,77.66,0.42
1766268000,2025-12-20 22:00:00,4,465.63,0,3.6,23.59,1.91,71.16,75.43,0.41
1766271600,2025-12-20 23:00:00,4,452.64,0,3.18,21.66,1.68,69.66,73.43,0.38
1766275200,2025-12-21 00:00:00,4,443.85,0.01,2.94,20.19,1.71,68.42,72.03,0.38
1766278800,2025-12-21 01:00:00,4,443,0.09,3.07,19.27,2.06,66.21,70.12,0.48
1766282400,2025-12-21 02:00:00,4,454.95,0.45,3.36,21.37,2.61,64.04,68.65,0.56
1766286000,2025-12-21 03:00:00,4,468.86,0.75,4.12,30.49,3.55,63.96,68.81,0.4
1766289600,2025-12-21 04:00:00,3,329.2,0.38,3.37,88.76,5.49,39.38,41.94,0
1766293200,2025-12-21 05:00:00,3,308.65,0.26,2.79,95.32,4.97,37.14,39.23,0
1766296800,2025-12-21 06:00:00,3,321.99,0.2,2.84,100.29,5.18,41.06,43.17,0
1766300400,2025-12-21 07:00:00,3,343.55,0.19,3,106.41,5.47,47.05,49.32,0
1766304000,2025-12-21 08:00:00,4,364.15,0.2,3.28,110.63,5.72,53.07,55.6,0
1766307600,2025-12-21 09:00:00,4,379.95,0.15,3.76,112.5,5.84,57.4,60.21,0.09
1766311200,2025-12-21 10:00:00,4,408,0.05,4.9,89.5,4.88,61.26,64.97,0.72
1766314800,2025-12-21 11:00:00,4,446.03,0,5.99,62.85,3.83,65.13,70.19,1.41
1766318400,2025-12-21 12:00:00,4,473.88,0,6.59,49.14,3.48,67.75,74.11,1.92
1766322000,2025-12-21 13:00:00,4,493.84,0,6.98,45.19,3.7,69.64,77.16,2.56
1766325600,2025-12-21 14:00:00,4,516.96,0,7.23,46.5,3.97,72.34,80.76,2.98
1766329200,2025-12-21 15:00:00,4,540.86,0,7.34,48.71,4.13,74.76,83.79,3.29
1766332800,2025-12-21 16:00:00,5,556.16,0,7.2,51.57,3.97,75.82,84.91,3.09
1766336400,2025-12-21 17:00:00,5,562.1,0,6.79,55.69,3.51,76.26,84.72,2.23
1766340000,2025-12-21 18:00:00,5,564.54,0,6.4,60.72,3.41,76.99,84.75,1.64
1766343600,2025-12-21 19:00:00,5,549.14,0,5.65,66.61,3.74,76.11,82.76,1.25
1766347200,2025-12-21 20:00:00,5,541.8,0,5.16,70.73,4.1,75.09,81.06,1.16
1766350800,2025-12-21 21:00:00,4,540.77,0,5.01,72.45,4.41,74.8,80.49,1.12
1766354400,2025-12-21 22:00:00,4,532.32,0,4.83,60.26,3.76,74.65,80.31,1.05
1766358000,2025-12-21 23:00:00,5,524.13,0,4.68,46.07,3,76.22,81.98,0.72
1766361600,2025-12-22 00:00:00,5,525.04,0,4.8,39.04,2.9,78.99,85.22,0.6
1766365200,2025-12-22 01:00:00,5,525.05,0.04,5.12,37.34,3.74,82.57,89.1,0.44
1766368800,2025-12-22 02:00:00,5,522.77,0.19,5.16,38.8,4.28,85.37,92.11,0.36
1766372400,2025-12-22 03:00:00,5,503.81,0.3,4.5,47.91,4.57,87.19,94.23,0.11
1766376000,2025-12-22 04:00:00,5,478.88,0.21,3.21,98.39,5.69,97.62,104.6,0
1766379600,2025-12-22 05:00:00,5,449.44,0.17,2.23,105.69,4.82,94.75,101.88,0
1766383200,2025-12-22 06:00:00,5,430.18,0.13,1.76,109.26,4.25,91.09,98.32,0
1766386800,2025-12-22 07:00:00,5,424.59,0.13,1.78,111.91,4.01,89.76,97.3,0
1766390400,2025-12-22 08:00:00,5,425.72,0.13,2.28,110.44,4,88.82,97.23,0
1766394000,2025-12-22 09:00:00,5,429.23,0.1,3,107.94,4.08,88.16,97.55,0
1766397600,2025-12-22 10:00:00,5,439.73,0.03,3.96,98.11,3.98,89.86,100.61,0
1766401200,2025-12-22 11:00:00,5,451.12,0,4.55,83.27,3.59,92.5,104.51,0.03
1766404800,2025-12-22 12:00:00,5,458.8,0,4.7,72.37,3.14,94.01,106.75,0.11
1766408400,2025-12-22 13:00:00,5,456.64,0,4.6,62.64,2.72,93.21,106.07,0.16
1766412000,2025-12-22 14:00:00,5,452.22,0,4.24,53.76,2.34,92.43,104.83,0.23
1766415600,2025-12-22 15:00:00,5,443.96,0,3.74,46.6,2.05,91.25,102.65,0.37
1766419200,2025-12-22 16:00:00,5,431.92,0,3.3,40.65,1.74,89.32,99.41,0.52
1766422800,2025-12-22 17:00:00,5,423.08,0,2.96,35.23,1.41,88.07,97.06,0.56
1766426400,2025-12-22 18:00:00,5,416.31,0,2.73,30.5,1.2,87.35,95.51,0.59
1766430000,2025-12-22 19:00:00,5,413.62,0,2.67,25.81,1.07,86.36,93.41,0.66
1766433600,2025-12-22 20:00:00,5,416.4,0,2.77,22.83,0.99,85.43,91.65,0.82
1766437200,2025-12-22 21:00:00,5,421.62,0,2.92,23.22,1.02,84.7,90.4,0.97
1766440800,2025-12-22 22:00:00,5,429.4,0,3.14,26.04,1.1,82.62,88.01,1.04
1766444400,2025-12-22 23:00:00,5,435.24,0,3.34,25.44,1.15,80.05,85.24,1.08
1766448000,2025-12-23 00:00:00,5,450.14,0.01,3.83,23.69,1.42,78.81,84.25,1.22
1766451600,2025-12-23 01:00:00,5,471.9,0.15,4.42,21.78,1.71,77.7,83.91,1.24
1766455200,2025-12-23 02:00:00,5,492.04,0.46,4.59,21.23,1.85,75.62,82.71,1.16
1766458800,2025-12-23 03:00:00,4,503.07,0.32,4.89,25.75,1.92,71.73,79.16,1.15
1766462400,2025-12-23 04:00:00,3,455.5,0.07,2.5,76.31,1.6,41.34,47.38,0.33
1766466000,2025-12-23 05:00:00,3,424.78,0.1,1.75,77.89,1.32,32.06,36.84,0.28
1766469600,2025-12-23 06:00:00,3,411.38,0.12,1.48,77.41,1.31,29.92,33.95,0.29
1766473200,2025-12-23 07:00:00,3,404.01,0.12,1.36,78.05,1.34,29.49,33.12,0.36
1766476800,2025-12-23 08:00:00,3,398.16,0.12,1.44,77.9,1.45,29.75,33.33,0.46
1766480400,2025-12-23 09:00:00,3,392.66,0.11,1.69,77.53,1.58,30.38,34.15,0.54
1766484000,2025-12-23 10:00:00,3,395.75,0.05,2.36,68.09,1.71,31.63,36.11,0.71
1766487600,2025-12-23 11:00:00,3,408.87,0,3.13,54.74,1.82,33.42,38.95,0.84
1766491200,2025-12-23 12:00:00,3,422.07,0,3.6,46.41,1.87,35.09,41.71,0.88
1766494800,2025-12-23 13:00:00,3,443.86,0,4.27,38.23,1.87,35.97,43.85,1.07
1766498400,2025-12-23 14:00:00,3,474.23,0,4.87,29.53,1.81,36.92,45.85,1.35
1766502000,2025-12-23 15:00:00,3,497.72,0,5.15,22.88,1.8,37.52,46.66,1.68
1766505600,2025-12-23 16:00:00,3,507.08,0.01,5.23,18.13,1.71,37.69,46.42,1.89
1766509200,2025-12-23 17:00:00,3,504.35,0.01,5.1,15.17,1.37,37.42,45.15,1.66
1766512800,2025-12-23 18:00:00,3,500.22,0.01,4.95,13.25,1.14,37.21,44.12,1.51
1766516400,2025-12-23 19:00:00,3,497.42,0.01,4.85,12,1.01,36.62,42.7,1.46
1766520000,2025-12-23 20:00:00,3,493.16,0.02,4.73,11.73,0.95,35.59,41.22,1.52
1766523600,2025-12-23 21:00:00,3,488.21,0.03,4.63,13.04,0.96,34.45,39.97,1.64
1766527200,2025-12-23 22:00:00,3,484.93,0.03,4.58,16.29,0.99,33.45,38.98,1.64
1766530800,2025-12-23 23:00:00,3,483.31,0.03,4.6,17.8,0.99,32.59,37.92,1.36
1766534400,2025-12-24 00:00:00,3,492.84,0.06,5,17.96,1.2,32.33,37.6,1.27
1766538000,2025-12-24 01:00:00,3,489.87,0.14,5.37,18.04,1.45,31.02,36.51,1.11
1766541600,2025-12-24 02:00:00,3,489.72,0.48,5.3,18.99,1.66,30,36.23,1.13
1766545200,2025-12-24 03:00:00,3,483.34,0.73,4.91,23.25,1.8,29.17,35.78,1.27
1766548800,2025-12-24 04:00:00,2,312.38,0.23,2.58,60.61,1.7,16.72,20.79,0.44
1766552400,2025-12-24 05:00:00,2,266,0.16,1.47,67.77,1.29,13.23,16.31,0.39
1766556000,2025-12-24 06:00:00,2,255.39,0.12,1.08,71.73,1.19,13.61,16.47,0.43
1766559600,2025-12-24 07:00:00,2,252.24,0.11,1.01,75.98,1.2,14.72,17.56,0.52
1766563200,2025-12-24 08:00:00,2,247.99,0.12,1.18,78.29,1.37,15.71,18.59,0.68
1766566800,2025-12-24 09:00:00,2,250.21,0.12,1.5,79.59,1.54,16.64,19.71,0.84
1766570400,2025-12-24 10:00:00,2,262.47,0.06,2.19,71.16,1.74,17.96,21.6,1.03
1766574000,2025-12-24 11:00:00,2,282.17,0,2.99,58.55,1.88,19.78,24.36,1.07
1766577600,2025-12-24 12:00:00,2,301.01,0,3.47,50.63,1.93,21.58,27.18,0.96
1766581200,2025-12-24 13:00:00,2,322.42,0,3.99,44.36,1.95,23.44,30.27,0.98
1766584800,2025-12-24 14:00:00,3,352.96,0,4.55,38.3,1.94,25.42,33.43,1.07
1766588400,2025-12-24 15:00:00,3,380.16,0,4.91,32.77,1.94,26.65,35.15,1.19
1766592000,2025-12-24 16:00:00,3,393.9,0,5.03,28.68,1.94,26.56,34.56,1.09
1766595600,2025-12-24 17:00:00,3,395.81,0,5.13,27.43,2,26.34,33.51,0.78
1766599200,2025-12-24 18:00:00,3,405.73,0,5.91,26.62,2.49,26.62,33.14,0.59
1766602800,2025-12-24 19:00:00,3,442.88,0,8.26,22.85,3.5,25.99,31.7,0.42
1766606400,2025-12-24 20:00:00,3,508.55,0,11.33,16.24,4.04,25.63,30.13,0.36
1766610000,2025-12-24 21:00:00,3,576.27,0.01,14.12,11.44,4.42,25.8,28.89,0.32
1766613600,2025-12-24 22:00:00,3,657.41,0.03,17.7,17.04,4.92,25.76,27.84,0.31
1766617200,2025-12-24 23:00:00,2,714.87,0.04,18.57,13.94,4.31,23.97,25.25,0.27
1766620800,2025-12-25 00:00:00,2,768.5,0.04,18.47,11.29,3.54,22.25,23.15,0.27
1766624400,2025-12-25 01:00:00,2,800.01,0.13,17.46,11.5,2.83,20.19,20.94,0.3
1766628000,2025-12-25 02:00:00,2,794.21,0.49,14.98,15.55,2.72,18.57,19.38,0.36
1766631600,2025-12-25 03:00:00,2,765.67,0.69,12.69,20.95,2.95,17.88,18.83,0.46
1766635200,2025-12-25 04:00:00,2,726.96,0.85,10.74,27.61,3.15,17.59,18.67,0.59
1766638800,2025-12-25 05:00:00,2,690.29,0.8,9.64,34.59,3.48,17.71,18.91,0.75
1766642400,2025-12-25 06:00:00,2,657.98,0.78,8.7,42.18,3.83,18.29,19.59,0.91
1766646000,2025-12-25 07:00:00,2,632.87,0.73,7.45,51.65,3.93,19.72,21.24,1.08
1766649600,2025-12-25 08:00:00,2,609.99,0.42,6.8,57.8,4.06,20.98,22.76,1.25
1766653200,2025-12-25 09:00:00,2,592.1,0.2,6.6,60.35,4.23,21.34,23.31,1.4
1766656800,2025-12-25 10:00:00,2,585.81,0.05,6.77,57.03,4.28,21.95,24.23,1.56
1766660400,2025-12-25 11:00:00,2,582.64,0,6.78,50.26,4.16,23.28,25.98,1.62
1766664000,2025-12-25 12:00:00,2,582.27,0,6.72,45.12,4.14,24.92,28.11,1.62
1766667600,2025-12-25 13:00:00,3,583.87,0,6.97,41.02,4.38,26.96,30.83,1.79
1766671200,2025-12-25 14:00:00,3,594.53,0,7.56,37.01,4.73,29.4,34.06,2.06
1766674800,2025-12-25 15:00:00,3,603.09,0,8.08,33.3,5.04,31.65,37.04,2.25
1766678400,2025-12-25 16:00:00,3,602.11,0,8.35,30.35,5.26,33.5,39.26,2.27
1766682000,2025-12-25 17:00:00,3,597.96,0,8.56,29.52,5.57,35.01,40.79,2.23
1766685600,2025-12-25 18:00:00,3,594.51,0,8.79,30.52,6.1,36.55,42.28,2.19
1766689200,2025-12-25 19:00:00,3,585.6,0,8.63,35.63,6.94,38.28,43.77,2.1
1766692800,2025-12-25 20:00:00,3,571.89,0,8.13,37.23,6.92,39.95,45.38,1.93
1766696400,2025-12-25 21:00:00,3,556.02,0,7.68,36.69,6.64,41.39,46.9,1.77
1766700000,2025-12-25 22:00:00,3,541.81,0,7.46,35.48,6.36,42.69,48.38,1.72
1766703600,2025-12-25 23:00:00,3,533.53,0,7.43,32.87,5.97,44.31,50.33,1.71
1766707200,2025-12-26 00:00:00,3,532.02,0,7.68,29.5,5.66,45.98,52.63,1.8
1766710800,2025-12-26 01:00:00,3,531.92,0.45,8.08,28.57,5.8,46.92,54.36,1.93
1766714400,2025-12-26 02:00:00,3,528.6,1.43,7.21,33.89,6.53,48.74,56.9,2.07
1766718000,2025-12-26 03:00:00,4,518.9,1.66,6.85,46.85,7.86,53.5,62.13,2.09
1766721600,2025-12-26 04:00:00,4,418.7,0.96,5.41,99.5,11.21,58.59,66.39,1.35
1766725200,2025-12-26 05:00:00,4,380.15,0.6,3.74,115.21,11.05,61.74,69.48,1.25
1766728800,2025-12-26 06:00:00,4,372.07,0.4,2.93,125.61,11.42,68.06,76.16,1.2
1766732400,2025-12-26 07:00:00,4,373.12,0.29,2.54,133.93,11.74,73.51,81.99,1.24
1766736000,2025-12-26 08:00:00,5,376.61,0.22,2.66,137.23,11.99,77.55,86.55,1.37
1766739600,2025-12-26 09:00:00,5,385.01,0.15,3.16,137.68,12.37,81.03,90.78,1.56
1766743200,2025-12-26 10:00:00,5,399.03,0.05,4.06,125.44,11.71,84.93,95.66,1.7
1766746800,2025-12-26 11:00:00,5,419.12,0,4.79,107.77,10.01,89.17,100.98,1.88
1766750400,2025-12-26 12:00:00,5,439.34,0,5.18,95.89,8.48,93.07,105.88,1.91
1766754000,2025-12-26 13:00:00,5,467.18,0,5.83,84.08,6.86,96.29,110.22,2.15
1766757600,2025-12-26 14:00:00,5,503.69,0,6.43,71.4,5.4,100.59,115.91,2.39
1766761200,2025-12-26 15:00:00,5,529.68,0,6.66,61.18,4.64,104.6,121.02,2.37
1766764800,2025-12-26 16:00:00,5,538.57,0,6.61,53.58,4.2,106.8,123.49,2.22
1766768400,2025-12-26 17:00:00,5,531.69,0,6.17,49.62,3.61,108.35,124.3,1.52
1766772000,2025-12-26 18:00:00,5,519.05,0,5.53,48.71,3.44,110.03,125.11,1
1766775600,2025-12-26 19:00:00,5,506.12,0,5.01,47.31,3.36,111.43,125.81,0.71
1766779200,2025-12-26 20:00:00,5,498.65,0,4.74,42.9,3.01,112.5,126.35,0.71
1766782800,2025-12-26 21:00:00,5,491.18,0,4.54,38.89,2.87,113.6,126.26,0.69
1766786400,2025-12-26 22:00:00,5,484.22,0,4.36,36.56,2.92,114.42,126.67,0.65
1766790000,2025-12-26 23:00:00,5,477.07,0,4.14,35.76,3.05,114.95,127.6,0.63
1766793600,2025-12-27 00:00:00,5,472.08,0,4,35.99,3.34,115.4,128.53,0.61
1766797200,2025-12-27 01:00:00,5,472.41,0.06,4.1,36.94,3.89,114.25,127.61,0.68
1766800800,2025-12-27 02:00:00,5,475.15,0.27,3.87,40.74,4.57,112.27,125.55,0.67
1766804400,2025-12-27 03:00:00,5,470.04,0.36,3.44,52.95,5.89,110.9,123.73,0.6
1766808000,2025-12-27 04:00:00,5,455.11,0.14,2.26,115.03,8.42,91.89,100.78,0.24
1766811600,2025-12-27 05:00:00,5,444.9,0.09,1.92,116.94,7.28,81.19,88.36,0.26
1766815200,2025-12-27 06:00:00,5,447.04,0.06,2.11,116.73,7.19,77.87,84.48,0.32
1766818800,2025-12-27 07:00:00,5,453.84,0.04,2.36,113.49,7.14,77.65,84.19,0.38
1766822400,2025-12-27 08:00:00,5,456.9,0.05,2.57,106.17,6.99,78.97,85.68,0.4
1766826000,2025-12-27 09:00:00,5,462.05,0.05,2.85,100.66,7.06,80.81,87.7,0.47
1766829600,2025-12-27 10:00:00,5,490.45,0.02,4.02,87.53,6.61,86.23,93.94,1.06
1766833200,2025-12-27 11:00:00,5,532.49,0,5.63,68.87,5.63,92.14,101.12,2.08
1766836800,2025-12-27 12:00:00,5,571.21,0,6.79,55.69,4.81,96.91,107.19,2.75
1766840400,2025-12-27 13:00:00,5,604.19,0,7.56,47.04,4.34,101.16,112.67,3.02
1766844000,2025-12-27 14:00:00,5,629.21,0,7.76,41.81,3.97,105.78,118.26,2.66
1766847600,2025-12-27 15:00:00,5,642.27,0,7.56,37.75,3.58,109.41,122.49,2.18
1766851200,2025-12-27 16:00:00,5,638.75,0,7.08,34.18,3.07,110.82,123.83,1.72
1766854800,2025-12-27 17:00:00,5,625.7,0,6.5,31.51,2.51,111.48,123.84,1.29
1766858400,2025-12-27 18:00:00,5,611.92,0,5.89,29.78,2.3,111.92,123.61,1.04
1766862000,2025-12-27 19:00:00,5,591.73,0,5.28,29.26,2.43,111.68,122.74,0.85
1766865600,2025-12-27 20:00:00,5,580.78,0,5,27.53,2.39,111.94,122.67,0.83
1766869200,2025-12-27 21:00:00,5,572.65,0,4.83,26.22,2.51,112.67,123.22,0.79
1766872800,2025-12-27 22:00:00,5,562.81,0.01,4.72,25.73,2.83,113.7,124.18,0.71
1766876400,2025-12-27 23:00:00,5,554.1,0.01,4.62,25.76,3.2,115,125.48,0.61
1766880000,2025-12-28 00:00:00,5,546.11,0.01,4.66,26.46,3.74,116.34,127.02,0.53
1766883600,2025-12-28 01:00:00,5,544.64,0.02,4.92,28.47,4.4,117.7,128.71,0.5
1766887200,2025-12-28 02:00:00,5,550.36,0.05,5.15,31.34,4.83,118.43,129.79,0.54
1766890800,2025-12-28 03:00:00,5,550.39,0.1,5.12,38.98,5.55,117.99,129.4,0.52
1766894400,2025-12-28 04:00:00,5,576.04,0.07,4.06,92.73,8.53,117.07,126.51,0.06
1766898000,2025-12-28 05:00:00,5,551.93,0.06,3.41,96.33,7.31,105.08,112.93,0
1766901600,2025-12-28 06:00:00,5,542.66,0.06,3.33,96.23,6.82,98.99,106.15,0
1766905200,2025-12-28 07:00:00,5,558.02,0.08,3.81,94.2,6.35,96.89,104.25,0.54
1766908800,2025-12-28 08:00:00,5,574.24,0.1,4.58,90.01,5.81,95.24,103.06,1.36
1766912400,2025-12-28 09:00:00,5,588.34,0.09,5.32,88.15,5.66,94.36,102.56,1.95
1766916000,2025-12-28 10:00:00,5,610,0.04,6.26,80.43,5.5,97.14,105.84,2.25
1766919600,2025-12-28 11:00:00,5,622.6,0,6.62,69.55,4.71,101.44,110.45,2.02
1766923200,2025-12-28 12:00:00,5,621.96,0,6.19,64.31,4.03,104.23,113.31,1.46
1766926800,2025-12-28 13:00:00,5,621.4,0,5.95,60.33,3.46,105.48,114.85,1.21
1766930400,2025-12-28 14:00:00,5,639.24,0,6.04,57.25,3.18,107.88,118.05,1.22
1766934000,2025-12-28 15:00:00,5,647.96,0,5.84,57.41,3.25,109.46,120.21,1.21
1766937600,2025-12-28 16:00:00,5,642.98,0,5.43,58.83,3.23,108.88,119.7,1.15
1766941200,2025-12-28 17:00:00,5,633.44,0,4.94,54.93,2.6,107.78,118.22,0.96
1766944800,2025-12-28 18:00:00,5,627.43,0,4.67,49.85,2.13,106.88,117.06,0.86
1766948400,2025-12-28 19:00:00,5,621.91,0,4.51,45.74,1.8,105.62,115.25,0.77
1766952000,2025-12-28 20:00:00,5,619.72,0,4.38,44.9,1.59,103.63,112.98,0.76
1766955600,2025-12-28 21:00:00,5,618.95,0,4.29,47.92,1.52,102.05,111.23,0.78
1766959200,2025-12-28 22:00:00,5,618.45,0,4.27,45.16,1.32,101.06,110.2,0.83
1766962800,2025-12-28 23:00:00,5,616.1,0.01,4.27,35.32,1.11,101.03,110.07,0.87
1766966400,2025-12-29 00:00:00,5,630.02,0.05,4.65,28,1.27,101.68,110.43,1.03
1766970000,2025-12-29 01:00:00,5,661.12,0.49,5.16,22.52,1.55,101.51,111.06,1.18
1766973600,2025-12-29 02:00:00,5,686.49,1.33,5.09,19.8,1.78,99.98,110.31,1.32
1766977200,2025-12-29 03:00:00,5,689.89,1.1,5.91,19.17,1.97,97.79,108.31,1.65
1766980800,2025-12-29 04:00:00,5,495.02,0.09,2.95,55.79,2.44,77.98,85.09,0.1
1766984400,2025-12-29 05:00:00,4,463.94,0.11,2.15,56.97,1.99,71.01,77.63,0.15
1766988000,2025-12-29 06:00:00,4,453.12,0.13,1.97,59.38,1.94,67.44,73.94,0.31
1766991600,2025-12-29 07:00:00,4,457.02,0.15,1.94,64.26,2,67.36,73.84,0.43
1766995200,2025-12-29 08:00:00,4,461.19,0.16,1.98,63.92,1.99,68.33,74.58,0.4
1766998800,2025-12-29 09:00:00,4,475.7,0.13,2.26,71.1,2.14,68.47,74.28,0.35
1767002400,2025-12-29 10:00:00,4,503.23,0.04,3.1,84.76,2.52,67.05,72.46,0.37
1767006000,2025-12-29 11:00:00,4,530.13,0,3.91,77.96,2.5,67.71,73.4,0.64
1767009600,2025-12-29 12:00:00,4,554.43,0,4.38,72.07,2.4,69.05,75.21,0.7
1767013200,2025-12-29 13:00:00,4,581.09,0,4.89,66.67,2.39,70.01,76.68,0.81
1767016800,2025-12-29 14:00:00,4,614.95,0,5.34,63.04,2.47,72.04,79.3,1.07
1767020400,2025-12-29 15:00:00,4,641.22,0,5.48,62.63,2.65,74.28,82,1.43
1767024000,2025-12-29 16:00:00,5,651.72,0,5.32,68.33,2.8,75.08,82.77,1.73
1767027600,2025-12-29 17:00:00,5,652.7,0,5.06,65.28,2.32,75.3,82.52,1.45
1767031200,2025-12-29 18:00:00,5,650.87,0,4.74,61.4,1.89,75.15,81.52,1.12
1767034800,2025-12-29 19:00:00,4,641.12,0,4.34,50.17,1.42,74.68,79.78,0.93
1767038400,2025-12-29 20:00:00,4,626.26,0,4.01,38.17,1.14,74.1,78.57,0.96
1767042000,2025-12-29 21:00:00,4,612.11,0,3.82,32.38,1.07,73.49,77.58,1.02
1767045600,2025-12-29 22:00:00,4,600.99,0,3.74,29.79,1.06,73.29,77.19,1.09
1767049200,2025-12-29 23:00:00,4,594.29,0,3.74,25.45,1.04,73.45,77.3,1.1
1767052800,2025-12-30 00:00:00,4,605.13,0.01,4.27,20.55,1.28,74.59,78.99,1.22
1767056400,2025-12-30 01:00:00,5,641.67,0.04,5.54,17.56,1.73,75.73,81.16,1.27
1767060000,2025-12-30 02:00:00,5,679.87,0.12,6.48,18,2.06,75.92,82.49,1.26
1767063600,2025-12-30 03:00:00,5,700.43,0.16,6.72,22.12,2.29,76.1,82.95,1.16
1767067200,2025-12-30 04:00:00,4,554.1,0.06,3.98,82.96,2.7,61.06,64.38,0
1767070800,2025-12-30 05:00:00,4,518.4,0.09,2.92,91.69,2.19,55.22,57.87,0
1767074400,2025-12-30 06:00:00,4,505.04,0.11,2.59,94.37,2.11,54.2,56.72,0
1767078000,2025-12-30 07:00:00,4,494.37,0.11,2.29,98.32,2.08,51.63,54.16,0
1767081600,2025-12-30 08:00:00,3,479.11,0.08,2.34,99.05,2.14,48.15,50.76,0.05
1767085200,2025-12-30 09:00:00,3,470.41,0.05,2.66,97.85,2.24,47.53,50.25,0.2
1767088800,2025-12-30 10:00:00,3,467.61,0.02,3.2,90.37,2.37,48.42,51.5,0.33
1767092400,2025-12-30 11:00:00,3,466.89,0,3.6,78.76,2.4,49.93,53.54,0.43
1767096000,2025-12-30 12:00:00,4,466.49,0,3.66,69.89,2.35,50.99,55.11,0.56
1767099600,2025-12-30 13:00:00,4,468.57,0,3.84,62.88,2.3,51.36,56.06,0.72
1767103200,2025-12-30 14:00:00,4,481.49,0,4.12,58.75,2.26,52.46,57.91,0.85
1767106800,2025-12-30 15:00:00,4,493.05,0,4.21,58.43,2.22,53.18,59.22,0.93
1767110400,2025-12-30 16:00:00,4,494.7,0,4.02,62.12,2.05,52.52,58.64,0.89
1767114000,2025-12-30 17:00:00,4,485.74,0,3.61,59.89,1.67,51.22,56.88,0.72
1767117600,2025-12-30 18:00:00,4,478.16,0,3.27,57.29,1.43,50.23,55.46,0.63
1767121200,2025-12-30 19:00:00,3,473.33,0,3.08,52.77,1.24,49.57,54.43,0.64
1767124800,2025-12-30 20:00:00,3,471.94,0,3.01,46,1.06,49.12,53.66,0.68
1767128400,2025-12-30 21:00:00,3,468.45,0,2.92,40.69,0.96,48.32,52.57,0.72
1767132000,2025-12-30 22:00:00,3,463.71,0,2.85,35.99,0.91,47.23,51.22,0.74
1767135600,2025-12-30 23:00:00,3,456.3,0,2.79,30.77,0.92,45.88,49.61,0.73
1767139200,2025-12-31 00:00:00,3,455.88,0,2.96,26.67,1.11,44.38,48.11,0.78
1767142800,2025-12-31 01:00:00,3,460.76,0.11,3.26,24.05,1.36,42.32,46.19,0.81
1767146400,2025-12-31 02:00:00,3,466.01,0.38,3.26,23.92,1.58,39.84,43.83,0.91
1767150000,2025-12-31 03:00:00,3,453.89,0.41,3.12,28.55,1.77,36.34,40.12,1
1767153600,2025-12-31 04:00:00,2,376.47,0.11,1.58,71.28,1.16,22.78,24.78,0.27
1767157200,2025-12-31 05:00:00,2,346.26,0.08,1.25,77.21,0.97,17.52,19.06,0.26
1767160800,2025-12-31 06:00:00,2,334.08,0.07,1.29,77.01,0.99,15.29,16.71,0.33
1767164400,2025-12-31 07:00:00,2,320.65,0.07,1.38,79.23,1.07,13.57,15.01,0.4
1767168000,2025-12-31 08:00:00,2,306.56,0.06,1.57,80.38,1.22,12.94,14.54,0.5
1767171600,2025-12-31 09:00:00,2,299.99,0.05,1.82,80.57,1.37,12.75,14.57,0.59
1767175200,2025-12-31 10:00:00,2,302.39,0.03,2.4,76.88,1.59,12.97,15.22,0.79
1767178800,2025-12-31 11:00:00,2,311.44,0,3.05,69.83,1.78,13.68,16.57,0.96
1767182400,2025-12-31 12:00:00,2,319.52,0,3.33,64.48,1.8,14.49,18.07,0.88
1767186000,2025-12-31 13:00:00,2,331.66,0,3.7,57.64,1.76,15.45,19.9,0.87
1767189600,2025-12-31 14:00:00,2,355.14,0,4.09,50.09,1.71,16.96,22.45,1
1767193200,2025-12-31 15:00:00,2,374.17,0,4.23,43.51,1.64,18.53,24.86,1.13
1767196800,2025-12-31 16:00:00,2,384.1,0,4.21,36.61,1.46,19.87,26.68,1.21
1767200400,2025-12-31 17:00:00,2,383.83,0,4.04,30.12,1.15,20.83,27.32,1.14
1767204000,2025-12-31 18:00:00,2,382.16,0,3.84,25.44,0.97,21.81,27.61,1.14
1767207600,2025-12-31 19:00:00,2,378.87,0,3.7,21.49,0.89,22.47,27.56,1.12
1767211200,2025-12-31 20:00:00,2,376.75,0,3.62,19.1,0.87,23,27.52,1.1
1767214800,2025-12-31 21:00:00,2,375.34,0,3.62,18.39,0.88,23.69,27.99,1.15
1767218400,2025-12-31 22:00:00,2,378.95,0.01,3.79,19.48,0.94,24.63,28.81,1.27
1767222000,2025-12-31 23:00:00,3,392.5,0.01,4.22,21.27,1.08,25.69,29.64,1.51
1767225600,2026-01-01 00:00:00,3,427.04,0.08,5.19,22.54,1.51,27.35,31.4,1.93
1767315600,2026-01-02 01:00:00,4,1010.93,0.15,23.1,13.05,4.33,63.25,64.63,0.31
1767319200,2026-01-02 02:00:00,4,985.85,0.23,22.77,11.53,4.4,61.43,63.03,0.38
1767322800,2026-01-02 03:00:00,4,955.89,0.27,22.52,10.28,4.72,58.84,60.6,0.42
1767326400,2026-01-02 04:00:00,4,932.22,0.32,22.57,9.58,5.03,56.06,58.01,0.42
1767330000,2026-01-02 05:00:00,4,916.91,0.39,23.72,8.47,5.62,53.62,56,0.46
1767333600,2026-01-02 06:00:00,4,913.63,0.46,25.99,6.9,6.62,51.81,54.85,0.51
1767337200,2026-01-02 07:00:00,4,915.34,0.48,28.27,5.6,7.52,51.08,54.93,0.58
1767340800,2026-01-02 08:00:00,4,916.39,0.42,30.14,4.75,8.48,51.04,55.81,0.68
1767344400,2026-01-02 09:00:00,4,914.6,0.37,32.23,4.55,9.47,51.41,57.15,0.75
1767348000,2026-01-02 10:00:00,4,915.73,0.24,34.64,4.8,10.47,51.76,58.33,0.84
1767351600,2026-01-02 11:00:00,4,916.23,0.07,36.29,5.5,11.13,52.75,60.11,0.94
1767355200,2026-01-02 12:00:00,4,916.03,0.03,36.84,6.77,11.54,54.17,62.36,1.02
1767358800,2026-01-02 13:00:00,4,912.35,0.02,36.86,8.09,11.81,55.95,65.09,1.16
1767362400,2026-01-02 14:00:00,4,911.58,0.01,36.66,9.03,12.09,58.27,68.33,1.29
1767366000,2026-01-02 15:00:00,4,909.38,0.01,35.58,10.02,12.25,60.47,71.23,1.28
1767369600,2026-01-02 16:00:00,4,896.97,0.01,33.28,10.45,11.32,61.68,72.71,1.2
1767373200,2026-01-02 17:00:00,4,888.58,0.01,31.05,9.71,10,62.75,73.8,1.12
1767376800,2026-01-02 18:00:00,4,883.74,0.01,29.5,8.92,9.45,64.33,75.35,1.04
1767380400,2026-01-02 19:00:00,4,879.73,0.01,28.89,8.25,9.51,65.66,76.51,1.06
1767384000,2026-01-02 20:00:00,4,879.4,0.01,28.77,8.6,10.02,66.55,77.4,1.19
1767387600,2026-01-02 21:00:00,4,865.52,0.01,27.69,11,10.94,67.23,78.08,1.16
1767391200,2026-01-02 22:00:00,4,822.07,0,24.07,16.59,11.74,67,77.19,0.71
1767394800,2026-01-02 23:00:00,4,801.83,0,22.03,18.49,11.07,66.87,76.07,0.63
1767398400,2026-01-03 00:00:00,4,793.71,0,20.87,19.37,10.32,66.98,75.51,0.62
1767402000,2026-01-03 01:00:00,4,787.59,0.03,20.02,20.12,9.81,66.81,75.22,0.63
1767405600,2026-01-03 02:00:00,4,779.21,0.12,19.4,21.83,9.75,65.26,73.93,0.7
1767409200,2026-01-03 03:00:00,4,768.71,0.22,18.47,24.9,9.76,62.94,71.91,0.75
1767412800,2026-01-03 04:00:00,4,756.34,0.2,17.17,29.01,9.5,60.08,68.97,0.81
1767416400,2026-01-03 05:00:00,4,744.23,0.16,16.03,31.71,9.07,57.34,65.91,0.88
1767420000,2026-01-03 06:00:00,4,735.01,0.14,15.31,33.89,8.93,54.8,63.23,1.07
1767423600,2026-01-03 07:00:00,4,735.07,0.11,14.64,36.4,8.81,53.59,62.36,1.22
1767427200,2026-01-03 08:00:00,4,732.39,0.07,14.24,37.46,8.76,53.58,63.18,1.37
1767430800,2026-01-03 09:00:00,4,730.42,0.03,14.07,38.19,8.83,54.29,64.9,1.42
1767434400,2026-01-03 10:00:00,4,730,0,13.86,39.22,9.05,55.81,67.53,1.38
1767438000,2026-01-03 11:00:00,4,723.37,0,13.18,40.79,9.13,57.31,70.06,1.22
1767441600,2026-01-03 12:00:00,4,713.18,0,11.97,43.27,8.95,58.25,71.81,0.98
1767445200,2026-01-03 13:00:00,4,692.07,0,10.49,46.35,8.62,58.24,72.49,0.81
1767448800,2026-01-03 14:00:00,4,672.77,0,9.05,49.34,8.19,58.32,73.22,0.68
1767452400,2026-01-03 15:00:00,4,652.37,0,7.67,52.18,7.69,58.54,73.78,0.53
1767456000,2026-01-03 16:00:00,4,636.01,0,6.37,50,6.27,58.86,74.04,0.5
1767459600,2026-01-03 17:00:00,4,626.88,0,5.68,44.66,5.02,59.89,74.9,0.61
1767463200,2026-01-03 18:00:00,4,621.29,0,5.57,41.93,4.71,61.14,76.1,0.78
1767466800,2026-01-03 19:00:00,4,624.05,0,5.84,40.3,4.91,62.71,77.2,0.89
1767470400,2026-01-03 20:00:00,4,624.51,0,5.67,37.82,4.75,63.51,77.2,0.9
1767474000,2026-01-03 21:00:00,4,620.73,0,5.34,35.79,4.43,63.9,76.8,0.89
1767477600,2026-01-03 22:00:00,4,617.22,0,5.06,34.88,4.3,64.15,76.37,0.83
1767481200,2026-01-03 23:00:00,4,616.83,0,4.9,35.05,4.39,64.38,76,0.76
1767484800,2026-01-04 00:00:00,4,621.39,0,4.94,36.1,4.67,64.93,75.88,0.68
1767488400,2026-01-04 01:00:00,4,620.74,0.01,4.99,37.5,4.76,63.93,74.91,0.66
1767492000,2026-01-04 02:00:00,4,616.31,0.12,4.92,38.23,4.63,62.37,73.65,0.67
1767495600,2026-01-04 03:00:00,4,609.79,0.2,4.83,43,4.71,61.91,73.43,0.68
1767499200,2026-01-04 04:00:00,4,594.64,0.16,5.03,67.55,4.92,60.44,71.72,1.08
1767502800,2026-01-04 05:00:00,4,612.96,0.25,5.58,70.96,4.5,59.26,70.14,1.64
1767506400,2026-01-04 06:00:00,4,635.33,0.38,6.22,70.43,4.56,59.3,70.06,2.15
1767510000,2026-01-04 07:00:00,4,656.92,0.53,6.76,72.03,4.89,59.22,70.04,2.79
1767513600,2026-01-04 08:00:00,4,661.16,0.4,7.43,73.52,5.09,57.48,68.1,3.18
1767517200,2026-01-04 09:00:00,4,660.52,0.21,8.08,74.09,5.36,56.13,66.59,3.44
1767520800,2026-01-04 10:00:00,4,673.87,0.05,8.96,67.25,5.33,57.78,68.22,3.46
1767524400,2026-01-04 11:00:00,4,693.66,0,9.21,55.59,4.47,60.93,71.23,2.73
1767528000,2026-01-04 12:00:00,4,703.77,0,8.83,47.27,3.61,63.43,73.44,1.82
1767531600,2026-01-04 13:00:00,4,714.77,0,8.42,38.44,2.86,65.55,75.49,1.41
1767535200,2026-01-04 14:00:00,4,740.02,0,8.16,29.51,2.36,68.5,78.92,1.51
1767538800,2026-01-04 15:00:00,4,756.19,0,7.8,23.18,2.19,70.88,81.14,1.81
1767542400,2026-01-04 16:00:00,4,755.74,0.01,7.36,18.77,2.01,69.59,78.55,1.96
1767546000,2026-01-04 17:00:00,4,747.06,0.01,6.87,15.6,1.53,67.51,74.56,1.55
1767549600,2026-01-04 18:00:00,4,743.32,0.02,6.5,13.23,1.25,66.36,71.87,1.24
1767553200,2026-01-04 19:00:00,4,737.97,0.02,6.18,11.34,1.01,62.36,66.58,1.02
1767556800,2026-01-04 20:00:00,4,729.59,0.02,5.92,10.76,0.91,57.35,61.13,0.96
1767560400,2026-01-04 21:00:00,4,718.38,0.02,5.7,11.55,0.92,53.81,57.65,0.95
1767564000,2026-01-04 22:00:00,4,694.69,0.01,5.36,14.14,1.04,52.37,56.64,0.89
1767567600,2026-01-04 23:00:00,4,678.3,0.01,5.16,17.18,1.2,52.31,56.96,0.88
1767571200,2026-01-05 00:00:00,4,676.05,0.01,5.31,20.99,1.56,53.06,58.36,0.97
1767574800,2026-01-05 01:00:00,4,668.92,0.04,5.67,27.8,2.09,52.69,58.87,1.01
1767578400,2026-01-05 02:00:00,4,661.2,0.23,5.76,32.74,2.48,50.08,57.16,1.01
1767582000,2026-01-05 03:00:00,3,648.59,0.34,5.71,38.7,2.89,47.73,54.97,0.87
1767585600,2026-01-05 04:00:00,3,479.73,0.26,4.65,82.06,3.55,40.16,46.84,0.31
1767589200,2026-01-05 05:00:00,3,440.95,0.31,4.72,86.25,4.02,38.25,44.44,0.3
1767592800,2026-01-05 06:00:00,3,456.77,0.35,5.95,85.18,5.3,44.5,50.69,0.33
1767596400,2026-01-05 07:00:00,4,498.68,0.35,7.67,82.87,6.67,55.95,62.29,0.45
1767600000,2026-01-05 08:00:00,4,548.53,0.29,9.99,75.41,8,67.04,73.58,0.55
1767603600,2026-01-05 09:00:00,4,596.58,0.1,12.76,65.88,8.96,74.96,81.44,0.57
1767607200,2026-01-05 10:00:00,5,636.36,0,14.87,55.66,8.92,80.25,86.73,0.59
1767610800,2026-01-05 11:00:00,5,680.48,0,16.45,47.53,9.1,84.78,91.36,0.73
1767614400,2026-01-05 12:00:00,5,720.58,0,17.64,40.95,9.34,87.77,94.29,0.96
1767618000,2026-01-05 13:00:00,5,750.41,0,18.44,34.58,9.38,88.37,95.14,1.27
1767621600,2026-01-05 14:00:00,5,783.33,0,19.12,28.38,9.19,87.76,94.81,1.55
1767625200,2026-01-05 15:00:00,5,807.09,0,19.42,23.58,8.79,86.23,93.29,1.76
1767628800,2026-01-05 16:00:00,5,814.97,0,19,20.55,8.1,83.98,90.98,1.81
1767632400,2026-01-05 17:00:00,5,813.34,0,18.28,19.08,7.59,81.9,88.92,1.69
1767636000,2026-01-05 18:00:00,5,810.27,0,17.54,18.34,7.27,80.04,87.23,1.57
1767639600,2026-01-05 19:00:00,5,801.97,0,16.58,17.28,6.8,78.37,85.73,1.53
1767643200,2026-01-05 20:00:00,5,793.43,0,15.63,15.6,6.22,77.16,84.68,1.57
1767646800,2026-01-05 21:00:00,5,784.17,0,15,14.55,5.98,76.08,83.74,1.64
1767650400,2026-01-05 22:00:00,4,774.43,0,14.55,14.44,6,74.49,82.2,1.69
1767654000,2026-01-05 23:00:00,4,762.06,0,13.88,15.39,6.01,72.25,79.89,1.65
1767657600,2026-01-06 00:00:00,4,756.82,0,13.4,17.19,6.2,70.4,78.07,1.62
1767661200,2026-01-06 01:00:00,4,740.96,0.02,12.97,22.28,6.81,66.27,73.82,1.51
1767664800,2026-01-06 02:00:00,4,710.88,0.11,12.3,28.81,7.25,59.87,67.16,1.52
1767668400,2026-01-06 03:00:00,4,688.62,0.23,11.96,35.55,7.73,54.3,61.16,1.57
1767672000,2026-01-06 04:00:00,3,654.96,0.31,11.23,45.9,7.9,48.54,54.57,1.49
1767675600,2026-01-06 05:00:00,3,654.34,0.27,11.16,49.42,7.74,45.36,50.57,1.53
1767679200,2026-01-06 06:00:00,3,669.43,0.25,11.52,50.79,7.83,43.35,47.84,1.7
1767682800,2026-01-06 07:00:00,3,669.89,0.25,11.09,54.98,7.61,41.59,45.42,1.78
1767686400,2026-01-06 08:00:00,3,672.9,0.26,10.65,57.06,7.24,40.99,44.46,1.87
1767690000,2026-01-06 09:00:00,3,674.47,0.21,10.4,58.22,6.93,40.42,43.72,2
1767693600,2026-01-06 10:00:00,3,682.95,0.11,10.54,56.7,6.62,40.41,43.69,2.1
1767697200,2026-01-06 11:00:00,3,696.91,0,10.72,52.49,6.27,40.48,43.92,2.3
1767700800,2026-01-06 12:00:00,3,709.49,0,10.51,49.19,5.93,41.13,44.78,2.36
1767704400,2026-01-06 13:00:00,3,715.62,0,10.27,42.57,5.22,41.54,45.64,2.35
1767708000,2026-01-06 14:00:00,3,722.47,0,9.99,34.54,4.59,42.76,47.47,2.2
1767711600,2026-01-06 15:00:00,3,726.46,0,9.61,28.65,4.31,44.26,49.5,2.12
1767715200,2026-01-06 16:00:00,3,719.85,0,9.12,24.34,4.09,45.21,50.72,2.05
1767718800,2026-01-06 17:00:00,3,714.16,0.01,8.76,21.04,3.72,45.87,51.3,1.95
1767722400,2026-01-06 18:00:00,3,709.92,0.01,8.37,18.47,3.37,46.32,51.57,1.85
1767726000,2026-01-06 19:00:00,3,705.16,0.02,7.93,16.34,2.93,46.92,51.96,1.77
1767729600,2026-01-06 20:00:00,3,702.03,0.02,7.54,14.62,2.46,47.72,52.61,1.7
1767733200,2026-01-06 21:00:00,3,698.18,0.03,7.21,13.56,2.15,48.45,53.26,1.52
1767736800,2026-01-06 22:00:00,3,695.84,0.03,6.97,13.07,1.95,49.21,53.98,1.3
1767740400,2026-01-06 23:00:00,3,697.9,0.04,6.8,12.7,1.84,49.97,54.77,1.18
1767744000,2026-01-07 00:00:00,4,709.39,0.05,6.89,12.2,1.97,51.41,56.6,1.22
1767747600,2026-01-07 01:00:00,4,733.67,0.34,7.19,12.7,2.38,52.82,58.69,1.47
1767751200,2026-01-07 02:00:00,4,768.34,1.21,6.89,17.39,3.07,54.5,60.86,2.03
1767754800,2026-01-07 03:00:00,4,791.96,1.55,7.25,28,4.41,57.55,64.02,2.37
1767758400,2026-01-07 04:00:00,4,631.59,0.64,5.08,92.42,8.69,58.65,62.5,1.26
1767762000,2026-01-07 05:00:00,4,596.42,0.53,4.14,108.41,9.47,63.86,67.69,1.26
1767765600,2026-01-07 06:00:00,4,588.47,0.45,3.59,121.39,10.32,71.85,75.97,1.31
1767769200,2026-01-07 07:00:00,5,588.52,0.33,3.07,134.61,11.01,80.33,84.79,1.41
1767772800,2026-01-07 08:00:00,5,584.47,0.23,2.79,141.62,11.22,84.84,89.48,1.44
1767776400,2026-01-07 09:00:00,5,579.73,0.15,2.97,144.98,11.61,86.96,91.88,1.54
1767780000,2026-01-07 10:00:00,5,592.09,0.06,4.06,126.87,10.53,89.37,95.02,1.98
1767783600,2026-01-07 11:00:00,5,616.73,0,5.37,103.5,8.8,94.16,100.91,2.45
1767787200,2026-01-07 12:00:00,5,647.99,0,6.35,90.63,7.76,99.02,107.04,2.89
1767790800,2026-01-07 13:00:00,5,684.48,0,7.63,82.17,7.15,104.1,113.64,3.45
1767794400,2026-01-07 14:00:00,5,738.34,0,8.78,73.1,6.44,110.99,122.13,3.78
1767798000,2026-01-07 15:00:00,5,781.61,0,9.35,63.31,5.71,117.02,129.43,3.69
1767801600,2026-01-07 16:00:00,5,803.14,0,9.38,54.23,4.98,121.12,134.02,3.3
1767805200,2026-01-07 17:00:00,5,808.56,0,9.02,49.04,4.31,124.4,136.96,2.7
1767808800,2026-01-07 18:00:00,5,816.89,0,8.69,46.4,4.05,128.23,140.44,2.35
1767812400,2026-01-07 19:00:00,5,827.95,0,8.39,44.12,3.98,131.85,143.68,2.13
1767816000,2026-01-07 20:00:00,5,834.53,0,8.04,41.22,3.81,135.65,147.1,1.9
1767819600,2026-01-07 21:00:00,5,832.41,0,7.57,39.66,3.76,138.68,149.72,1.59
1767823200,2026-01-07 22:00:00,5,811.68,0,6.82,41.15,4.41,141.02,151.7,1.26
1767826800,2026-01-07 23:00:00,5,823.13,0,6.94,39.85,4.41,144.99,155.62,1.18
1767830400,2026-01-08 00:00:00,5,850.63,0,7.77,37.77,4.71,149.91,161,1.29
1767834000,2026-01-08 01:00:00,5,894.88,0.24,9.08,35.37,5.22,153.05,164.92,1.58
1767837600,2026-01-08 02:00:00,5,949.37,1.28,9.29,37.49,6.49,154.91,167.33,2.32
1767841200,2026-01-08 03:00:00,5,1011.63,1.89,9.94,53.2,9.73,161.1,173.74,2.71
1767844800,2026-01-08 04:00:00,5,576.63,0.68,5.58,135.79,21.59,103.56,111.28,0.78
1767848400,2026-01-08 05:00:00,5,489.42,0.41,3.51,148.41,18.37,88.38,94.69,0.93
1767852000,2026-01-08 06:00:00,5,484.21,0.29,2.78,159.28,17.7,90.6,96.79,1.12
1767855600,2026-01-08 07:00:00,5,490.33,0.21,2.27,169.42,17.33,94.21,100.42,1.34
1767859200,2026-01-08 08:00:00,5,487.64,0.17,2.1,174.03,17.07,95.77,101.99,1.45
1767862800,2026-01-08 09:00:00,5,483.54,0.14,2.26,176.52,17.12,96.3,102.6,1.51
1767866400,2026-01-08 10:00:00,5,496.1,0.11,3.32,153.81,14.93,96.27,102.97,2.2
1767870000,2026-01-08 11:00:00,5,524.07,0.03,4.91,124.78,12.05,98.01,105.51,2.86
1767873600,2026-01-08 12:00:00,5,554.74,0,5.83,107.56,10.35,100.95,109.46,3.37
1767877200,2026-01-08 13:00:00,5,592.88,0,7.02,97.16,10.11,104.32,114.17,4.27
1767880800,2026-01-08 14:00:00,5,645.59,0,8.21,89.59,10.9,109.71,121.24,5.7
1767884400,2026-01-08 15:00:00,5,690.61,0,9,83.15,11.75,115.63,128.52,7.12
1767888000,2026-01-08 16:00:00,5,725.5,0,9.57,81.89,12.88,120.71,134.25,8.42
1767891600,2026-01-08 17:00:00,5,750.92,0,9.59,84.78,13.64,125.57,139.02,9.01
1767895200,2026-01-08 18:00:00,5,775.68,0,9.29,85.81,13.14,130.96,144.11,8.36
1767898800,2026-01-08 19:00:00,5,791.24,0,8.72,85.71,10.3,136.43,148.82,4.49
1767902400,2026-01-08 20:00:00,5,801.19,0,8.23,87.78,9.35,141.81,153.53,3.2
1767906000,2026-01-08 21:00:00,5,809.71,0,7.84,90.83,9.27,146.23,157.39,2.7
1767909600,2026-01-08 22:00:00,5,812.55,0,7.51,93.56,9.41,149.31,159.98,2.35
1767913200,2026-01-08 23:00:00,5,815.49,0,7.2,97.54,9.78,152.81,163.19,2.1
1767916800,2026-01-09 00:00:00,5,822.79,0,7.26,102.13,10.49,156.53,167.11,2
1767920400,2026-01-09 01:00:00,5,804.18,0.12,7.71,96.9,9.64,154.61,165.55,1.87
1767924000,2026-01-09 02:00:00,5,788.88,0.64,7.29,82.75,7.33,150.77,162.23,2.13
1767927600,2026-01-09 03:00:00,5,779.44,0.92,6.45,82.06,7.26,149.02,160.87,2.52
1767931200,2026-01-09 04:00:00,5,497.26,0.43,3.04,151.09,14.76,105.26,113.77,0.51
1767934800,2026-01-09 05:00:00,5,446.5,0.25,1.98,155.78,13.57,98.44,106.06,0.48
1767938400,2026-01-09 06:00:00,5,434.48,0.2,1.68,159.67,12.89,98.6,106.05,0.6
1767942000,2026-01-09 07:00:00,5,432.73,0.14,1.78,163.34,12.56,99.51,106.96,0.78
1767945600,2026-01-09 08:00:00,5,428.19,0.12,1.94,163.22,12.11,99.21,106.59,0.83
1767949200,2026-01-09 09:00:00,5,425.76,0.08,2.19,162.04,11.7,98.37,105.67,0.84
1767952800,2026-01-09 10:00:00,5,442.01,0.03,3.22,141.89,9.98,99.96,107.64,1.28
1767956400,2026-01-09 11:00:00,5,475.4,0,4.52,115.47,7.83,103.46,111.94,1.98
1767960000,2026-01-09 12:00:00,5,508.73,0,5.38,99.3,6.39,107.18,116.52,2.4
1767963600,2026-01-09 13:00:00,5,549.47,0,6.44,86.21,5.38,109.63,120.06,2.93
1767967200,2026-01-09 14:00:00,5,601.84,0,7.49,74.48,4.78,114.08,126.06,3.32
1767970800,2026-01-09 15:00:00,5,643.7,0,8.11,64.69,4.73,118.76,132.17,3.72
1767974400,2026-01-09 16:00:00,5,666.24,0,8.4,59.74,5.09,122.1,136.17,4.17
1767978000,2026-01-09 17:00:00,5,677.23,0,8.3,59.91,4.67,125.3,138.99,3.2
1767981600,2026-01-09 18:00:00,5,687.52,0,7.97,61.38,4.25,128.17,141.09,2.35
1767985200,2026-01-09 19:00:00,5,694.12,0,7.57,63.11,4.17,130.72,142.7,1.94
1767988800,2026-01-09 20:00:00,5,698.43,0,7.25,65.06,4.34,133.19,144.48,1.9
1767992400,2026-01-09 21:00:00,5,697.71,0,6.96,64.86,4.4,135.69,146.55,1.83
1767996000,2026-01-09 22:00:00,5,693.52,0,6.66,57.84,3.69,137.05,147.62,1.62
1767999600,2026-01-09 23:00:00,5,685.84,0,6.32,48.7,2.66,137.91,148.16,1.33
1768003200,2026-01-10 00:00:00,5,687.53,0.01,6.33,41.52,2.24,138.48,148.26,1.23
1768006800,2026-01-10 01:00:00,5,702.87,0.29,6.55,35.4,2.23,136.64,146.3,1.3
1768010400,2026-01-10 02:00:00,5,726.5,1.24,5.82,34.84,2.53,134.06,144.44,1.6
1768014000,2026-01-10 03:00:00,5,743.34,1.38,5.54,46.48,3.28,135.28,146.2,1.89
1768017600,2026-01-10 04:00:00,5,439.11,0.24,2.07,139.63,7.83,98.33,106.9,0.3
1768021200,2026-01-10 05:00:00,5,387.34,0.13,1.13,144.46,6.92,90.96,98.78,0.26
1768024800,2026-01-10 06:00:00,5,371.35,0.11,0.93,145.05,6.54,89.08,96.64,0.24
1768028400,2026-01-10 07:00:00,5,366.27,0.1,1.09,145.6,6.32,87.53,94.92,0.33
1768032000,2026-01-10 08:00:00,5,362.25,0.11,1.45,143.28,6.18,85.07,92.33,0.51
1768035600,2026-01-10 09:00:00,5,364.16,0.1,1.91,141.87,6.23,84.19,91.55,0.65
1768039200,2026-01-10 10:00:00,5,377.93,0.05,2.87,130.65,6.01,85.73,93.45,1.02
1768042800,2026-01-10 11:00:00,5,403.04,0,3.95,114.3,5.45,89.02,97.32,1.54
1768046400,2026-01-10 12:00:00,5,427.33,0,4.61,103.22,4.89,91.86,100.76,1.82
1768050000,2026-01-10 13:00:00,5,454.9,0,5.42,90.03,4.23,93.62,103.15,1.91
1768053600,2026-01-10 14:00:00,5,497.11,0,6.39,78.03,3.9,97.52,108.08,2.14
1768057200,2026-01-10 15:00:00,5,537.77,0,7.25,71.37,3.94,102.48,114.06,2.34
1768060800,2026-01-10 16:00:00,5,569.11,0,7.79,68.33,4.05,106.66,118.74,2.42
1768064400,2026-01-10 17:00:00,5,582.42,0,7.8,66.55,3.9,109.91,121.78,2.18
1768068000,2026-01-10 18:00:00,5,587.89,0,7.53,63.61,3.75,113.17,124.77,1.92
1768071600,2026-01-10 19:00:00,5,591.66,0,7.16,57.54,3.38,115.87,127.18,1.66
1768075200,2026-01-10 20:00:00,5,603.08,0,7,52.94,3.03,119.37,130.56,1.48
1768078800,2026-01-10 21:00:00,5,608.76,0,6.75,50.56,2.92,121.89,132.97,1.39
1768082400,2026-01-10 22:00:00,5,607.2,0,6.34,49.22,2.93,123.31,134.26,1.26
1768086000,2026-01-10 23:00:00,5,599.08,0,5.82,48.18,3.02,124.23,135.05,1.09
1768089600,2026-01-11 00:00:00,5,593.12,0,5.47,47.61,3.34,125.21,136.15,0.99
1768093200,2026-01-11 01:00:00,5,575.96,0.08,5.14,47.36,3.8,122.17,133.34,1.01
1768096800,2026-01-11 02:00:00,5,580.75,0.45,4.67,45.96,4.14,117.8,129.26,1.55
1768100400,2026-01-11 03:00:00,5,590.36,0.66,4.25,54.52,5.7,117.55,129.21,1.7
1768104000,2026-01-11 04:00:00,5,416.73,0.19,2.11,140.56,16.03,99.87,107.61,0.22
1768107600,2026-01-11 05:00:00,5,404.9,0.14,1.59,149.77,14.67,98.1,104.88,0.12
1768111200,2026-01-11 06:00:00,5,416.23,0.12,1.5,154.87,14.04,100,106.58,0.13
1768114800,2026-01-11 07:00:00,5,433.53,0.11,1.62,160.24,13.73,103.29,109.88,0.19
1768118400,2026-01-11 08:00:00,5,448.53,0.11,1.93,162.63,13.47,106.26,112.97,0.31
1768122000,2026-01-11 09:00:00,5,466.67,0.1,2.36,163.83,13.49,110.33,117.35,0.39
1768125600,2026-01-11 10:00:00,5,495.06,0.06,3.3,144.14,11.62,115.84,123.41,0.87
1768129200,2026-01-11 11:00:00,5,532.55,0.01,4.49,116.83,8.79,121.94,130.36,1.65
1768132800,2026-01-11 12:00:00,5,566.13,0,5.12,98.32,6.66,126.93,136.33,2.14
1768136400,2026-01-11 13:00:00,5,595.72,0,5.8,85.76,6.01,130.78,141.3,2.66
1768140000,2026-01-11 14:00:00,5,635.38,0,6.58,78.19,6.51,136.02,147.94,3.95
1768143600,2026-01-11 15:00:00,5,670.23,0,7.22,71.73,7.07,140.74,153.78,5.35
1768147200,2026-01-11 16:00:00,5,690.64,0,7.6,65.67,7.39,143.24,156.78,6.52
1768150800,2026-01-11 17:00:00,5,699.35,0,7.7,59.79,7.28,145.44,158.92,7.27
1768154400,2026-01-11 18:00:00,5,706.66,0,7.71,53.28,6.83,147.66,160.94,7.47
1768158000,2026-01-11 19:00:00,5,703.27,0,7.38,45.84,4.77,148.66,161.34,4.67
1768161600,2026-01-11 20:00:00,5,697.75,0,7.16,42.6,4.13,149.46,161.63,4.05
1768165200,2026-01-11 21:00:00,5,692.21,0,7.09,42.27,4.38,150.43,162.29,4.47
1768168800,2026-01-11 22:00:00,5,686.72,0,7.08,41.02,4.54,150.76,162.36,4.8
1768172400,2026-01-11 23:00:00,5,681.27,0,6.88,35.88,3.52,150.44,161.81,3.69
1768176000,2026-01-12 00:00:00,5,695.98,0.02,7.16,30.51,2.79,150.56,162.14,2.44
1768179600,2026-01-12 01:00:00,5,731.23,0.45,7.52,25.48,2.66,150.01,162.18,1.84
1768183200,2026-01-12 02:00:00,5,759.22,1.62,6.63,26.14,2.97,148.63,161.28,1.98
1768186800,2026-01-12 03:00:00,5,765.47,1.65,6.36,37.14,3.64,147.63,160.41,2.37
1768190400,2026-01-12 04:00:00,5,525.86,0.19,2.47,133.63,8.66,119.7,128.66,0.16
1768194000,2026-01-12 05:00:00,5,477.07,0.12,1.73,137.61,7.61,109.41,117.55,0.01
1768197600,2026-01-12 06:00:00,5,464.94,0.1,1.74,136.02,7.16,106.01,114.02,0.05
1768201200,2026-01-12 07:00:00,5,462.25,0.1,1.88,136.98,6.89,104.6,112.54,0.14
1768204800,2026-01-12 08:00:00,5,456.44,0.11,2.21,135.42,6.62,102.23,110.14,0.31
1768208400,2026-01-12 09:00:00,5,458.97,0.1,2.69,133.56,6.55,101.7,109.77,0.44
1768212000,2026-01-12 10:00:00,5,476.78,0.05,3.68,116.32,5.85,104.13,112.69,0.64
1768215600,2026-01-12 11:00:00,5,502.44,0,4.61,94.34,4.78,107.75,116.96,1.19
1768219200,2026-01-12 12:00:00,5,524.14,0,5.06,80.85,4.01,110.51,120.39,1.4
1768222800,2026-01-12 13:00:00,5,550.13,0,5.68,70.43,3.61,112.14,122.95,1.51
1768226400,2026-01-12 14:00:00,5,595.18,0,6.55,61.19,3.52,116.82,129.14,1.8
1768230000,2026-01-12 15:00:00,5,636.89,0,7.26,53.89,3.67,122.2,136.03,2.18
1768233600,2026-01-12 16:00:00,5,667.02,0,7.8,50.86,3.92,126.09,140.74,2.45
1768237200,2026-01-12 17:00:00,5,685.45,0,7.94,50.91,3.79,129.91,144.45,2.13
1768240800,2026-01-12 18:00:00,5,707.48,0,7.96,50.85,3.67,133.96,148.13,1.9
1768244400,2026-01-12 19:00:00,5,726.13,0,7.87,50.5,3.53,137.92,151.47,1.73
1768248000,2026-01-12 20:00:00,5,744.26,0,7.69,50.22,3.42,141.85,154.91,1.69
1768251600,2026-01-12 21:00:00,5,758.16,0,7.45,50.54,3.44,145.62,158.38,1.65
1768255200,2026-01-12 22:00:00,5,769.2,0.01,7.24,51.17,3.52,148.54,160.86,1.65
1768258800,2026-01-12 23:00:00,5,781.69,0.01,7.1,51.85,3.68,151.71,163.09,1.68
1768262400,2026-01-13 00:00:00,5,808.53,0.04,7.46,51.03,4.12,155.77,167.24,1.91
1768266000,2026-01-13 01:00:00,5,843.26,0.53,7.79,38.89,3.78,157.54,169.95,1.87
1768269600,2026-01-13 02:00:00,5,885.29,1.77,7.22,31.11,3.54,156.32,170.56,2.19
1768273200,2026-01-13 03:00:00,5,923.79,1.88,7.59,36.67,4.09,158.63,174.11,2.61
1768276800,2026-01-13 04:00:00,5,531.36,0.28,3.25,120.92,11.73,114.44,126.98,0.17
1768280400,2026-01-13 05:00:00,5,467.16,0.17,2.5,127.9,11.34,102.69,113.66,0.11
1768284000,2026-01-13 06:00:00,5,471.52,0.15,2.92,130.36,11.83,103.7,114.46,0.24
1768287600,2026-01-13 07:00:00,5,490.39,0.14,3.38,132.1,12.37,108.65,119.65,0.42
1768291200,2026-01-13 08:00:00,5,510.62,0.15,3.86,130.62,12.63,115,126.44,0.63
1768294800,2026-01-13 09:00:00,5,531.49,0.12,4.43,129.15,12.95,120.86,132.84,0.78
1768298400,2026-01-13 10:00:00,5,549.16,0.05,5.09,117.53,12.28,126.12,138.7,0.78
1768302000,2026-01-13 11:00:00,5,560.27,0,5.35,99.92,10.48,129.78,142.85,0.9
1768305600,2026-01-13 12:00:00,5,562.37,0,5.21,87.76,8.49,130.45,143.79,0.94
1768309200,2026-01-13 13:00:00,5,564.35,0,5.34,77.76,6.51,129.02,142.58,0.99
1768312800,2026-01-13 14:00:00,5,581,0,5.57,68.88,4.92,129.4,143.41,1.08
1768316400,2026-01-13 15:00:00,5,588.54,0,5.58,60.34,3.89,129.03,143.34,1.11
1768320000,2026-01-13 16:00:00,5,581.66,0,5.35,52.49,3.12,126.29,140.34,1.06
1768323600,2026-01-13 17:00:00,5,563.12,0,4.93,46.1,2.45,123.1,136.38,0.92
1768327200,2026-01-13 18:00:00,5,544.55,0,4.53,40.95,2.06,120.64,133.13,0.84
1768330800,2026-01-13 19:00:00,5,533.7,0,4.41,34.77,1.65,118.5,130.2,0.87
1768334400,2026-01-13 20:00:00,5,532.01,0,4.51,28.69,1.35,117.42,128.57,0.96
1768338000,2026-01-13 21:00:00,5,531.03,0,4.62,24.5,1.24,116.47,127.3,1.07
1768341600,2026-01-13 22:00:00,5,532.96,0,4.78,21.52,1.25,116.07,126.79,1.19
1768345200,2026-01-13 23:00:00,5,539.22,0.01,5.01,19.52,1.38,116.28,127.03,1.34
1768348800,2026-01-14 00:00:00,5,566.83,0.05,5.7,18.25,1.96,117.66,129.04,1.74
1768352400,2026-01-14 01:00:00,5,614.13,0.67,6.15,17.24,2.56,118.57,131.01,1.97
1768356000,2026-01-14 02:00:00,5,650.78,2.01,5.28,20.43,2.84,118.7,131.95,2.06
1768359600,2026-01-14 03:00:00,5,669.38,1.93,5.41,32.45,3.22,120.21,133.73,2.44
1768363200,2026-01-14 04:00:00,5,411.24,0.24,2.01,113.23,5.12,86.9,95.25,0.08
1768366800,2026-01-14 05:00:00,5,370.73,0.14,1.2,118.72,4.29,79.26,86.86,0.01
1768370400,2026-01-14 06:00:00,5,361.92,0.11,1.06,119.13,3.95,77.49,85.06,0.02
1768374000,2026-01-14 07:00:00,5,361.83,0.11,1.19,120.94,3.76,76.31,83.94,0.06
1768377600,2026-01-14 08:00:00,5,366.28,0.12,1.51,120.9,3.76,75.9,83.83,0.22
1768381200,2026-01-14 09:00:00,5,372.12,0.11,1.92,120.72,3.73,75.18,83.63,0.31
1768384800,2026-01-14 10:00:00,4,381.76,0.05,2.72,113.36,3.64,74.94,84.19,0.41
1768388400,2026-01-14 11:00:00,5,399.78,0,3.61,102,3.48,76.06,86.24,0.62
1768392000,2026-01-14 12:00:00,5,419.69,0,4.14,93.44,3.3,77.5,88.57,0.78
1768395600,2026-01-14 13:00:00,5,454.04,0,5.04,79.41,2.97,79.51,91.7,1.01
1768399200,2026-01-14 14:00:00,5,506.42,0,5.95,62.89,2.73,83.9,97.63,1.42
1768402800,2026-01-14 15:00:00,5,548.54,0,6.42,50.72,2.87,88.62,103.71,2.07
1768406400,2026-01-14 16:00:00,5,570.72,0,6.62,42.98,3.05,91.52,107,2.7
1768410000,2026-01-14 17:00:00,5,577,0,6.48,39.06,2.44,93.36,107.08,2.12
1768413600,2026-01-14 18:00:00,5,582.6,0,6.29,37.26,1.97,94.91,106.35,1.6
1768417200,2026-01-14 19:00:00,5,589.68,0,6.15,36.24,1.74,96.74,106.27,1.3
1768420800,2026-01-14 20:00:00,5,597.53,0,6.04,34.29,1.64,98.96,107.62,1.15
1768424400,2026-01-14 21:00:00,5,602.57,0,5.95,32.78,1.64,101.03,109.13,1.06
1768428000,2026-01-14 22:00:00,5,585.74,0,5.49,31.76,1.76,101.03,109.02,0.83
1768431600,2026-01-14 23:00:00,5,584.57,0,5.36,27.22,1.69,102.21,110.47,0.78
1768435200,2026-01-15 00:00:00,5,594.01,0,5.62,22.96,1.89,103.38,112.6,0.87
1768438800,2026-01-15 01:00:00,5,595.46,0.01,6.08,22.6,2.55,102.62,113.25,0.91
1768442400,2026-01-15 02:00:00,5,584.75,0.01,6.3,25.13,3.17,100.65,112.44,0.87
1768446000,2026-01-15 03:00:00,5,561.5,0,6.09,32.03,3.69,96.82,109.07,0.9
1768449600,2026-01-15 04:00:00,4,439.27,0.01,4.02,90.62,3.67,72.22,82.34,0.33
1768453200,2026-01-15 05:00:00,4,390.14,0.01,3.16,94.31,2.82,60.98,68.79,0.13
1768456800,2026-01-15 06:00:00,4,378.06,0.02,3.07,93.16,2.57,57.31,63.9,0.06
1768460400,2026-01-15 07:00:00,4,374.62,0.08,2.92,95.49,2.42,52.58,58.26,0.05
1768464000,2026-01-15 08:00:00,3,371.84,0.12,2.81,96.58,2.36,49.35,54.53,0.1
1768467600,2026-01-15 09:00:00,3,375.6,0.11,2.93,96.78,2.4,49.08,54.07,0.11
1768471200,2026-01-15 10:00:00,4,390.55,0.05,3.58,90.7,2.55,52.47,57.81,0.1
1768474800,2026-01-15 11:00:00,4,412.66,0,4.33,80.87,2.68,58.03,64.08,0.17
1768478400,2026-01-15 12:00:00,4,432.85,0,4.74,73.95,2.68,62.86,69.65,0.27
1768482000,2026-01-15 13:00:00,4,464.63,0,5.44,65.06,2.64,68.02,75.66,0.55
1768485600,2026-01-15 14:00:00,4,512.92,0,6.16,54.06,2.51,74.13,82.45,0.88
1768489200,2026-01-15 15:00:00,5,550.21,0,6.43,44.29,2.42,79.12,87.6,1.18
1768492800,2026-01-15 16:00:00,5,562.61,0,6.28,36.77,2.17,80.08,88.11,1.29
1768496400,2026-01-15 17:00:00,5,545.83,0,5.6,32.87,1.63,77.75,84.75,0.9
1768500000,2026-01-15 18:00:00,4,513.67,0,4.71,32.05,1.39,74.79,80.98,0.56
1768503600,2026-01-15 19:00:00,4,480.79,0,3.98,30.88,1.33,71.65,77.27,0.39
1768507200,2026-01-15 20:00:00,4,458.37,0.01,3.56,27.77,1.26,68.66,73.98,0.42
1768510800,2026-01-15 21:00:00,4,433.16,0.02,3.1,27.38,1.28,65.21,70.44,0.34
1768514400,2026-01-15 22:00:00,4,403.95,0.02,2.59,30.04,1.32,61.91,67.14,0.14
1768518000,2026-01-15 23:00:00,4,391.33,0.02,2.46,30.52,1.34,59.66,64.83,0.14
1768521600,2026-01-16 00:00:00,4,389.88,0.02,2.56,31.35,1.47,57.38,62.57,0.15
1768525200,2026-01-16 01:00:00,4,392.75,0.03,2.79,33.64,1.63,53.55,58.86,0.21
1768528800,2026-01-16 02:00:00,3,391.87,0.13,2.8,34.82,1.78,48.78,54.31,0.32
1768532400,2026-01-16 03:00:00,3,386.82,0.23,2.62,37.43,1.92,44.4,49.96,0.47
1768536000,2026-01-16 04:00:00,3,355.15,0.16,1.74,48.8,1.4,38.86,44.03,0.24
1768539600,2026-01-16 05:00:00,3,332.3,0.12,1.24,59.39,1.22,36.92,41.62,0.1
1768543200,2026-01-16 06:00:00,3,318.23,0.11,1.03,67.68,1.22,35.89,40.18,0.12
1768546800,2026-01-16 07:00:00,3,314.85,0.12,1.1,74.44,1.42,35.48,39.5,0.28
1768550400,2026-01-16 08:00:00,3,319.32,0.17,1.39,71.11,1.79,37.01,41.37,0.59
1768554000,2026-01-16 09:00:00,3,325.15,0.19,1.79,69.53,2.03,38.42,43.32,0.92
1768557600,2026-01-16 10:00:00,3,332.56,0.12,2.53,67.47,2.22,39.46,45.06,1.19
1768561200,2026-01-16 11:00:00,3,342.65,0.01,3.28,63.23,2.3,40.12,46.45,1.27
1768564800,2026-01-16 12:00:00,3,352.83,0,3.65,59.82,2.29,40.58,47.62,1.15
1768568400,2026-01-16 13:00:00,3,384.72,0,4.59,51.4,2.27,41.91,50.15,1.2
1768572000,2026-01-16 14:00:00,3,440.2,0,5.71,39.66,2.28,45.16,55.07,1.51
1768575600,2026-01-16 15:00:00,3,488.69,0,6.44,29.98,2.44,48.59,59.86,2.12
1768579200,2026-01-16 16:00:00,4,521.62,0,7.06,23.43,3.05,50.94,62.57,3.54
1768582800,2026-01-16 17:00:00,4,533.23,0.01,7.61,19.81,3.51,52.4,63.61,4.87
1768586400,2026-01-16 18:00:00,4,538.58,0.01,8.02,16.95,3.64,53.62,64.13,5.83
1768590000,2026-01-16 19:00:00,4,538.41,0.01,8.3,14.59,3.6,54.03,62.98,6.47
1768593600,2026-01-16 20:00:00,4,536.2,0.02,8.3,12.92,3.35,52.93,60.52,6.59
1768597200,2026-01-16 21:00:00,4,534.69,0.02,8.07,12.05,2.8,50.83,57.22,5.78
1768600800,2026-01-16 22:00:00,3,520.28,0.02,7.37,11.99,1.85,48.99,54.39,2.94
1768604400,2026-01-16 23:00:00,3,511.89,0.02,6.86,10.99,1.45,49.02,54.25,1.84
1768608000,2026-01-17 00:00:00,4,519.61,0.04,6.88,10.37,1.49,50.29,56.06,1.55
1768611600,2026-01-17 01:00:00,4,554.52,0.09,7.54,10.59,1.77,52.21,58.79,1.59
1768615200,2026-01-17 02:00:00,4,598.92,0.22,8.15,11.23,2.13,53.85,61.25,1.96
1768618800,2026-01-17 03:00:00,4,638.18,0.33,8.56,14.39,2.69,55.12,63.21,2.75
1768622400,2026-01-17 04:00:00,4,648.21,1.1,8.18,38.89,3.52,53.18,61.48,3.61
1768626000,2026-01-17 05:00:00,3,623.1,1.47,7.25,43.43,3.47,49.55,57.52,3.59
1768629600,2026-01-17 06:00:00,3,560.47,1.09,6.47,51.23,3.33,44.77,52.21,2.82
1768633200,2026-01-17 07:00:00,3,422.19,0.5,4.19,69.5,2.84,33.83,39.6,1.44
1768636800,2026-01-17 08:00:00,3,354.99,0.26,2.71,76.29,2.22,28.94,33.7,0.93
1768640400,2026-01-17 09:00:00,3,330.92,0.16,2.21,78.31,1.93,27.39,31.7,0.73
1768644000,2026-01-17 10:00:00,3,326.43,0.08,2.44,68.48,1.71,27.74,32.13,0.7
1768647600,2026-01-17 11:00:00,3,334.36,0,2.96,54.99,1.61,29.18,34,0.7
1768651200,2026-01-17 12:00:00,3,343.39,0,3.17,47.15,1.57,30.7,35.92,0.68
1768654800,2026-01-17 13:00:00,3,347.68,0,3.31,43.63,1.6,31.72,37,0.69
1768658400,2026-01-17 14:00:00,3,351,0,3.34,43.8,1.62,32.53,37.82,0.66
1768662000,2026-01-17 15:00:00,3,350.51,0,3.27,45.2,1.61,32.77,38.04,0.63
1768665600,2026-01-17 16:00:00,3,347.87,0,3.13,43.07,1.44,32.34,37.45,0.63
1768669200,2026-01-17 17:00:00,3,346.89,0,3.02,36.5,1.16,31.94,36.68,0.67
1768672800,2026-01-17 18:00:00,3,344.86,0,2.93,31.41,0.98,31.46,35.86,0.71
1768676400,2026-01-17 19:00:00,3,349.06,0.01,3.01,25.5,0.85,31.44,35.68,0.91
1768680000,2026-01-17 20:00:00,3,358.77,0.01,3.24,19.81,0.79,31.7,35.98,1.14
1768683600,2026-01-17 21:00:00,3,368.14,0.02,3.48,16.04,0.8,31.92,36.25,1.36
1768687200,2026-01-17 22:00:00,3,377.3,0.03,3.72,13.39,0.82,32.3,36.76,1.45
1768690800,2026-01-17 23:00:00,3,385.57,0.04,3.93,11.28,0.86,32.64,37.25,1.3
1768694400,2026-01-18 00:00:00,3,401.15,0.05,4.36,9.75,1.11,33.19,38.22,1.24
1768698000,2026-01-18 01:00:00,3,410.45,0.14,4.6,9.82,1.36,33.02,38.57,1.12
1768701600,2026-01-18 02:00:00,3,418.97,0.67,4.08,11.49,1.56,32.8,38.98,1.22
1768705200,2026-01-18 03:00:00,3,411.55,0.94,3.37,17.13,1.69,32.23,38.65,1.38
1768708800,2026-01-18 04:00:00,2,294.02,0.21,1.41,59.98,1.19,20.04,24.17,0.46
1768712400,2026-01-18 05:00:00,2,267.85,0.1,0.79,69.27,0.89,15.99,19.06,0.37
1768716000,2026-01-18 06:00:00,2,260.66,0.08,0.64,72.41,0.83,15.33,18.11,0.37
1768719600,2026-01-18 07:00:00,2,260.7,0.08,0.69,76.74,0.9,15.69,18.38,0.43
1768723200,2026-01-18 08:00:00,2,261.49,0.1,0.87,80.05,1.1,17.22,20.06,0.55
1768726800,2026-01-18 09:00:00,2,265.33,0.1,1.14,82.26,1.28,19.46,22.65,0.65
1768730400,2026-01-18 10:00:00,2,273.97,0.06,1.73,80.69,1.51,22.62,26.47,0.73
1768734000,2026-01-18 11:00:00,3,286.13,0,2.37,75.12,1.7,26.01,30.59,0.75
1768737600,2026-01-18 12:00:00,3,296.68,0,2.6,70.07,1.73,28.88,34.01,0.64
1768741200,2026-01-18 13:00:00,3,309.56,0,2.87,61.74,1.64,31.73,37.59,0.65
1768744800,2026-01-18 14:00:00,3,333.05,0,3.24,52.43,1.54,34.92,41.63,0.78
1768748400,2026-01-18 15:00:00,3,353.5,0,3.45,44.57,1.47,37.25,44.47,0.95
1768752000,2026-01-18 16:00:00,3,367.9,0,3.63,35.02,1.33,38.14,45.28,1.11
1768755600,2026-01-18 17:00:00,3,379.32,0,3.8,25.73,1.04,38.25,44.95,1.1
1768759200,2026-01-18 18:00:00,3,389.37,0.01,4,19.12,0.93,38.28,44.28,1.15
1768762800,2026-01-18 19:00:00,3,396.56,0.02,4.16,14.37,0.89,38.18,43.7,1.16
1768766400,2026-01-18 20:00:00,3,400.88,0.02,4.24,11.73,0.85,38.24,43.1,1.11
1768770000,2026-01-18 21:00:00,3,406.6,0.02,4.31,11.36,0.84,38.65,42.88,1.06
1768773600,2026-01-18 22:00:00,3,417.4,0.03,4.47,13.64,0.83,38.81,42.58,0.99
1768777200,2026-01-18 23:00:00,3,433.99,0.06,4.77,14.09,0.9,38.72,42.23,1.02
1768780800,2026-01-19 00:00:00,3,470.93,0.21,5.49,14.19,1.31,39.78,43.58,1.27
1768784400,2026-01-19 01:00:00,3,520.54,0.55,6.42,14.81,1.78,41.49,46.4,1.43
1768788000,2026-01-19 02:00:00,3,548.96,0.85,6.63,14.44,2.02,41.86,48.34,1.46
1768791600,2026-01-19 03:00:00,3,539.02,0.81,6.12,17,2.07,40.19,47.18,1.73
1768795200,2026-01-19 04:00:00,3,312.9,0.08,2.22,69.12,1.68,38.48,45.03,0.04
1768798800,2026-01-19 05:00:00,3,285.85,0.07,1.53,77.23,1.46,36.84,42.87,0
1768802400,2026-01-19 06:00:00,3,283.65,0.08,1.34,79.77,1.45,36.48,42.36,0
1768806000,2026-01-19 07:00:00,3,286.37,0.09,1.25,84.11,1.51,35.94,41.73,0.01
1768809600,2026-01-19 08:00:00,3,291.27,0.09,1.39,86.83,1.71,37.48,43.61,0.09
1768813200,2026-01-19 09:00:00,3,299.92,0.09,1.67,88.59,1.9,40.21,47.02,0.24
1768816800,2026-01-19 10:00:00,3,316.58,0.06,2.34,86.43,2.17,44.36,52.31,0.45
1768820400,2026-01-19 11:00:00,3,338.32,0,3.16,79.85,2.4,49.24,58.6,0.68
1768824000,2026-01-19 12:00:00,4,356.12,0,3.56,74.09,2.41,52.84,63.36,0.71
1768827600,2026-01-19 13:00:00,4,375.74,0,3.98,62.13,2.15,55,66.37,0.74
1768831200,2026-01-19 14:00:00,4,404.45,0,4.36,48.02,1.9,57.31,69.43,0.89
1768834800,2026-01-19 15:00:00,4,427.03,0,4.49,37.29,1.8,58.84,71.37,1.12
1768838400,2026-01-19 16:00:00,4,437.43,0,4.48,29.48,1.67,58.94,71.06,1.27
1768842000,2026-01-19 17:00:00,4,439.74,0,4.39,24.19,1.35,58.78,69.72,1.18
1768845600,2026-01-19 18:00:00,4,439.26,0.01,4.29,20.32,1.12,58.67,68.35,1.12
1768849200,2026-01-19 19:00:00,4,439.5,0.01,4.26,17.14,0.98,57.87,66.54,1.1
1768852800,2026-01-19 20:00:00,4,445.33,0.01,4.33,15.35,0.92,56.36,64.19,1.15
1768856400,2026-01-19 21:00:00,4,454.66,0.02,4.47,15.57,0.95,55.46,62.81,1.27
1768860000,2026-01-19 22:00:00,4,468.94,0.04,4.72,17.48,1.01,56.08,63.29,1.31
1768863600,2026-01-19 23:00:00,4,483.29,0.07,5.05,17.21,1.07,57.33,64.24,1.2
1768867200,2026-01-20 00:00:00,4,510.25,0.14,5.71,17.24,1.41,59.22,66.09,1.24
1768870800,2026-01-20 01:00:00,4,530.04,0.29,6.27,18.4,1.78,59.07,66.11,1.21
1768874400,2026-01-20 02:00:00,4,541.87,0.94,5.77,18.43,2.05,56.73,64.6,1.28
1768878000,2026-01-20 03:00:00,4,542.49,1.2,5.2,21.29,2.26,53.57,61.94,1.43
1768881600,2026-01-20 04:00:00,3,364.79,0.34,3.06,62.2,2.23,32.74,39.01,0.56
1768885200,2026-01-20 05:00:00,3,315.29,0.19,2.09,70.15,1.94,25.84,30.77,0.47
1768888800,2026-01-20 06:00:00,2,304.33,0.16,1.65,73.19,1.82,23.39,27.55,0.5
1768892400,2026-01-20 07:00:00,2,287.84,0.12,1.28,78.33,1.58,20.47,23.93,0.51
1768896000,2026-01-20 08:00:00,2,277.14,0.11,1.25,80.66,1.55,19.55,22.76,0.58
1768899600,2026-01-20 09:00:00,2,274.36,0.09,1.43,81.28,1.63,19.26,22.49,0.66
1768903200,2026-01-20 10:00:00,2,279.92,0.05,2.01,79.19,1.9,19.35,22.67,0.8
1768906800,2026-01-20 11:00:00,2,291.48,0,2.8,73.7,2.17,19.98,23.54,0.88
1768910400,2026-01-20 12:00:00,2,303.14,0,3.25,68.82,2.28,20.89,24.89,0.83
1768914000,2026-01-20 13:00:00,2,332.55,0,4.15,62.1,2.41,22.75,27.75,1
1768917600,2026-01-20 14:00:00,3,379.44,0,5.19,56.32,2.59,25.75,32.14,1.35
1768921200,2026-01-20 15:00:00,3,417.78,0,5.85,52.57,2.77,28.64,36.32,1.88
1768924800,2026-01-20 16:00:00,3,439.92,0,6.13,47.88,2.72,30.64,38.76,2.34
1768928400,2026-01-20 17:00:00,3,443.68,0,6.01,41.85,2.12,31.54,38.73,1.91
1768932000,2026-01-20 18:00:00,3,443.95,0,5.8,37.42,1.69,32.44,38.8,1.48
1768935600,2026-01-20 19:00:00,3,442.01,0,5.46,30.91,1.41,32.2,37.44,1.14
1768939200,2026-01-20 20:00:00,3,436.47,0,5.05,25.71,1.27,31.01,35.39,0.92
1768942800,2026-01-20 21:00:00,3,430.93,0.01,4.69,25.3,1.35,30.36,34.4,0.74
1768946400,2026-01-20 22:00:00,3,418.66,0.01,4.32,29.83,1.86,30.28,34.27,0.53
1768950000,2026-01-20 23:00:00,3,440.27,0.01,4.71,29.29,2.36,32.23,36.59,0.48
1768953600,2026-01-21 00:00:00,3,471.77,0.01,5.59,27.53,3.01,34.46,39.35,0.51
1768957200,2026-01-21 01:00:00,3,511.05,0,6.94,30.87,3.6,38.3,43.83,0.53
1768960800,2026-01-21 02:00:00,3,539.01,0.01,7.73,28.72,3.82,40.37,46.13,0.54
1768964400,2026-01-21 03:00:00,3,557.79,0.03,8.19,27.29,3.95,41.93,47.81,0.53
1768968000,2026-01-21 04:00:00,3,573.88,0.06,10.13,40.7,5.16,42.37,48.17,0.49
1768971600,2026-01-21 05:00:00,3,578.23,0.12,10.83,41.38,5.23,39.64,45.01,0.43
1768975200,2026-01-21 06:00:00,3,583.97,0.17,11.73,39.25,5.42,38.41,43.59,0.34
1768978800,2026-01-21 07:00:00,3,604.41,0.17,13.67,35.28,5.93,39.82,44.9,0.27
1768982400,2026-01-21 08:00:00,3,636.15,0.12,16.4,29.29,6.73,43.68,48.75,0.22
1768986000,2026-01-21 09:00:00,3,672.9,0.07,19.16,23.39,7.53,47.49,52.4,0.21
1768989600,2026-01-21 10:00:00,4,712.18,0.03,21.65,18.2,7.56,51.02,55.83,0.23
1768993200,2026-01-21 11:00:00,4,752.64,0.02,23.76,14.6,7.64,53.19,57.96,0.28
1768996800,2026-01-21 12:00:00,4,787.64,0.02,25.59,12.19,7.66,55.19,59.83,0.33
1769000400,2026-01-21 13:00:00,4,814.67,0.02,27.24,10.19,7.33,57.05,61.66,0.39
1769004000,2026-01-21 14:00:00,4,842.84,0.02,28.74,8.43,7.27,59.71,64.33,0.45
1769007600,2026-01-21 15:00:00,4,866.12,0.03,29.98,6.94,7.3,61.62,66.19,0.53
1769011200,2026-01-21 16:00:00,4,877.72,0.04,30.42,5.7,7.23,61.95,66.66,0.64
1769014800,2026-01-21 17:00:00,4,883.97,0.04,30.33,4.77,7.14,61.96,66.7,0.75
1769018400,2026-01-21 18:00:00,4,887.39,0.04,29.98,4.24,6.98,61.91,66.46,0.82
1769022000,2026-01-21 19:00:00,4,886.03,0.04,29.42,4.12,6.81,61.36,65.56,0.79
1769025600,2026-01-21 20:00:00,4,883.43,0.03,29.2,4.65,6.68,60.73,64.55,0.72
1769029200,2026-01-21 21:00:00,4,875.13,0.02,28.94,6.18,6.66,59.73,63.15,0.61
1769032800,2026-01-21 22:00:00,4,854.97,0.01,27.88,9.33,6.44,59.16,62.14,0.47
1769036400,2026-01-21 23:00:00,4,834.32,0,25.62,12.39,5.9,59.18,61.75,0.39
1769040000,2026-01-22 00:00:00,4,815.73,0,23.16,15.58,5.46,59.08,61.42,0.33
1769043600,2026-01-22 01:00:00,4,787.29,0,20.32,19.76,5.25,58.51,60.82,0.33
1769047200,2026-01-22 02:00:00,4,757.62,0.02,17.57,24.48,5.16,57.33,59.6,0.4
1769050800,2026-01-22 03:00:00,4,731.5,0.05,15.63,27.73,4.98,54.87,57.01,0.5
1769054400,2026-01-22 04:00:00,4,711.45,0.09,14.39,29.5,4.7,51.45,53.47,0.61
1769058000,2026-01-22 05:00:00,3,701.09,0.12,14.07,30.27,4.59,48.05,50.09,0.72
1769061600,2026-01-22 06:00:00,3,693.6,0.14,14.08,31.16,4.59,44.95,47.02,0.79
1769065200,2026-01-22 07:00:00,3,686.84,0.3,13.53,32.7,4.37,42.86,44.96,0.79
1769068800,2026-01-22 08:00:00,3,682.23,0.21,13.32,32.67,4.23,41.75,43.94,0.85
1769072400,2026-01-22 09:00:00,3,680.5,0.13,13.57,32.12,4.41,40.86,43.25,0.99
1769076000,2026-01-22 10:00:00,3,685.14,0.05,14.33,30.96,4.89,40.28,43.02,1.18
1769079600,2026-01-22 11:00:00,3,692.59,0,14.83,29.2,5.27,40.73,43.92,1.34
1769083200,2026-01-22 12:00:00,3,697.19,0,14.83,27.94,5.42,41.4,45,1.44
1769086800,2026-01-22 13:00:00,3,699.41,0,14.83,26.73,5.56,41.79,45.72,1.5
1769090400,2026-01-22 14:00:00,3,702.11,0,14.7,25.46,5.52,42.12,46.24,1.52
1769094000,2026-01-22 15:00:00,3,703.38,0,14.28,24.36,5.3,42.26,46.46,1.52
1769097600,2026-01-22 16:00:00,3,701.51,0,13.73,23.15,5,42.22,46.44,1.46
1769101200,2026-01-22 17:00:00,3,697.23,0,13.33,21.67,4.75,42.15,46.41,1.37
1769104800,2026-01-22 18:00:00,3,696.55,0,13.16,20.41,4.69,42.29,46.69,1.32
1769108400,2026-01-22 19:00:00,3,696.53,0,12.92,18.93,4.56,42.58,47.12,1.3
1769112000,2026-01-22 20:00:00,3,695.74,0,12.75,17.03,4.43,42.92,47.64,1.35
1769115600,2026-01-22 21:00:00,3,695.67,0,12.84,15.56,4.44,43.45,48.39,1.42
1769119200,2026-01-22 22:00:00,3,697.92,0.01,13.09,14.83,4.58,44.12,49.3,1.49
1769122800,2026-01-22 23:00:00,3,701.05,0,13.34,14.88,4.73,44.81,50.17,1.54
1769126400,2026-01-23 00:00:00,3,709.23,0.01,13.66,15.67,5.01,45.88,51.5,1.66
1769130000,2026-01-23 01:00:00,3,721.72,0.08,14.23,17.44,5.53,46.59,52.41,1.8
1769133600,2026-01-23 02:00:00,3,723.35,0.55,13.89,19.41,5.94,46.14,52.11,1.92
1769137200,2026-01-23 03:00:00,3,716.35,1.16,12.66,23,6.16,44.95,50.85,1.94
1769140800,2026-01-23 04:00:00,3,685.36,1.07,10.77,30.42,6.12,42.63,47.98,1.48
1769144400,2026-01-23 05:00:00,3,664.95,0.77,10.22,34.82,6.4,40.51,45.75,1.39
1769148000,2026-01-23 06:00:00,3,666.68,0.78,10.93,37.58,7.43,41.11,46.76,1.62
1769151600,2026-01-23 07:00:00,3,676.57,1.23,10.58,44.43,8.11,43.4,49.4,1.73
1769155200,2026-01-23 08:00:00,3,684.71,1.12,10.78,49.31,8.27,47.18,53.59,1.88
1769158800,2026-01-23 09:00:00,4,697.76,0.89,11.4,52.07,8.48,51,57.94,2.17
1769162400,2026-01-23 10:00:00,4,717.25,0.38,12.68,50.93,8.51,54.78,62.26,2.41
1769166000,2026-01-23 11:00:00,4,734.83,0.02,13.42,46.53,7.98,57.66,65.61,2.4
1769169600,2026-01-23 12:00:00,4,746.82,0,13.11,43.2,7.23,59.9,68.24,2.11
1769173200,2026-01-23 13:00:00,4,759.63,0,12.97,40.24,6.42,61.99,70.84,1.85
1769176800,2026-01-23 14:00:00,4,782.5,0,12.84,37.42,5.72,64.71,74.23,1.73
1769180400,2026-01-23 15:00:00,4,796.16,0,12.38,35.02,5.28,66.59,76.63,1.66
1769184000,2026-01-23 16:00:00,4,797.54,0,11.78,33.26,4.91,67.25,77.37,1.52
1769187600,2026-01-23 17:00:00,4,788.75,0,11.26,31.63,4.47,67.33,77.15,1.23
1769191200,2026-01-23 18:00:00,4,779.96,0,10.94,30.51,4.33,68.27,78,0.95
1769194800,2026-01-23 19:00:00,4,767.24,0,10.51,28.45,4.18,69,78.54,0.76
1769198400,2026-01-23 20:00:00,4,757.03,0,9.98,25.42,3.69,69.47,78.79,0.7
1769202000,2026-01-23 21:00:00,4,747.54,0,9.65,23.58,3.54,70.03,79.33,0.7
1769205600,2026-01-23 22:00:00,4,739.76,0,9.46,23.16,3.82,71.23,80.42,0.63
1769209200,2026-01-23 23:00:00,4,740.82,0,9.46,22.14,4.05,73.05,82.37,0.6
1769212800,2026-01-24 00:00:00,5,746.89,0,9.62,20.85,4.28,75.37,84.86,0.59
1769216400,2026-01-24 01:00:00,5,757.1,0.03,10.16,19.95,4.7,77.44,86.94,0.66
1769220000,2026-01-24 02:00:00,5,772.17,0.17,10.57,20.05,5.13,79.39,88.61,0.69
1769223600,2026-01-24 03:00:00,5,782.96,0.37,10.6,22.31,5.48,80.55,89.19,0.67
1769227200,2026-01-24 04:00:00,4,746.99,0.33,9.61,34.9,5.64,72.87,80,0.54
1769230800,2026-01-24 05:00:00,4,718.72,0.29,9.01,38.35,5.56,66.4,73.01,0.68
1769234400,2026-01-24 06:00:00,4,709.74,0.26,9.57,39.38,5.99,63.63,70.21,0.79
1769238000,2026-01-24 07:00:00,4,703.21,0.34,9.87,45.14,6.13,60.03,66.25,0.98
1769241600,2026-01-24 08:00:00,4,706.14,0.36,10.28,46.45,5.93,58.26,64.35,1.3
1769245200,2026-01-24 09:00:00,4,718.86,0.32,11.02,45.73,5.95,58.44,64.73,1.67
1769248800,2026-01-24 10:00:00,4,739.49,0.15,11.94,41.2,5.93,60.98,67.72,1.89
1769252400,2026-01-24 11:00:00,4,754.09,0.01,12.32,34.29,5.51,64,71.22,1.77
1769256000,2026-01-24 12:00:00,4,764.52,0,12.15,29.28,5.03,66.4,74.01,1.53
1769259600,2026-01-24 13:00:00,4,771.33,0,11.95,24.86,4.56,67.89,75.92,1.42
1769263200,2026-01-24 14:00:00,4,780.14,0,11.48,21.01,4.02,69.24,77.71,1.34
1769266800,2026-01-24 15:00:00,4,777.65,0,10.62,18.16,3.57,69.64,78.3,1.24
1769270400,2026-01-24 16:00:00,4,778.72,0.01,9.97,15.14,2.89,70.2,79.05,1.36
1769274000,2026-01-24 17:00:00,4,784.09,0.03,9.37,11.66,2.05,70.96,79.75,1.41
1769277600,2026-01-24 18:00:00,4,779.54,0.06,8.63,8.94,1.52,71.43,80.08,1.45
1769281200,2026-01-24 19:00:00,4,772.79,0.12,7.87,6.91,1.22,71.4,79.66,1.51
1769284800,2026-01-24 20:00:00,4,765.24,0.22,7.28,5.77,1.05,71.17,78.44,1.5
1769288400,2026-01-24 21:00:00,4,758.4,0.36,6.8,5.29,0.96,70.94,77.44,1.49
1769292000,2026-01-24 22:00:00,4,751.89,0.56,6.3,4.98,0.91,70.95,76.97,1.47
1769295600,2026-01-24 23:00:00,4,747.14,0.83,5.58,4.36,0.86,70.86,76.37,1.31
1769299200,2026-01-25 00:00:00,4,759.43,1.36,4.95,4.75,1.11,71.44,76.69,1.33
1769302800,2026-01-25 01:00:00,4,789.63,2.35,4.34,8.47,1.43,69.66,74.78,1.38
1769306400,2026-01-25 02:00:00,4,802.03,2.96,4.06,9.4,1.57,65.17,70.72,1.35
1769310000,2026-01-25 03:00:00,4,786.13,2.22,4.76,11.27,1.63,59.87,65.43,1.36
1769313600,2026-01-25 04:00:00,3,587.87,0.13,3.1,43.09,1.61,41.54,44.6,0.49
1769317200,2026-01-25 05:00:00,3,521.3,0.1,2.07,54.14,1.37,36.32,38.96,0.51
1769320800,2026-01-25 06:00:00,3,485.98,0.11,1.71,57.77,1.31,34.01,36.65,0.59
1769324400,2026-01-25 07:00:00,3,466.04,0.13,1.38,63.62,1.22,34.09,36.69,0.62
1769328000,2026-01-25 08:00:00,3,454.27,0.14,1.28,69.96,1.29,37.41,40.08,0.71
1769331600,2026-01-25 09:00:00,3,449.04,0.14,1.39,78.29,1.44,41.54,44.44,0.8
1769335200,2026-01-25 10:00:00,3,451.14,0.09,1.89,81.36,1.66,45.3,48.81,0.98
1769338800,2026-01-25 11:00:00,3,461.31,0.01,2.62,75.44,1.8,48.53,52.88,1.1
1769342400,2026-01-25 12:00:00,4,467.03,0,3,70.58,1.83,50.17,55.45,0.99
1769346000,2026-01-25 13:00:00,4,479.13,0,3.69,57.63,1.65,50.67,57.04,0.93
1769349600,2026-01-25 14:00:00,4,509.58,0,4.44,41.98,1.51,52.35,59.94,1.11
1769353200,2026-01-25 15:00:00,4,538.03,0,4.93,30.78,1.51,54.6,63.25,1.42
1769356800,2026-01-25 16:00:00,4,554.34,0,5.26,23.52,1.53,56.43,65.75,1.8
1769360400,2026-01-25 17:00:00,4,557.71,0.01,5.37,19.31,1.44,57.6,66.76,2.19
1769364000,2026-01-25 18:00:00,4,561.78,0.01,5.62,16.73,1.62,58.98,67.95,2.94
1769367600,2026-01-25 19:00:00,4,562.92,0.02,5.82,15,1.78,59.92,68.74,3.45
1769371200,2026-01-25 20:00:00,4,565.33,0.03,5.64,13.61,1.47,60.13,68.39,2.62
1769374800,2026-01-25 21:00:00,4,571.28,0.05,5.49,14.57,1.15,59.89,67.3,1.64
1769378400,2026-01-25 22:00:00,4,576.51,0.08,5.44,19.37,1,58.87,65.42,1.18
1769382000,2026-01-25 23:00:00,4,583.13,0.1,5.57,18.9,1.01,58.42,64.61,1.09
1769385600,2026-01-26 00:00:00,4,599.65,0.15,6.02,17.3,1.32,58.89,65.5,1.19
1769389200,2026-01-26 01:00:00,4,586.54,0.11,6.25,19.13,1.68,54.31,61.41,1.17
1769392800,2026-01-26 02:00:00,3,598.16,0.8,5.86,21.62,1.95,48.86,56.45,1.21
1769396400,2026-01-26 03:00:00,3,600.56,1.42,5.23,27.94,2.23,43.49,51.34,1.33
1769400000,2026-01-26 04:00:00,2,368.19,0.43,3.18,73.3,2.25,23.75,29.94,0.54
1769403600,2026-01-26 05:00:00,2,321.42,0.2,2.23,80.2,1.96,20.02,25.54,0.51
1769407200,2026-01-26 06:00:00,2,318.6,0.14,2.02,81.85,2.03,20.31,25.69,0.58
1769410800,2026-01-26 07:00:00,2,320.82,0.13,1.92,84.45,2.06,21.05,26.18,0.66
1769414400,2026-01-26 08:00:00,2,316.67,0.13,1.9,85.93,2.06,21.36,26.15,0.75
1769418000,2026-01-26 09:00:00,2,311.13,0.11,2.03,86.08,2.07,20.95,25.46,0.84
1769421600,2026-01-26 10:00:00,2,314.83,0.06,2.75,80.45,2.21,20.44,24.88,1.08
1769425200,2026-01-26 11:00:00,2,333.75,0.01,3.87,70.4,2.41,20.6,25.32,1.25
1769428800,2026-01-26 12:00:00,2,355.6,0,4.63,62.07,2.54,21.13,26.36,1.23
1769432400,2026-01-26 13:00:00,2,392.94,0,5.59,51.06,2.57,22.79,29.08,1.33
1769436000,2026-01-26 14:00:00,3,447.89,0,6.54,39.65,2.55,25.89,33.52,1.62
1769439600,2026-01-26 15:00:00,3,492.83,0,7.12,31.48,2.63,29.05,37.58,2.09
1769443200,2026-01-26 16:00:00,3,520.25,0,7.3,24.56,2.56,31.45,39.88,2.44
1769446800,2026-01-26 17:00:00,3,530.06,0.01,7.1,18.59,2.01,32.47,39.8,2.11
1769450400,2026-01-26 18:00:00,3,537.79,0.01,6.88,14.56,1.61,33.08,39.15,1.87
1769454000,2026-01-26 19:00:00,3,543.95,0.02,6.68,11.62,1.42,34.27,39.41,1.76
1769457600,2026-01-26 20:00:00,3,548.53,0.03,6.44,9.83,1.31,35.44,40.27,1.58
1769461200,2026-01-26 21:00:00,3,551,0.03,6.29,9.89,1.29,36.25,41.2,1.45
1769464800,2026-01-26 22:00:00,3,544.96,0.02,6.15,11.37,1.36,36.7,42.13,1.34
1769468400,2026-01-26 23:00:00,3,545.95,0.03,6.23,11.74,1.48,37.53,43.41,1.35
1769472000,2026-01-27 00:00:00,3,568.88,0.05,6.89,11.28,1.91,39.63,46.28,1.61
1769475600,2026-01-27 01:00:00,3,608.86,0.16,8.07,10.76,2.51,41.97,50.04,1.83
1769479200,2026-01-27 02:00:00,3,641.61,0.58,8.54,12.28,2.96,42.7,52.47,1.97
1769482800,2026-01-27 03:00:00,3,657.95,0.97,8.47,19.39,3.37,42.81,53.56,2.31
1769486400,2026-01-27 04:00:00,3,369.18,0.29,4.51,69.47,3.65,26.15,33.72,0.63
1769490000,2026-01-27 05:00:00,2,302.34,0.13,2.95,78.79,2.88,22.3,28.63,0.45
1769493600,2026-01-27 06:00:00,2,294.19,0.12,2.56,82.62,2.84,23.48,29.48,0.48
1769497200,2026-01-27 07:00:00,3,293.63,0.14,2.26,88.16,2.87,25.79,31.66,0.49
1769500800,2026-01-27 08:00:00,3,299.96,0.16,2.09,92.19,3,30.11,36.03,0.53
1769504400,2026-01-27 09:00:00,3,315.96,0.14,2.19,95.56,3.21,36.43,42.66,0.54
1769508000,2026-01-27 10:00:00,3,353.14,0.08,3.14,92.83,3.66,47.52,54.75,0.77
1769511600,2026-01-27 11:00:00,4,408.74,0.01,4.49,85.65,4.01,61.73,70.25,1.01
1769515200,2026-01-27 12:00:00,4,461.7,0,5.25,79.9,4.07,74.58,84.2,0.94
1769518800,2026-01-27 13:00:00,5,525.01,0,6.16,68.43,3.73,86.63,97.74,1.17
1769522400,2026-01-27 14:00:00,5,600.68,0,7.07,54.86,3.69,98.64,111.68,1.91
1769526000,2026-01-27 15:00:00,5,658.33,0,7.74,45.69,4.3,107.29,121.5,3.17
1769529600,2026-01-27 16:00:00,5,688.18,0,8.29,39.44,4.93,111.44,125.55,4.34
1769533200,2026-01-27 17:00:00,5,693.58,0,7.9,31.22,3.94,112.82,125.86,3.71
1769536800,2026-01-27 18:00:00,5,691.92,0,7.32,23.47,2.62,113.37,124.41,2.32
1769540400,2026-01-27 19:00:00,5,680.48,0.01,6.75,17.89,1.74,111.72,120.52,1.39
1769544000,2026-01-27 20:00:00,5,672.68,0.01,6.4,14.95,1.45,110.4,117.77,1.29
1769547600,2026-01-27 21:00:00,5,674.07,0.02,6.27,13.39,1.4,111.22,117.55,1.37
1769551200,2026-01-27 22:00:00,5,682.73,0.03,6.3,12.71,1.39,111.93,117.39,1.36
1769554800,2026-01-27 23:00:00,5,691.59,0.03,6.28,14.17,1.44,112.18,117.04,1.13
1769558400,2026-01-28 00:00:00,5,706.88,0.03,6.51,19.9,1.88,114.07,119.1,0.97
1769648400,2026-01-29 01:00:00,5,715.96,0.02,4.5,29.12,1.86,137.26,145.59,0.77
1769652000,2026-01-29 02:00:00,5,726.68,0.12,4.71,32.34,2.21,137.75,147.57,0.91
1769655600,2026-01-29 03:00:00,5,714.88,0.19,4.22,42.3,2.51,135.92,146.4,0.8
1769659200,2026-01-29 04:00:00,5,530.17,0.08,1.97,92.39,2.09,87.59,94.23,0
1769662800,2026-01-29 05:00:00,4,453.23,0.07,1.52,96.38,1.64,65.85,70.72,0
1769666400,2026-01-29 06:00:00,4,432.77,0.07,1.5,96.12,1.54,59.45,63.84,0
1769670000,2026-01-29 07:00:00,4,409.31,0.1,1.38,99.09,1.48,53.64,57.71,0
1769673600,2026-01-29 08:00:00,4,388.85,0.1,1.42,99.99,1.58,51.05,55.14,0
1769677200,2026-01-29 09:00:00,4,386.54,0.1,1.65,100.75,1.73,51.83,56.37,0
1769680800,2026-01-29 10:00:00,4,393.13,0.08,2.15,99.71,1.93,53.46,58.69,0.04
1769684400,2026-01-29 11:00:00,4,401.8,0.01,2.8,94.98,2.09,54.11,60.08,0.27
1769688000,2026-01-29 12:00:00,4,402.91,0,3.05,89.91,2.09,52.36,58.98,0.43
1769691600,2026-01-29 13:00:00,3,399.06,0,3.22,76.7,1.84,49.13,56.22,0.56
1769695200,2026-01-29 14:00:00,3,408.4,0,3.39,61.41,1.64,47.83,55.37,0.72
1769698800,2026-01-29 15:00:00,3,419.51,0,3.46,50.26,1.57,47.58,55.39,0.86
1769702400,2026-01-29 16:00:00,3,426.32,0,3.53,40.95,1.46,47.83,55.84,0.94
1769706000,2026-01-29 17:00:00,3,427.07,0,3.52,32.21,1.18,48.08,55.74,0.87
1769709600,2026-01-29 18:00:00,3,424.66,0,3.46,25.45,0.99,48.17,55.19,0.84
1769713200,2026-01-29 19:00:00,3,420.9,0.01,3.36,20.78,0.89,47.74,53.72,0.81
1769716800,2026-01-29 20:00:00,3,418.93,0.01,3.29,17.92,0.83,46.9,51.91,0.79
1769720400,2026-01-29 21:00:00,3,419.43,0.02,3.29,15.93,0.8,45.69,49.89,0.79
1769724000,2026-01-29 22:00:00,3,419.88,0.02,3.36,14.4,0.79,45.05,48.61,0.78
1769727600,2026-01-29 23:00:00,3,428.06,0.02,3.58,14.13,0.87,45.87,49.24,0.83
1769731200,2026-01-30 00:00:00,3,454.59,0.02,4.27,16.07,1.22,48.04,51.85,1.03
1769734800,2026-01-30 01:00:00,3,493.12,0.1,5.24,21.4,1.65,49.24,53.98,1.15
1769738400,2026-01-30 02:00:00,3,510.97,0.36,5.39,23,1.89,48.55,54.37,1.16
1769742000,2026-01-30 03:00:00,3,493.04,0.41,4.89,26.62,2,46.44,52.66,1.24
1769745600,2026-01-30 04:00:00,3,344.34,0.07,2.32,72.67,1.54,30.66,35.42,0.48
1769749200,2026-01-30 05:00:00,3,312.88,0.04,1.72,76.6,1.28,25.19,29.12,0.43
1769752800,2026-01-30 06:00:00,2,304.74,0.04,1.61,75.85,1.22,22.08,25.63,0.46
1769756400,2026-01-30 07:00:00,2,301.25,0.04,1.63,78.02,1.26,19.35,22.57,0.53
1769760000,2026-01-30 08:00:00,2,301.33,0.04,1.88,78.4,1.48,18.95,22.21,0.67
1769763600,2026-01-30 09:00:00,2,303.48,0.05,2.19,78.48,1.69,18.97,22.41,0.82
1769767200,2026-01-30 10:00:00,2,312.25,0.08,2.76,73.24,1.97,19.15,23.19,1.06
1769770800,2026-01-30 11:00:00,2,326.36,0.01,3.61,64.32,2.2,19.79,24.78,1.2
1769774400,2026-01-30 12:00:00,2,341.27,0,4.02,57.91,2.25,20.69,26.68,1.08
1769778000,2026-01-30 13:00:00,2,378.99,0,4.97,47.46,2.2,22.71,30.07,1.12
1769781600,2026-01-30 14:00:00,3,437.93,0,5.97,35,2.18,26.2,35.26,1.49
1769785200,2026-01-30 15:00:00,3,486.72,0,6.53,25.7,2.4,29.73,39.82,2.27
1769788800,2026-01-30 16:00:00,3,515.06,0.01,6.9,19.9,2.84,32.39,42.25,3.42
1769792400,2026-01-30 17:00:00,3,522.78,0.01,6.98,17.31,2.76,33.8,42.73,3.82
1769796000,2026-01-30 18:00:00,3,523.5,0.01,6.82,16.85,2.49,34.66,42.8,3.96
1769799600,2026-01-30 19:00:00,3,520.43,0.01,6.55,17.5,2.09,34.48,41.84,3.59
1769803200,2026-01-30 20:00:00,3,518.52,0.01,6.14,17.77,1.6,34.14,40.92,2.61
1769806800,2026-01-30 21:00:00,3,513.78,0.01,5.7,17.99,1.26,33.97,40.42,1.82
1769810400,2026-01-30 22:00:00,3,504.88,0.01,5.3,17.18,1.07,33.34,39.44,1.3
1769814000,2026-01-30 23:00:00,3,499.54,0.01,5.03,14.87,1.01,32.56,38.29,1.04
1769817600,2026-01-31 00:00:00,3,506.18,0.02,5.11,13.42,1.21,32.61,38.36,0.99
1769821200,2026-01-31 01:00:00,3,500.66,0.04,5.35,15.28,1.68,32.16,38.28,0.94
1769824800,2026-01-31 02:00:00,3,499.2,0.08,5.68,19.16,2.13,30.69,37.44,0.91
1769828400,2026-01-31 03:00:00,3,511.05,0.15,6.15,25.69,2.66,30.09,37.1,0.86
1769832000,2026-01-31 04:00:00,3,471.66,0.07,6.37,68.8,3.83,29.42,35.98,0.52
1769835600,2026-01-31 05:00:00,3,461.15,0.06,6.14,74.28,4.11,31.89,38.06,0.4
1769839200,2026-01-31 06:00:00,3,480.65,0.05,6.53,75.64,4.65,36.78,43.02,0.32
1769842800,2026-01-31 07:00:00,3,500.77,0.1,6.49,78.99,5.11,42.55,49.06,0.3
1769846400,2026-01-31 08:00:00,3,526.78,0.12,6.43,84.02,5.52,49.12,56.18,0.39
1769850000,2026-01-31 09:00:00,4,554.2,0.11,6.42,90.34,5.76,56.15,63.64,0.5
1769853600,2026-01-31 10:00:00,4,587.95,0.07,6.68,88.69,5.29,64.68,73.01,0.75
1769857200,2026-01-31 11:00:00,4,628.19,0.01,6.9,81.13,4.63,73.96,83.48,1.05
1769860800,2026-01-31 12:00:00,5,662.31,0,6.6,75.63,4.13,81.74,92.28,1.21
1769864400,2026-01-31 13:00:00,5,697.63,0,6.56,65.91,3.49,88.63,100.39,1.55
1769868000,2026-01-31 14:00:00,5,741.14,0,6.72,53.62,3.17,95.59,108.74,2.22
1769871600,2026-01-31 15:00:00,5,770.65,0,6.89,45.53,3.56,100.61,114.75,3.33
1769875200,2026-01-31 16:00:00,5,785.74,0,7.26,42.28,4.28,103.4,117.85,4.66
1769878800,2026-01-31 17:00:00,5,793.43,0,7.43,41.21,4.5,106.34,120.63,5.22
1769882400,2026-01-31 18:00:00,5,803.96,0,7.51,40.37,4.38,110.45,124.45,5.15
1769886000,2026-01-31 19:00:00,5,811.48,0,7.41,38.65,3.82,113.36,126.98,3.98
1769889600,2026-01-31 20:00:00,5,815.97,0,7.19,37.59,3.21,115.22,128.33,2.47
1769893200,2026-01-31 21:00:00,5,816.21,0,6.96,38.48,2.93,116.46,128.87,1.64
1769896800,2026-01-31 22:00:00,5,773.68,0,5.9,45.02,3.26,114.9,126.09,1.03
1769900400,2026-01-31 23:00:00,5,754.4,0,5.53,43.65,3.23,113.54,124.22,0.96
1769904000,2026-02-01 00:00:00,5,734.42,0,5.3,41.28,3.51,111.26,121.64,0.92
1769907600,2026-02-01 01:00:00,5,700.53,0,4.71,42.27,4.69,104.46,114.34,0.79
1769911200,2026-02-01 02:00:00,5,715.14,0.01,5.1,41.5,5.3,102.65,112.47,0.91
1769914800,2026-02-01 03:00:00,5,738.89,0.03,5.61,44.47,5.95,102.94,112.41,0.87
1769918400,2026-02-01 04:00:00,5,806.49,0.04,6.76,81.65,7.91,101.55,109.52,0.78
1769922000,2026-02-01 05:00:00,5,799.29,0.04,6.82,80.66,7.8,97.84,105.34,0.98
1769925600,2026-02-01 06:00:00,5,792.13,0.04,7.01,78.86,7.91,96.47,104.04,1.2
1769929200,2026-02-01 07:00:00,5,781.01,0.07,6.93,81.35,7.97,94.69,102.6,1.46
1769932800,2026-02-01 08:00:00,5,774.35,0.08,6.75,83.11,8.08,96.39,104.97,1.6
1769936400,2026-02-01 09:00:00,5,775.38,0.07,6.63,84.5,8.29,100.41,109.92,1.87
1769940000,2026-02-01 10:00:00,5,779.02,0.03,6.59,86.47,8.49,106.62,117.14,2.05
1769943600,2026-02-01 11:00:00,5,784.58,0,6.46,87.52,8.37,113.86,125.24,1.97
1769947200,2026-02-01 12:00:00,5,791.56,0,6.09,88.66,8,120.72,132.8,1.68
1769950800,2026-02-01 13:00:00,5,800.47,0,6.01,83.27,6.72,126.02,138.9,1.59
1769954400,2026-02-01 14:00:00,5,822.64,0,6.19,72.68,5.36,132.45,146.44,1.68
1769958000,2026-02-01 15:00:00,5,842.06,0,6.28,64.25,4.86,138.94,153.88,1.92
1769961600,2026-02-01 16:00:00,5,847.44,0,6.2,57.57,4.58,143.28,158.37,2.03
1769965200,2026-02-01 17:00:00,5,840.86,0,5.8,51.44,3.75,145.74,160.26,1.53
1769968800,2026-02-01 18:00:00,5,839.24,0,5.49,45.91,3.2,148.36,162.48,1.24
1769972400,2026-02-01 19:00:00,5,840.92,0,5.27,40.94,2.82,150.09,164.1,1.1
1769976000,2026-02-01 20:00:00,5,848.01,0,5.13,39.53,2.8,151.62,165.69,1.06
1769979600,2026-02-01 21:00:00,5,856.53,0,5.09,45.47,3.71,153.8,167.68,1.07
1769983200,2026-02-01 22:00:00,5,833.37,0,4.92,72.91,7.38,151.19,163.25,0.68
1769986800,2026-02-01 23:00:00,5,816.89,0,5.22,78.38,8.54,148.94,160.17,0.62
1769990400,2026-02-02 00:00:00,5,804.65,0,5.71,79.2,9.61,146.98,157.98,0.53
1769994000,2026-02-02 01:00:00,5,766.83,0,5.68,80.86,10.72,137.75,147.69,0.43
1769997600,2026-02-02 02:00:00,5,761.13,0.01,6.56,78.43,10.82,131.3,140.4,0.6
1770001200,2026-02-02 03:00:00,5,766.1,0.05,7.69,75.23,10.72,124.78,133.51,0.83
1770004800,2026-02-02 04:00:00,5,763.25,0.08,8.69,73.95,10.6,116.66,125.55,1.08
1770008400,2026-02-02 05:00:00,5,756.16,0.07,9.78,73.36,10.98,109.95,119.41,1.31
1770012000,2026-02-02 06:00:00,5,749.81,0.06,10.97,73.61,11.54,105.21,115.18,1.58
1770015600,2026-02-02 07:00:00,5,751.08,0.11,11.71,76.32,11.73,101.35,111.45,1.8
1770019200,2026-02-02 08:00:00,5,747.98,0.11,12.02,78.33,11.49,98.2,108.19,1.96
1770022800,2026-02-02 09:00:00,5,747.7,0.1,12.27,80.19,11.41,95.99,105.97,2.21
1770026400,2026-02-02 10:00:00,5,760.93,0.06,12.28,72.42,9.84,97.01,107.48,2.71
1770030000,2026-02-02 11:00:00,5,782.13,0.01,12.03,59.41,7.86,100.52,111.89,2.94
1770033600,2026-02-02 12:00:00,5,804.14,0,11.72,50.27,6.69,105.01,117.43,2.88
1770037200,2026-02-02 13:00:00,5,823.2,0,11.75,43.72,6.19,109.04,122.58,2.95
1770040800,2026-02-02 14:00:00,5,852.06,0,12.16,38.87,6.09,115.19,129.91,2.98
1770044400,2026-02-02 15:00:00,5,876.06,0,12.75,34.77,6.04,120.51,136.14,3.05
1770048000,2026-02-02 16:00:00,5,902.54,0,13.54,31.55,5.8,124.24,140.33,3.15
1770051600,2026-02-02 17:00:00,5,933.62,0,14.18,29.18,5.44,127.92,143.86,3.26
1770055200,2026-02-02 18:00:00,5,961.92,0,14.58,27.49,5.33,131.64,146.12,3.37
1770058800,2026-02-02 19:00:00,5,977.58,0,14.46,26.38,5.09,130.91,143.7,3.31
1770062400,2026-02-02 20:00:00,5,990.59,0.01,14.06,26,4.72,128.45,139.54,3.03
1770066000,2026-02-02 21:00:00,5,996.46,0.01,13.53,25.73,4.39,127.64,137.47,2.69
1770069600,2026-02-02 22:00:00,5,983.12,0.02,12.31,22.67,3.68,130.02,139.49,1.97
1770073200,2026-02-02 23:00:00,5,974.98,0.04,10.96,19.54,3.02,134.79,144.15,1.28
1770076800,2026-02-03 00:00:00,5,979.77,0.11,10,17.96,2.8,139.48,149.31,1.05
1770080400,2026-02-03 01:00:00,5,996.05,0.4,9.61,18.02,3.07,139.17,149.79,1.22
1770084000,2026-02-03 02:00:00,5,1019.24,0.9,9.64,18.6,3.56,133.83,145.41,1.72
1770087600,2026-02-03 03:00:00,5,1029.36,0.85,10.59,21.99,4.51,129.64,141.96,2.32
1770091200,2026-02-03 04:00:00,5,720.87,0.12,5.99,79.96,8.24,98.85,106.61,0.62
1770094800,2026-02-03 05:00:00,5,651.42,0.1,5.01,89.11,7.78,87.61,94.46,0.65
1770098400,2026-02-03 06:00:00,5,644.19,0.09,4.97,91.43,7.81,86.29,93.3,0.9
1770102000,2026-02-03 07:00:00,5,650.96,0.11,5.06,94.12,7.79,87.94,95.35,1.19
1770105600,2026-02-03 08:00:00,5,661.89,0.1,5.49,94.81,7.71,90.65,98.7,1.65
1770109200,2026-02-03 09:00:00,5,679.06,0.09,6.01,95.41,7.86,94.26,103.21,2.16
1770112800,2026-02-03 10:00:00,5,704.85,0.07,6.8,91.31,7.63,99.48,109.46,2.53
1770116400,2026-02-03 11:00:00,5,724.74,0.01,7.32,83.43,6.72,104.65,115.53,2.49
1770120000,2026-02-03 12:00:00,5,739.82,0,7.26,78.51,5.86,108.9,120.58,2.03
1770123600,2026-02-03 13:00:00,5,764.38,0,7.57,68.6,4.58,112.77,125.68,1.75
1770127200,2026-02-03 14:00:00,5,800.6,0,7.85,55.12,3.45,117.87,132.42,1.72
1770130800,2026-02-03 15:00:00,5,822.79,0,7.7,44.23,2.96,121.88,137.75,2.02
1770134400,2026-02-03 16:00:00,5,822.61,0,7.33,35.82,2.65,122.9,138.76,2.36
1770138000,2026-02-03 17:00:00,5,813.44,0,6.91,29.62,2.03,122.67,136.65,2.14
1770141600,2026-02-03 18:00:00,5,804.25,0,6.64,25.01,1.61,122.29,133.87,1.98
1770145200,2026-02-03 19:00:00,5,789.3,0,6.36,21.6,1.38,120.56,129.27,1.85
1770148800,2026-02-03 20:00:00,5,765.74,0.01,5.81,18.01,1.14,117.65,124.81,1.57
1770152400,2026-02-03 21:00:00,5,738.57,0.01,5.2,15.74,0.96,114.06,120.2,1.22
1770156000,2026-02-03 22:00:00,5,695.6,0.01,4.31,17.96,1,109.41,115,0.84
1770159600,2026-02-03 23:00:00,5,675.3,0.01,3.98,16.9,0.94,106.06,111.3,0.85
1770163200,2026-02-04 00:00:00,5,669.25,0.02,4.1,14.91,1.11,103.18,108.49,1
1770166800,2026-02-04 01:00:00,5,674.45,0.11,4.51,13.53,1.39,98.46,104.34,1.2
1770170400,2026-02-04 02:00:00,5,673.03,0.35,4.48,15.55,1.62,90.56,97.19,1.37
1770174000,2026-02-04 03:00:00,5,652.62,0.33,4.17,23.56,1.82,0,0,1.6
1770177600,2026-02-04 04:00:00,4,532.63,0.1,1.93,68.36,1.76,63.32,68.03,0.34
1770181200,2026-02-04 05:00:00,4,484.2,0.09,1.5,77.89,1.61,55.14,59.4,0.27
1770184800,2026-02-04 06:00:00,4,462.18,0.1,1.4,80.5,1.64,52.16,56.41,0.38
1770188400,2026-02-04 07:00:00,4,458.45,0.12,1.38,85.06,1.76,53.07,57.5,0.5
1770192000,2026-02-04 08:00:00,4,457,0.14,1.44,90.87,1.99,55.25,59.98,0.61
1770195600,2026-02-04 09:00:00,4,460.02,0.14,1.64,100.34,2.3,57.26,62.45,0.65
1770199200,2026-02-04 10:00:00,4,474.71,0.09,2.22,105.11,2.59,0,0,0.69
1770202800,2026-02-04 11:00:00,4,495.74,0.01,2.95,100.02,2.73,66.93,74.08,0.77
1770206400,2026-02-04 12:00:00,4,516.26,0,3.22,94.86,2.65,72.22,80.41,0.71
1770210000,2026-02-04 13:00:00,5,526.64,0,3.44,81.28,2.2,75.36,84.51,0.68
1770213600,2026-02-04 14:00:00,5,542.81,0,3.66,63.84,1.77,77.61,87.72,0.84
1770217200,2026-02-04 15:00:00,5,551.35,0,3.72,49.84,1.57,78.38,89.11,1.05
1770220800,2026-02-04 16:00:00,5,546.58,0,3.64,39.95,1.4,77.34,87.66,1.15
1770224400,2026-02-04 17:00:00,5,531.96,0,3.39,34.32,1.15,75.88,85.23,1.04
1770228000,2026-02-04 18:00:00,4,516.64,0,3.09,30.72,0.99,74.39,82.81,0.97
1770231600,2026-02-04 19:00:00,4,502.07,0.01,2.85,27.67,0.89,73.09,80.4,0.9
1770235200,2026-02-04 20:00:00,4,491.75,0.01,2.7,24.39,0.79,72.34,78.6,0.86
1770238800,2026-02-04 21:00:00,4,485.64,0.01,2.65,21.59,0.74,71.89,77.28,0.84
1770242400,2026-02-04 22:00:00,4,480.35,0.01,2.69,19.48,0.72,71.59,76.22,0.82
1770246000,2026-02-04 23:00:00,4,477.29,0.02,2.79,18.44,0.76,71.53,75.65,0.8
1770249600,2026-02-05 00:00:00,4,482.68,0.02,3.15,18.06,0.98,72.32,76.52,0.88
1770253200,2026-02-05 01:00:00,4,493.36,0.09,3.7,18.26,1.26,71.83,76.72,0.98
1770256800,2026-02-05 02:00:00,4,495.18,0.23,3.87,20.97,1.49,69.21,75.14,1.05
1770260400,2026-02-05 03:00:00,4,471.95,0.24,3.38,29.63,1.59,64.21,70.18,1.11
1770264000,2026-02-05 04:00:00,3,410.72,0.11,1.63,75.97,1.4,48.73,52.87,0.56
1770267600,2026-02-05 05:00:00,3,384.83,0.11,1.13,80.41,1.35,43.1,46.67,0.63
1770271200,2026-02-05 06:00:00,3,376.27,0.12,0.95,83.4,1.44,41.15,44.59,0.73
1770274800,2026-02-05 07:00:00,3,373.43,0.13,0.93,90.5,1.59,40.11,43.46,0.87
1770278400,2026-02-05 08:00:00,3,367.1,0.13,1.09,94.24,1.78,38.75,42.16,1.04
1770282000,2026-02-05 09:00:00,3,369.26,0.13,1.35,94.63,1.88,37.95,41.64,1.16
1770285600,2026-02-05 10:00:00,3,381.53,0.09,1.97,87.16,1.94,37.71,41.98,1.27
1770289200,2026-02-05 11:00:00,3,399.6,0.01,2.72,75.21,1.94,38.31,43.38,1.25
1770292800,2026-02-05 12:00:00,3,416.12,0,3.04,66.38,1.85,39.06,44.99,1.03
1770296400,2026-02-05 13:00:00,3,430.12,0,3.35,54.49,1.67,39.3,46.28,0.97
1770300000,2026-02-05 14:00:00,3,451.57,0,3.68,42.3,1.53,40.35,48.41,1.11
1770303600,2026-02-05 15:00:00,3,467.92,0,3.83,32.91,1.49,41.77,50.4,1.35
1770307200,2026-02-05 16:00:00,3,469.9,0.01,3.8,26.08,1.39,42.44,50.86,1.47
1770310800,2026-02-05 17:00:00,3,459.56,0.01,3.51,22.14,1.15,42.31,49.57,1.31
1770314400,2026-02-05 18:00:00,3,446.43,0.02,3.19,19.99,0.98,41.93,48.26,1.2
1770318000,2026-02-05 19:00:00,3,434.01,0.02,2.97,18.65,0.92,41.81,47.58,1.18
1770321600,2026-02-05 20:00:00,3,426.48,0.02,2.89,18.05,0.91,41.98,47.56,1.25
1770325200,2026-02-05 21:00:00,3,423.11,0.01,2.91,19.12,0.96,42.26,47.89,1.36
1770328800,2026-02-05 22:00:00,3,423.44,0.01,3.01,20.11,1,42.57,48.22,1.45
1770332400,2026-02-05 23:00:00,3,426.78,0.01,3.29,16.47,1.03,43.42,48.98,1.48
1770336000,2026-02-06 00:00:00,3,440.6,0.02,3.94,13.47,1.27,45.09,50.91,1.6
1770339600,2026-02-06 01:00:00,3,461.85,0.1,4.88,11.27,1.57,46.11,52.35,1.64
1770343200,2026-02-06 02:00:00,3,481.19,0.26,5.62,11.92,1.81,46.08,52.99,1.69
1770346800,2026-02-06 03:00:00,3,494.08,0.34,6.04,17.18,1.98,45.24,52.46,1.81
1770350400,2026-02-06 04:00:00,3,402.67,0.13,3.69,66.99,2.4,36.13,40.7,0.87
1770354000,2026-02-06 05:00:00,3,380.08,0.11,2.86,74.79,2.27,33.6,37.43,0.78
1770357600,2026-02-06 06:00:00,3,385.18,0.14,2.69,77.44,2.21,31.41,35.02,0.88
1770361200,2026-02-06 07:00:00,3,387.4,0.14,2.53,82.8,2.22,29.13,32.64,0.93
1770364800,2026-02-06 08:00:00,3,389.49,0.12,2.63,84.19,2.29,27.22,30.85,1.06
1770368400,2026-02-06 09:00:00,2,395.33,0.07,3.01,82.6,2.36,24.7,28.55,1.23
1770372000,2026-02-06 10:00:00,2,404.36,0.03,3.78,75.02,2.45,21.99,26.41,1.51
1770375600,2026-02-06 11:00:00,2,420.44,0.01,4.77,64.67,2.53,20.83,26.23,1.59
1770379200,2026-02-06 12:00:00,2,437,0,5.34,56.35,2.5,20.7,27.23,1.38
1770382800,2026-02-06 13:00:00,2,462.65,0,6.13,47.53,2.49,21.01,28.9,1.49
1770386400,2026-02-06 14:00:00,2,503.61,0,6.99,41.12,2.58,22.28,31.66,1.92
1770390000,2026-02-06 15:00:00,2,532.21,0,7.37,38.21,2.8,23.67,33.99,2.64
1770393600,2026-02-06 16:00:00,2,545.95,0,7.37,33.96,2.77,24.66,34.89,3.28
1770397200,2026-02-06 17:00:00,3,552.42,0,7.13,26.77,2.11,25.23,34.52,2.78
1770400800,2026-02-06 18:00:00,3,554.72,0,6.79,21.75,1.54,25.46,33.71,2.17
1770404400,2026-02-06 19:00:00,3,554.18,0,6.4,17.82,1.2,25.69,32.97,1.81
1770408000,2026-02-06 20:00:00,3,554.98,0.01,6.07,15.01,1.06,26.04,32.8,1.78
1770411600,2026-02-06 21:00:00,3,555.08,0.01,5.85,13.66,1.01,26.35,33.04,1.85
1770415200,2026-02-06 22:00:00,3,546.26,0.01,5.54,14.15,1,26.26,32.77,1.78
1770418800,2026-02-06 23:00:00,3,536.14,0.01,5.25,14.94,1.01,26.05,32.24,1.64
1770422400,2026-02-07 00:00:00,3,537.85,0.01,5.29,15.09,1.16,26.48,32.61,1.61
1770426000,2026-02-07 01:00:00,3,550.08,0.02,5.69,15.67,1.4,27.32,33.57,1.54
1770429600,2026-02-07 02:00:00,3,558.17,0.04,5.9,17.17,1.57,27.94,34.42,1.43
1770433200,2026-02-07 03:00:00,3,544.37,0.07,5.51,20.95,1.65,27.43,33.69,1.37
1770436800,2026-02-07 04:00:00,2,330.56,0.04,2.82,57.19,1.41,15.23,18.61,0.62
1770440400,2026-02-07 05:00:00,2,290.58,0.08,2.07,62.34,1.21,13.21,15.67,0.56
1770444000,2026-02-07 06:00:00,2,278.7,0.1,1.72,65.25,1.19,13.48,15.7,0.59
1770447600,2026-02-07 07:00:00,2,267.6,0.08,1.4,69.93,1.14,13.83,16.1,0.6
1770451200,2026-02-07 08:00:00,2,262.73,0.07,1.31,72.41,1.18,15.09,17.7,0.63
1770454800,2026-02-07 09:00:00,2,261.98,0.05,1.38,74.09,1.25,16.99,20.11,0.65
1770458400,2026-02-07 10:00:00,2,269.29,0.03,1.74,75.02,1.44,19.89,24,0.73
1770462000,2026-02-07 11:00:00,2,286.12,0,2.29,73.74,1.69,23.65,29.1,0.8
1770465600,2026-02-07 12:00:00,3,305.14,0,2.7,71.92,1.86,27.05,33.72,0.84
1770469200,2026-02-07 13:00:00,3,322.94,0,3.02,69.57,1.99,30.29,38.07,0.88
1770472800,2026-02-07 14:00:00,3,341.54,0,3.19,68.34,2.08,33.53,42.15,0.9
1770476400,2026-02-07 15:00:00,3,356.36,0,3.25,67.63,2.09,36.07,44.99,0.91
1770480000,2026-02-07 16:00:00,3,366.11,0,3.25,66.27,2.08,37.92,46.85,0.89
1770483600,2026-02-07 17:00:00,3,378.42,0,3.33,64.42,2.07,40.84,49.82,0.86
1770487200,2026-02-07 18:00:00,3,391.09,0,3.41,63.25,2.09,44.02,53.06,0.86
1770490800,2026-02-07 19:00:00,3,400.29,0,3.44,61.17,2.04,46.16,54.23,0.77
1770494400,2026-02-07 20:00:00,3,409.87,0,3.52,58.05,1.95,47.55,53.73,0.66
1770498000,2026-02-07 21:00:00,4,424.68,0,3.68,56.95,2.16,50.28,54.73,0.58
1770501600,2026-02-07 22:00:00,4,452.54,0,3.93,59.13,3.05,57,60.2,0.4
1770505200,2026-02-07 23:00:00,4,497.78,0,4.33,62.27,4.35,66.55,68.95,0.23
1770508800,2026-02-08 00:00:00,4,561.5,0,4.99,62.27,5.51,74.51,76.27,0.18
1770512400,2026-02-08 01:00:00,5,666.4,0,6.23,61.07,6.41,80.69,81.93,0.2
1770516000,2026-02-08 02:00:00,5,804.59,0,8.13,49.4,6.48,81.33,82.48,0.28
1770519600,2026-02-08 03:00:00,5,942.16,0,10.83,35.12,6.1,75.68,76.83,0.35
1770523200,2026-02-08 04:00:00,4,1048.89,0.01,13.59,23.82,5.56,65.74,66.79,0.39
1770526800,2026-02-08 05:00:00,4,1104.43,0.02,15.57,16.88,5.11,56.1,57.05,0.43
1770530400,2026-02-08 06:00:00,3,1109.23,0.03,16.43,13.87,4.65,47.52,48.43,0.48
1770534000,2026-02-08 07:00:00,3,1070.38,0.05,16.02,13.93,3.69,40.37,41.2,0.5
1770537600,2026-02-08 08:00:00,3,1018.97,0.07,15.24,15.88,3.07,34.89,35.62,0.5
1770541200,2026-02-08 09:00:00,3,961.78,0.07,14.32,18.77,2.66,30.36,30.99,0.5
1770544800,2026-02-08 10:00:00,3,909.04,0.06,13.25,21.25,2.27,27.49,28.19,0.56
1770548400,2026-02-08 11:00:00,3,877.08,0,12.32,22.14,2.14,26.6,27.48,0.65
1770552000,2026-02-08 12:00:00,3,852.86,0,11.59,22.98,2.04,26.04,27.09,0.71
1770555600,2026-02-08 13:00:00,3,828.93,0,11,23.69,2,25.38,26.58,0.76
1770559200,2026-02-08 14:00:00,2,809.6,0,10.55,24.4,1.99,24.75,26.02,0.77
1770562800,2026-02-08 15:00:00,2,795.24,0,10.12,24.86,1.93,24.27,25.55,0.75
1770566400,2026-02-08 16:00:00,2,781.23,0,9.64,25.18,1.8,23.91,25.15,0.71
1770570000,2026-02-08 17:00:00,2,768.31,0,9.14,25.62,1.64,23.65,24.79,0.68
1770573600,2026-02-08 18:00:00,2,757.53,0,8.66,26.46,1.56,23.49,24.61,0.68
1770577200,2026-02-08 19:00:00,2,747.36,0,8.14,26.61,1.53,23.63,24.66,0.64
1770580800,2026-02-08 20:00:00,2,739.93,0,7.71,24.97,1.43,23.68,24.63,0.59
1770584400,2026-02-08 21:00:00,2,733.22,0,7.25,23.79,1.36,23.71,24.63,0.56
1770588000,2026-02-08 22:00:00,2,725.23,0,6.82,22.97,1.28,23.7,24.69,0.56
1770591600,2026-02-08 23:00:00,2,714.51,0,6.39,22.09,1.28,23.6,24.69,0.58
1770595200,2026-02-09 00:00:00,2,708.08,0,6.14,21.36,1.37,23.89,25.18,0.6
1770598800,2026-02-09 01:00:00,2,703.66,0.01,6.23,20.84,1.52,24.46,26.09,0.68
1770602400,2026-02-09 02:00:00,2,702.69,0.04,6.39,20.45,1.68,24.95,26.98,0.81
1770606000,2026-02-09 03:00:00,3,700.3,0.08,6.37,20.48,1.8,25.69,28.09,0.9
1770609600,2026-02-09 04:00:00,3,686.77,0.15,6,25.84,1.88,26.68,29.15,0.88
1770613200,2026-02-09 05:00:00,3,668.62,0.18,5.71,31.26,1.94,27.2,29.68,0.84
1770616800,2026-02-09 06:00:00,3,653.42,0.21,5.45,34.63,2.02,27.52,30.1,0.82
1770620400,2026-02-09 07:00:00,3,634.29,0.32,4.66,45.42,2.17,28.54,31.51,0.75
1770624000,2026-02-09 08:00:00,3,618.3,0.22,4.45,52.32,2.34,29.66,33.12,0.8
1770627600,2026-02-09 09:00:00,3,616.4,0.16,4.77,54.04,2.66,31.11,35.04,0.99
1770631200,2026-02-09 10:00:00,3,640.06,0.18,5.88,47.12,3.07,34.28,39.19,1.62
1770634800,2026-02-09 11:00:00,3,676.11,0.04,7.79,35.51,3.27,38.71,45,2.21
1770638400,2026-02-09 12:00:00,3,717.98,0,9.34,27.68,3.37,43.63,51.43,2.28
1770642000,2026-02-09 13:00:00,3,768.2,0,11.01,21.73,3.47,49.67,59.35,2.32
1770645600,2026-02-09 14:00:00,4,821.12,0.01,12.1,16.26,3.37,56.15,67.77,2.51
1770649200,2026-02-09 15:00:00,4,853.69,0.03,12.27,11.97,3.34,61.08,74.12,2.98
1770652800,2026-02-09 16:00:00,4,863.33,0.06,11.94,8.9,3.14,63.71,76.81,3.22
1770656400,2026-02-09 17:00:00,4,855.61,0.07,11.28,7.06,2.36,64.6,76.63,2.42
1770660000,2026-02-09 18:00:00,4,846.47,0.07,10.72,5.91,1.84,64.97,75.63,1.87
1770663600,2026-02-09 19:00:00,4,824.19,0.07,10.02,5.47,1.57,63.12,72.33,1.7
1770667200,2026-02-09 20:00:00,4,807.27,0.08,9.47,6.14,1.47,60.92,69.37,1.91
1770670800,2026-02-09 21:00:00,4,800.29,0.08,9.12,7.98,1.5,59.61,67.79,2.19
1770674400,2026-02-09 22:00:00,4,797.64,0.07,8.83,11.04,1.62,59.81,68,2.33
1770678000,2026-02-09 23:00:00,4,785.1,0.07,8.17,12.65,1.67,60.1,67.96,2.07
1770681600,2026-02-10 00:00:00,4,773.98,0.09,7.42,11.86,1.73,59.89,67.35,1.57
1770685200,2026-02-10 01:00:00,4,761.47,0.21,7.2,12.28,2.21,58.22,65.5,1.4
1770688800,2026-02-10 02:00:00,4,750.48,0.57,6.76,14.3,2.72,56.01,63.47,1.37
1770692400,2026-02-10 03:00:00,4,736.01,0.8,6.13,19.56,3.11,55.38,62.79,1.27
1770696000,2026-02-10 04:00:00,3,664.46,0.51,4.87,48.24,3.31,49.77,55.76,0.83
1770699600,2026-02-10 05:00:00,3,607.41,0.34,4.06,59.92,3.08,42.68,48,1.01
1770703200,2026-02-10 06:00:00,3,571.81,0.23,3.54,65.36,2.86,38.52,43.66,1.24
1770706800,2026-02-10 07:00:00,3,516.22,0.16,2.45,72.49,2.06,31.9,36.52,0.99
1770710400,2026-02-10 08:00:00,3,490.91,0.18,2.28,77.86,2.02,32.41,37.27,1.12
1770714000,2026-02-10 09:00:00,3,481.54,0.19,2.48,84.24,2.27,36.28,41.77,1.33
1770717600,2026-02-10 10:00:00,3,491.91,0.14,3.21,83.71,2.6,42.48,48.96,1.67
1770721200,2026-02-10 11:00:00,3,516.67,0.02,4.18,74.73,2.75,49.05,56.64,1.86
1770724800,2026-02-10 12:00:00,4,540.98,0,4.64,67.73,2.71,54.3,62.98,1.62
1770728400,2026-02-10 13:00:00,4,578.61,0,5.39,58.7,2.54,60.75,70.98,1.45
1770732000,2026-02-10 14:00:00,4,633.05,0,6.1,47.04,2.3,67.94,80.12,1.58
1770735600,2026-02-10 15:00:00,4,668.06,0,6.29,36.95,2.14,72.68,86.42,1.81
1770739200,2026-02-10 16:00:00,4,679.7,0,6.21,29.22,1.98,74.28,88.68,2.11
1770742800,2026-02-10 17:00:00,5,681.91,0,6.01,24.69,1.71,75.29,88.26,2.25
1770746400,2026-02-10 18:00:00,5,684.13,0,5.79,22.12,1.58,76.41,88.05,2.59
1770750000,2026-02-10 19:00:00,5,683.81,0.01,5.56,19.64,1.48,76.68,86.99,2.78
1770753600,2026-02-10 20:00:00,5,686.58,0.01,5.41,16.71,1.26,77.01,86.79,2.41
1770757200,2026-02-10 21:00:00,5,694.28,0.01,5.43,14.58,1.12,78.19,87.89,2.08
1770760800,2026-02-10 22:00:00,5,711.28,0.01,5.7,14.24,1.14,80.53,90.37,2.02
1770764400,2026-02-10 23:00:00,5,726.32,0.01,6.03,16,1.31,82.42,92.38,2.1
1770768000,2026-02-11 00:00:00,5,745.6,0.01,6.61,19.86,1.77,84,94.38,2.27
1770771600,2026-02-11 01:00:00,5,729.51,0.03,6.64,29.42,2.35,81.18,92.13,2.29
1770775200,2026-02-11 02:00:00,5,735.13,0.19,6.71,32.92,2.53,76.6,88.5,2.33
1770778800,2026-02-11 03:00:00,4,729.51,0.42,6.45,36.31,2.65,71.09,83.24,2.1
1770782400,2026-02-11 04:00:00,3,470.24,0.23,4.5,73.38,2.92,37.6,45.23,1.28
1770786000,2026-02-11 05:00:00,3,396.92,0.14,4.05,76.79,2.75,29.4,35.61,1.14
1770789600,2026-02-11 06:00:00,3,393.96,0.12,4.32,76.1,2.93,29.11,35.09,1.26
1770793200,2026-02-11 07:00:00,3,395.82,0.08,4.6,75.32,3.11,29.48,35.42,1.42
1770796800,2026-02-11 08:00:00,3,397.63,0.05,5.02,73.12,3.33,29.81,35.94,1.62
1770800400,2026-02-11 09:00:00,3,397.36,0.03,5.48,71.07,3.56,29.95,36.38,1.82
1770804000,2026-02-11 10:00:00,3,400.66,0.01,6.19,67.6,3.84,30.37,37.34,2
1770807600,2026-02-11 11:00:00,3,407.55,0,6.84,62.76,4.02,31.02,38.69,1.97
1770811200,2026-02-11 12:00:00,3,414.47,0,7.12,58.71,4.01,32.08,40.48,1.8
1770814800,2026-02-11 13:00:00,3,425.88,0,7.39,54.28,3.91,33.6,42.95,1.7
1770818400,2026-02-11 14:00:00,3,444.56,0,7.55,50.63,3.69,35.48,45.9,1.74
1770822000,2026-02-11 15:00:00,3,460.14,0,7.39,47.58,3.4,37.53,48.66,1.81
1770825600,2026-02-11 16:00:00,3,461.85,0,6.87,44.49,2.9,37.96,48.68,1.79
1770829200,2026-02-11 17:00:00,3,453.52,0,6.25,41.72,2.3,37.16,47,1.56
1770832800,2026-02-11 18:00:00,3,443.79,0,5.76,39.62,1.92,36.33,45.48,1.44
1770836400,2026-02-11 19:00:00,3,436.75,0,5.3,34.96,1.57,35.59,43.87,1.38
1770840000,2026-02-11 20:00:00,3,433.81,0,4.97,28.95,1.32,35.19,42.88,1.45
1770843600,2026-02-11 21:00:00,3,432.98,0,4.82,25.45,1.24,35.02,42.49,1.59
1770847200,2026-02-11 22:00:00,3,433.68,0,4.84,23.87,1.27,35.19,42.89,1.75
1770850800,2026-02-11 23:00:00,3,433.8,0,4.83,22.86,1.29,35.17,43.26,1.73
1770854400,2026-02-12 00:00:00,3,444.44,0,5.16,22.19,1.5,35.57,44.32,1.76
1770858000,2026-02-12 01:00:00,3,466.57,0.03,5.94,21.69,1.82,36.28,45.96,1.87
1770861600,2026-02-12 02:00:00,3,482.62,0.16,6.25,21.51,2.07,36.55,47.07,1.96
1770865200,2026-02-12 03:00:00,3,476.97,0.32,5.89,24.02,2.23,35.65,46.3,2.05
1770868800,2026-02-12 04:00:00,3,386.52,0.31,4.58,41.68,2.15,27.79,36.27,1.61
1770872400,2026-02-12 05:00:00,2,314.25,0.19,3.58,51.43,1.93,21.35,27.5,1.17
1770876000,2026-02-12 06:00:00,2,274.32,0.11,2.96,56.71,1.77,17.66,22.16,0.93
1770879600,2026-02-12 07:00:00,2,237.81,0.07,2.27,62.26,1.48,13.47,16.88,0.75
1770883200,2026-02-12 08:00:00,2,223.13,0.05,2.15,64.41,1.48,12.07,15.36,0.84
1770886800,2026-02-12 09:00:00,2,218.79,0.04,2.28,65.39,1.61,11.93,15.37,0.98
1770890400,2026-02-12 10:00:00,2,225.59,0.03,2.76,64.5,1.81,12.71,16.39,1.14
1770894000,2026-02-12 11:00:00,2,241.52,0.01,3.45,60.49,1.98,14.01,18.1,1.18
1770897600,2026-02-12 12:00:00,2,255.83,0,3.88,56.53,2.06,14.88,19.55,1.1
1770901200,2026-02-12 13:00:00,2,278.35,0,4.42,51.34,2.1,16.01,21.66,1.19
1770904800,2026-02-12 14:00:00,2,308.05,0,4.91,46.06,2.11,17.24,23.84,1.38
1770908400,2026-02-12 15:00:00,2,328.08,0,5.04,41.35,2.03,17.76,24.73,1.55
1770912000,2026-02-12 16:00:00,2,331.16,0,4.81,36.83,1.76,17,23.78,1.53
1770915600,2026-02-12 17:00:00,2,313.75,0,4.22,33.39,1.34,14.96,20.95,1.22
1770919200,2026-02-12 18:00:00,2,285.51,0,3.49,32.01,1.07,12.55,17.92,0.96
1770922800,2026-02-12 19:00:00,2,257.59,0,2.86,31.68,0.96,10.39,15.45,0.83
1770926400,2026-02-12 20:00:00,1,246.05,0,2.61,30.25,0.89,9.33,14.33,0.84
1770930000,2026-02-12 21:00:00,1,241.83,0,2.53,28.79,0.88,8.79,13.91,0.86
1770933600,2026-02-12 22:00:00,1,243.99,0,2.57,24.68,0.86,8.79,13.93,0.91
1770937200,2026-02-12 23:00:00,1,252.18,0.01,2.7,18.52,0.85,9.24,14.24,0.97
1770940800,2026-02-13 00:00:00,2,272.27,0.03,3.12,13.61,1.04,10.2,15.47,1.11
1770944400,2026-02-13 01:00:00,2,303.38,0.33,3.47,10.77,1.34,11.25,17.2,1.21
1770948000,2026-02-13 02:00:00,2,324.44,0.69,3.49,11.26,1.55,11.73,18.55,1.29
1770951600,2026-02-13 03:00:00,2,322.11,0.5,3.58,15.16,1.66,11.28,18.28,1.38
1770955200,2026-02-13 04:00:00,1,244.54,0.1,2.16,36.84,1.23,7.63,12.98,0.74
1770958800,2026-02-13 05:00:00,1,226.29,0.08,1.79,45.91,1.16,6.64,11.14,0.76
1770962400,2026-02-13 06:00:00,1,223.96,0.09,1.79,53.06,1.25,6.26,10.35,0.89
1770966000,2026-02-13 07:00:00,2,224.81,0.11,1.59,65.11,1.3,5.76,9.66,0.96
1770969600,2026-02-13 08:00:00,2,225.74,0.13,1.42,69.04,1.38,6.13,10.33,0.98
1770973200,2026-02-13 09:00:00,2,227.02,0.13,1.38,71.29,1.46,6.72,11.43,0.99
1770976800,2026-02-13 10:00:00,2,232.25,0.11,1.71,71.79,1.59,7.28,12.59,1.04
1770980400,2026-02-13 11:00:00,2,241.81,0.02,2.38,69.21,1.74,7.79,13.77,1.06
1770984000,2026-02-13 12:00:00,2,251.45,0,2.7,66.76,1.8,8.27,14.85,0.95
1770987600,2026-02-13 13:00:00,2,259.51,0,2.93,64.07,1.83,8.76,15.88,0.87
1770991200,2026-02-13 14:00:00,2,270.47,0,3.07,61.53,1.8,9.43,17.04,0.87
1770994800,2026-02-13 15:00:00,2,277.99,0,3.03,58.82,1.68,10.01,17.82,0.88
1770998400,2026-02-13 16:00:00,2,292.97,0,3.18,45.83,1.35,10.99,18.43,0.96
1771002000,2026-02-13 17:00:00,2,310.86,0,3.44,30.62,1.01,12.08,19.16,1.13
1771005600,2026-02-13 18:00:00,2,320.4,0,3.47,21.27,0.82,12.83,19.85,1.42
1771009200,2026-02-13 19:00:00,2,327.2,0.01,3.49,15.83,0.78,13.42,20.18,1.8
1771012800,2026-02-13 20:00:00,2,333.36,0.02,3.53,13.11,0.76,13.91,20.27,1.94
1771016400,2026-02-13 21:00:00,2,340.22,0.02,3.61,12.22,0.76,14.46,20.17,2.03
1771020000,2026-02-13 22:00:00,2,349.66,0.03,3.72,12.99,0.76,15.16,20.28,1.9
1771023600,2026-02-13 23:00:00,2,361.34,0.06,3.8,13.61,0.74,15.92,20.92,1.51
1771027200,2026-02-14 00:00:00,2,384.27,0.18,4.08,14.31,0.92,17.02,22.4,1.31
1771030800,2026-02-14 01:00:00,2,412.61,0.66,4.24,16.09,1.15,17.79,23.77,1.23
1771034400,2026-02-14 02:00:00,2,432.81,1.24,3.92,16.51,1.32,17.9,25.26,1.32
1771038000,2026-02-14 03:00:00,2,430.96,1.2,3.76,18.75,1.43,17.12,25.35,1.57
1771041600,2026-02-14 04:00:00,2,249.6,0.12,1.62,65.23,1.24,9.55,15.92,0.6
1771045200,2026-02-14 05:00:00,2,228.19,0.08,1.2,70.22,1.07,8.34,13.5,0.7
1771048800,2026-02-14 06:00:00,2,227.46,0.07,1.19,70.7,1.09,8.09,12.66,0.85
1771052400,2026-02-14 07:00:00,2,232.01,0.09,1.15,73.08,1.14,8.23,12.49,0.97
1771056000,2026-02-14 08:00:00,2,235.7,0.11,1.04,75.32,1.18,9.07,13.22,1.04
1771059600,2026-02-14 09:00:00,2,240.06,0.11,1.02,77.35,1.23,10.03,14.24,1.07
1771063200,2026-02-14 10:00:00,2,251.58,0.09,1.38,74.68,1.35,11.11,15.64,1.16
1771066800,2026-02-14 11:00:00,2,268.32,0.02,2.04,68.08,1.47,12.3,17.34,1.2
1771070400,2026-02-14 12:00:00,2,283.49,0,2.39,62.67,1.48,13.27,18.84,1.01
1771074000,2026-02-14 13:00:00,2,293.2,0,2.6,57.71,1.44,13.81,19.83,0.89
1771077600,2026-02-14 14:00:00,2,304.63,0,2.72,53.75,1.39,14.24,20.71,0.88
1771081200,2026-02-14 15:00:00,2,311.6,0,2.67,49.85,1.29,14.53,21.29,0.88
1771084800,2026-02-14 16:00:00,2,313.75,0,2.54,40.74,1.04,14.59,20.95,0.83
1771088400,2026-02-14 17:00:00,2,314.9,0,2.45,30.6,0.79,14.54,20.19,0.81
1771092000,2026-02-14 18:00:00,2,314.66,0.01,2.37,24.01,0.66,14.29,19.57,0.83
1771095600,2026-02-14 19:00:00,2,313.07,0.01,2.31,19.48,0.6,14.21,19.32,0.85
1771099200,2026-02-14 20:00:00,2,312.22,0.02,2.28,16.16,0.56,14.49,19.41,0.85
1771102800,2026-02-14 21:00:00,2,312.77,0.03,2.29,13.87,0.54,14.83,19.36,0.84
1771106400,2026-02-14 22:00:00,2,314.11,0.04,2.35,12.18,0.54,15.2,19.2,0.84
1771110000,2026-02-14 23:00:00,2,319.03,0.04,2.49,10.59,0.57,15.68,19.14,0.87
1771113600,2026-02-15 00:00:00,2,333.77,0.05,2.89,9.04,0.75,16.61,19.87,0.99
1771203600,2026-02-16 01:00:00,2,378.73,0.43,4.37,9.21,1.36,17.73,23.21,1.41
1771207200,2026-02-16 02:00:00,2,395.15,1.19,3.81,11.13,1.56,17,23.7,1.41
1771210800,2026-02-16 03:00:00,2,396.18,1.31,3.54,17.29,1.66,16.15,23.37,1.58
1771214400,2026-02-16 04:00:00,2,272.42,0.32,1.91,54.98,1.58,11.14,17.47,0.99
1771218000,2026-02-16 05:00:00,2,257.03,0.23,1.52,62.64,1.71,11.48,17.94,1.28
1771221600,2026-02-16 06:00:00,2,261.55,0.22,1.52,67.15,2.02,13.35,20.3,1.64
1771225200,2026-02-16 07:00:00,2,264.93,0.21,1.57,73.53,2.23,15.11,22.26,1.85
1771228800,2026-02-16 08:00:00,2,257.69,0.2,1.52,77,2.29,15.62,22.54,1.79
1771232400,2026-02-16 09:00:00,2,247.06,0.19,1.54,78.07,2.32,14.96,21.62,1.65
1771236000,2026-02-16 10:00:00,2,244.24,0.15,2,74.6,2.43,14.06,20.72,1.64
1771239600,2026-02-16 11:00:00,2,256.43,0.03,2.96,66.83,2.57,13.73,20.87,1.69
1771243200,2026-02-16 12:00:00,2,269.75,0,3.5,59.8,2.57,13.4,21.06,1.43
1771246800,2026-02-16 13:00:00,2,298.07,0,4.26,48.92,2.36,14,22.51,1.23
1771250400,2026-02-16 14:00:00,2,343.18,0,5.1,37.4,2.15,15.97,25.88,1.44
1771254000,2026-02-16 15:00:00,2,379.84,0,5.53,29.09,2.11,18.1,28.98,1.95
1771257600,2026-02-16 16:00:00,2,396.34,0,5.6,23.62,2.05,18.95,29.72,2.42
1771261200,2026-02-16 17:00:00,2,388.03,0,5.23,20.9,1.63,18.35,28.26,2.05
1771264800,2026-02-16 18:00:00,2,374.84,0,4.79,19.26,1.34,17.77,27,1.7
1771268400,2026-02-16 19:00:00,2,367.25,0.01,4.42,17.1,1.17,17.43,25.56,1.41
1771272000,2026-02-16 20:00:00,2,364.57,0.02,4.17,14.51,1.06,17.33,24.3,1.26
1771275600,2026-02-16 21:00:00,2,364.67,0.03,4.02,13.15,1.05,17.3,23.59,1.2
1771279200,2026-02-16 22:00:00,2,358.91,0.04,3.98,14.07,1.23,17.2,22.94,1.13
1771282800,2026-02-16 23:00:00,2,358.06,0.06,4.09,14.81,1.41,17.28,22.67,1.11
1771286400,2026-02-17 00:00:00,2,361.75,0.07,4.41,15.03,1.69,17.36,22.67,1.16
1771290000,2026-02-17 01:00:00,2,362.12,0.11,4.83,16.68,2.02,17.15,22.46,1.09
1771293600,2026-02-17 02:00:00,2,366.46,0.22,5.07,19.03,2.31,17.7,23.39,0.98
1771297200,2026-02-17 03:00:00,2,372.51,0.3,5.07,23.31,2.68,19.2,25.26,0.95
1771300800,2026-02-17 04:00:00,2,374.52,0.36,6.37,48.61,3.66,21.87,27.22,0.9
1771304400,2026-02-17 05:00:00,3,382.17,0.49,5.83,54.82,3.98,25.91,31.51,0.88
1771308000,2026-02-17 06:00:00,3,398.41,0.48,5.16,62.11,4.37,32.89,39.07,0.92
1771311600,2026-02-17 07:00:00,3,415.61,0.4,4.34,71.42,4.69,42.52,49.73,1.01
1771315200,2026-02-17 08:00:00,4,431.72,0.32,3.79,79.23,5.04,52.86,61.42,1.12
1771318800,2026-02-17 09:00:00,4,445.77,0.26,3.72,84.31,5.29,60.9,70.52,1.21
1771322400,2026-02-17 10:00:00,4,458.14,0.14,4.31,84.8,5.39,64.83,74.9,1.3
1771326000,2026-02-17 11:00:00,4,469.24,0.02,5.17,80.77,5.32,64.93,74.81,1.36
1771329600,2026-02-17 12:00:00,4,479.01,0,5.63,76.93,5.23,63.66,73.1,1.41
1771333200,2026-02-17 13:00:00,4,487.11,0,6.08,72.79,5.23,61.83,70.8,1.47
1771336800,2026-02-17 14:00:00,4,500.48,0,6.52,69.33,5.34,60.64,69.55,1.57
1771340400,2026-02-17 15:00:00,4,512.85,0,6.74,66.46,5.38,59.72,68.53,1.66
1771344000,2026-02-17 16:00:00,4,515.52,0,6.63,63.92,5.25,58.89,67.54,1.65
1771347600,2026-02-17 17:00:00,4,512.98,0,6.29,62.97,5.17,58.72,67.1,1.48
1771351200,2026-02-17 18:00:00,4,512.55,0,5.93,62.48,5.25,59.8,67.99,1.28
1771354800,2026-02-17 19:00:00,4,512.1,0,5.45,62.44,5.4,60.9,68.22,1.05
1771358400,2026-02-17 20:00:00,4,520.05,0,5.21,62.39,5.29,62.02,68.12,0.96
1771362000,2026-02-17 21:00:00,4,539.21,0,5.41,61.45,5.25,63.82,68.94,0.93
1771365600,2026-02-17 22:00:00,4,561.33,0,5.89,58.57,5.09,66.19,70.7,0.9
1771369200,2026-02-17 23:00:00,4,580.14,0,6.39,53.74,4.94,68.88,73.15,0.79
1771372800,2026-02-18 00:00:00,4,596.17,0,6.94,49.24,4.8,70.79,74.96,0.76
1771376400,2026-02-18 01:00:00,4,613.3,0,7.76,45.24,4.9,70.69,74.65,0.82
1771380000,2026-02-18 02:00:00,4,637.13,0.02,8.93,42.52,5.03,69.83,73.57,0.93
1771383600,2026-02-18 03:00:00,4,659.56,0.06,10.15,42.14,5.21,68.62,72.21,0.82
1771387200,2026-02-18 04:00:00,4,670.6,0.09,11.02,45.36,5.29,63.1,66.57,0.7
1771390800,2026-02-18 05:00:00,4,679.35,0.11,11.89,44.23,5.45,60.02,63.74,0.73
1771394400,2026-02-18 06:00:00,4,692.24,0.12,12.91,42.51,5.84,59.65,64.04,0.78
1771398000,2026-02-18 07:00:00,4,708.87,0.09,13.6,42.68,6.36,61.66,67.02,0.76
1771401600,2026-02-18 08:00:00,4,723.73,0.06,14.01,43.22,6.77,65.74,72.04,0.67
1771405200,2026-02-18 09:00:00,4,739.99,0.04,14.37,44.91,7.14,71.65,78.78,0.58
1771408800,2026-02-18 10:00:00,5,756.04,0.01,14.2,49.14,7.14,79.69,87.85,0.52
1771412400,2026-02-18 11:00:00,5,766.3,0,13.18,55.51,7.2,87.9,97.03,0.48
1771416000,2026-02-18 12:00:00,5,770.98,0,11.6,62.5,7.23,95.27,105.01,0.48
1771419600,2026-02-18 13:00:00,5,768.33,0,9.93,69.02,7.31,102.45,113.23,0.55
1771423200,2026-02-18 14:00:00,5,770.96,0,8.6,73.21,7.44,109.4,121.34,0.64
1771426800,2026-02-18 15:00:00,5,772.18,0,7.54,75.14,7.43,114.95,127.48,0.64
1771430400,2026-02-18 16:00:00,5,769.75,0,6.75,72.69,6.98,118.47,131.27,0.66
1771434000,2026-02-18 17:00:00,5,769.28,0,6.25,67.37,6.32,121.54,134.41,0.73
1771437600,2026-02-18 18:00:00,5,768.12,0,5.87,63.4,5.87,123.8,136.57,0.78
1771441200,2026-02-18 19:00:00,5,761.23,0,5.48,60.32,5.46,124.39,136.76,0.78
1771444800,2026-02-18 20:00:00,5,753.54,0,5.05,58.52,5.16,124.54,136.55,0.73
1771448400,2026-02-18 21:00:00,5,742.33,0,4.66,57.84,5.14,124.16,135.96,0.67
1771452000,2026-02-18 22:00:00,5,723.73,0,4.31,61.87,5.82,122,132.39,0.49
1771455600,2026-02-18 23:00:00,5,707.55,0,4.12,64.87,5.71,118.92,127.35,0.44
1771459200,2026-02-19 00:00:00,5,696.98,0,4.17,65.39,5.4,116.18,123.48,0.39
1771462800,2026-02-19 01:00:00,5,688,0,4.42,66.01,5.06,112.85,119.8,0.44
1771466400,2026-02-19 02:00:00,5,680.63,0,4.75,66.89,5.01,109.33,116.27,0.51
1771470000,2026-02-19 03:00:00,5,676.1,0,5.03,67.31,5.07,105.75,112.64,0.55
1771473600,2026-02-19 04:00:00,5,667.39,0.02,5.35,67.06,5.09,100.78,107.62,0.63
1771477200,2026-02-19 05:00:00,5,661.56,0.03,5.91,65.02,5.12,96.15,102.96,0.67
1771480800,2026-02-19 06:00:00,5,660.66,0.03,6.76,62.99,5.35,91.8,98.73,0.68
1771484400,2026-02-19 07:00:00,5,666.59,0.04,7.58,61.91,5.5,88.84,96.03,0.72
1771488000,2026-02-19 08:00:00,5,671.67,0.03,8.2,60,5.55,87.34,94.96,0.76
1771491600,2026-02-19 09:00:00,5,678.82,0.02,8.89,58.68,5.68,86.55,94.76,0.81
1771495200,2026-02-19 10:00:00,5,693.09,0.01,9.67,57.73,5.96,88.08,97.18,0.86
1771498800,2026-02-19 11:00:00,5,707.53,0,10.05,56.55,6.14,91.81,101.78,0.88
1771502400,2026-02-19 12:00:00,5,717.81,0,9.85,56.42,6.12,95.57,106.31,0.85
1771506000,2026-02-19 13:00:00,5,725.1,0,9.34,54.55,5.72,99.32,110.6,0.85
1771509600,2026-02-19 14:00:00,5,742,0,8.96,50.32,5.16,104,115.68,0.93
1771513200,2026-02-19 15:00:00,5,761.76,0,8.71,46.08,4.79,108.44,119.99,1
1771516800,2026-02-19 16:00:00,5,777.76,0,8.53,41.55,4.48,111.78,122.89,1.05
1771520400,2026-02-19 17:00:00,5,792.11,0,8.34,37.23,4.01,115.06,125.51,1.05
1771524000,2026-02-19 18:00:00,5,804.35,0,8.05,33.93,3.58,118.36,128.2,1.02
1771527600,2026-02-19 19:00:00,5,808.08,0,7.53,31.45,3.13,121.8,131.6,0.96
1771531200,2026-02-19 20:00:00,5,808.92,0,6.94,32.09,2.98,126.59,136.8,0.77
1771534800,2026-02-19 21:00:00,5,813.28,0,6.56,35.27,3.23,132.29,143.11,0.66
1771538400,2026-02-19 22:00:00,5,820.63,0,6.45,38.68,3.7,138.66,150.06,0.59
1771542000,2026-02-19 23:00:00,5,827.46,0,6.4,41.01,4.09,143.79,155.48,0.57
1771545600,2026-02-20 00:00:00,5,832.19,0,6.53,45.15,4.65,147.57,159.68,0.6
1771549200,2026-02-20 01:00:00,5,807.72,0.05,6.65,64.27,6.16,152.53,166.05,0.7
1771552800,2026-02-20 02:00:00,5,793.6,0.19,6.83,75.04,7.46,154.4,168.98,0.81
1771556400,2026-02-20 03:00:00,5,767.59,0.2,6.56,81.94,8.39,149.74,164.04,0.76
1771560000,2026-02-20 04:00:00,5,752.68,0.17,6.47,84.7,8.24,141.49,155.37,1.17
1771563600,2026-02-20 05:00:00,5,769.72,0.23,7.2,84.42,8.24,136.67,151.03,2.33
1771567200,2026-02-20 06:00:00,5,791.45,0.24,8.1,88.6,9.06,134.82,149.82,3.64
1771570800,2026-02-20 07:00:00,5,813.98,0.23,8.63,95.67,9.67,134.65,150.12,4.81
1771574400,2026-02-20 08:00:00,5,802.84,0.2,8.08,98.31,9.15,134.14,149.48,4.61
1771578000,2026-02-20 09:00:00,5,768.3,0.15,6.96,100.35,8.19,130.55,145.1,3.39
1771581600,2026-02-20 10:00:00,5,726.87,0.11,6.07,97.33,7.14,126.36,139.64,1.94
1771585200,2026-02-20 11:00:00,5,721.84,0.02,6.07,85.8,5.79,126.13,139.22,1.67
1771588800,2026-02-20 12:00:00,5,716.76,0,5.71,76.94,4.62,125.7,138.8,1.32
1771592400,2026-02-20 13:00:00,5,705.42,0,5.31,67.89,3.6,123.91,137.09,1.04
1771596000,2026-02-20 14:00:00,5,696.89,0,4.81,57.9,2.8,123,136.44,0.94
1771599600,2026-02-20 15:00:00,5,682.02,0,4.27,49.2,2.31,121.45,134.71,0.92
1771603200,2026-02-20 16:00:00,5,661.05,0,3.83,42.35,1.99,118.02,130.05,0.92
1771606800,2026-02-20 17:00:00,5,641,0,3.48,37.49,1.7,114.8,125.28,0.87
1771610400,2026-02-20 18:00:00,5,625.15,0.01,3.16,33.75,1.47,112.15,121.18,0.85
1771614000,2026-02-20 19:00:00,5,607.72,0.01,2.89,30.15,1.24,109.1,116.82,0.85
1771617600,2026-02-20 20:00:00,5,592.25,0.01,2.7,26.66,1.03,105.87,112.77,0.84
1771621200,2026-02-20 21:00:00,5,580.28,0.01,2.57,24.33,0.91,102.85,109.14,0.87
1771624800,2026-02-20 22:00:00,5,569.09,0.01,2.48,22.54,0.84,100.09,105.75,0.87
1771628400,2026-02-20 23:00:00,5,556.57,0.02,2.35,20.59,0.78,96.73,101.79,0.79
1771632000,2026-02-21 00:00:00,5,550.36,0.02,2.38,18.52,0.85,93.44,98.17,0.75
1771635600,2026-02-21 01:00:00,5,551.37,0.17,2.48,17.46,1,89.22,94.21,0.84
1771639200,2026-02-21 02:00:00,5,543.53,0.39,2.3,21.12,1.15,83.61,89.22,0.92
1771642800,2026-02-21 03:00:00,5,515.74,0.32,1.98,31.51,1.27,76.62,82.36,0.97
1771646400,2026-02-21 04:00:00,4,457.44,0.11,1.08,76.45,1.09,50.5,54.65,0.27
1771650000,2026-02-21 05:00:00,3,432.83,0.09,0.87,79.85,0.99,42.65,46.3,0.35
1771653600,2026-02-21 06:00:00,3,419.99,0.09,0.84,80.95,1.04,39.84,43.48,0.46
1771657200,2026-02-21 07:00:00,3,420.66,0.09,0.9,85.02,1.13,38.72,42.54,0.6
1771660800,2026-02-21 08:00:00,3,415.87,0.1,1.01,84.13,1.25,38.21,42.46,0.76
1771664400,2026-02-21 09:00:00,3,407.7,0.1,1.16,82.17,1.33,37.43,42.34,0.89
1771668000,2026-02-21 10:00:00,3,401.51,0.08,1.52,75.9,1.38,36.78,42.5,1
1771671600,2026-02-21 11:00:00,3,401.67,0.02,2.03,66.56,1.38,36.86,43.4,1.04
1771675200,2026-02-21 12:00:00,3,404.88,0,2.25,59.01,1.32,37.3,44.5,0.9
1771678800,2026-02-21 13:00:00,3,401.35,0,2.36,49.32,1.2,37.45,45.25,0.76
1771682400,2026-02-21 14:00:00,3,403.78,0,2.4,39.83,1.09,38.12,46.37,0.8
1771686000,2026-02-21 15:00:00,3,404.48,0,2.38,32.84,1.05,38.46,46.6,0.98
1771689600,2026-02-21 16:00:00,3,400.89,0,2.49,29.74,1.08,37.83,45.41,1.4
1771693200,2026-02-21 17:00:00,3,401.96,0,2.67,29.52,1.06,37.07,44.01,1.82
1771696800,2026-02-21 18:00:00,3,403.38,0,2.79,30.08,1.02,36.24,42.73,2.17
1771700400,2026-02-21 19:00:00,3,407.34,0,2.95,30.09,0.98,35.2,41.12,2.54
1771704000,2026-02-21 20:00:00,3,410.03,0,3.2,28.63,0.97,34.26,39.83,2.96
1771707600,2026-02-21 21:00:00,3,409.96,0,3.39,26.21,1,33.56,39.26,3.32
1771711200,2026-02-21 22:00:00,3,405.7,0,3.34,19.9,0.86,32.81,38.9,2.54
1771714800,2026-02-21 23:00:00,3,402.78,0.01,3.3,15.75,0.78,31.9,38.23,1.8
1771718400,2026-02-22 00:00:00,3,404.02,0.02,3.48,14.01,0.92,31.07,37.82,1.45
1771894800,2026-02-24 01:00:00,2,346.35,0.51,3.54,7.47,1.48,15.62,22.52,1.6
1771898400,2026-02-24 02:00:00,2,372.11,0.95,3.61,8.38,1.67,16.99,24.91,1.51
1771902000,2026-02-24 03:00:00,2,374.78,0.78,3.83,11.4,1.73,17.62,25.91,1.41
1771905600,2026-02-24 04:00:00,2,301.65,0.17,3.3,37.13,1.84,14.44,21.96,1.08
1771909200,2026-02-24 05:00:00,2,274.56,0.13,2.82,43.54,1.81,13.45,20.63,1.05
1771912800,2026-02-24 06:00:00,2,269.39,0.11,2.78,45.21,1.89,13.44,20.61,1.13
1771916400,2026-02-24 07:00:00,2,265.26,0.06,2.77,47.37,1.88,13.08,19.87,1.16
1771920000,2026-02-24 08:00:00,2,260.44,0.04,2.8,48.41,1.89,12.86,19.27,1.16
1771923600,2026-02-24 09:00:00,2,257.66,0.03,2.96,48.69,1.95,13.1,19.4,1.17
1771927200,2026-02-24 10:00:00,2,259.09,0.02,3.31,47.09,2.04,13.9,20.35,1.19
1771930800,2026-02-24 11:00:00,2,264.07,0.01,3.67,43.7,2.03,14.89,21.54,1.08
1771934400,2026-02-24 12:00:00,2,268.04,0,3.73,40.62,1.96,15.71,22.43,0.95
1771938000,2026-02-24 13:00:00,2,280.04,0,3.97,36.85,1.92,16.73,23.71,1.02
1771941600,2026-02-24 14:00:00,2,304.23,0,4.36,32.89,1.92,18.15,25.74,1.22
1771945200,2026-02-24 15:00:00,2,325.4,0,4.55,29.07,1.89,19.29,27.35,1.44
1771948800,2026-02-24 16:00:00,2,336.73,0,4.45,24.25,1.68,19.81,27.57,1.55
1771952400,2026-02-24 17:00:00,2,337.51,0,4.23,19.8,1.33,19.94,27.02,1.48
1771956000,2026-02-24 18:00:00,2,336.56,0.01,4.06,17.31,1.14,20.02,26.73,1.49
1771959600,2026-02-24 19:00:00,2,336.96,0.01,3.93,15.39,1.01,19.97,26.12,1.51
1771963200,2026-02-24 20:00:00,2,340.1,0.01,3.86,14,0.94,20.01,25.73,1.54
1771966800,2026-02-24 21:00:00,2,344.27,0.01,3.86,13.49,0.93,20.27,25.86,1.61
1771970400,2026-02-24 22:00:00,2,350.21,0.01,3.93,12.86,0.96,20.65,26.34,1.72
1771974000,2026-02-24 23:00:00,2,354.12,0.02,3.98,11.6,1.04,21,27.05,1.81
1771977600,2026-02-25 00:00:00,2,370.13,0.04,4.46,10.5,1.42,21.81,28.84,2.12
1771981200,2026-02-25 01:00:00,2,396.38,0.07,5.35,10.12,1.86,22.78,30.75,2.24
1771984800,2026-02-25 02:00:00,2,408.63,0.11,5.55,11.02,1.95,22.71,31.12,1.81
1771988400,2026-02-25 03:00:00,2,387.82,0.16,4.96,15.21,1.89,20.86,28.55,1.41
1771992000,2026-02-25 04:00:00,2,296.91,0.08,3.56,34.02,1.75,15.81,21.2,0.99
1771995600,2026-02-25 05:00:00,2,266.17,0.05,3.03,40.31,1.61,14.71,19.11,0.97
1771999200,2026-02-25 06:00:00,2,256.4,0.05,2.91,42.03,1.61,14.94,18.82,1.04
1772002800,2026-02-25 07:00:00,2,247.65,0.07,2.52,47.2,1.53,14.04,17.51,1.09
1772006400,2026-02-25 08:00:00,2,240.73,0.11,2.16,51.8,1.51,13.27,16.74,1.1
1772010000,2026-02-25 09:00:00,2,234.31,0.12,2.05,54.29,1.57,13.26,17.12,1.09
1772013600,2026-02-25 10:00:00,2,232.08,0.09,2.35,53.6,1.74,13.85,18.42,1.06
1772017200,2026-02-25 11:00:00,2,237.46,0.02,2.93,50.22,1.9,14.8,20.15,1
1772020800,2026-02-25 12:00:00,2,245.63,0,3.21,46.93,1.96,15.69,21.72,0.95
1772024400,2026-02-25 13:00:00,2,269.7,0,3.87,41.92,2.05,17.33,24.42,1.18
1772028000,2026-02-25 14:00:00,2,309,0,4.69,36.43,2.15,19.85,28.38,1.54
1772031600,2026-02-25 15:00:00,2,344.27,0,5.16,31.73,2.19,21.97,31.58,1.94
1772035200,2026-02-25 16:00:00,2,367.03,0,5.3,26.48,2.04,23.26,33.27,2.22
1772038800,2026-02-25 17:00:00,2,372.04,0.01,5.05,21.47,1.6,23.66,32.76,1.98
1772042400,2026-02-25 18:00:00,2,372.56,0.01,4.73,17.98,1.29,24.02,32.13,1.79
1772046000,2026-02-25 19:00:00,2,371.99,0.02,4.4,14.76,1.09,24.1,31.3,1.71
1772049600,2026-02-25 20:00:00,2,370.66,0.03,4.16,11.78,0.98,23.92,30.31,1.85
1772053200,2026-02-25 21:00:00,2,370.03,0.03,4.07,10.13,0.98,23.77,29.69,2.14
1772056800,2026-02-25 22:00:00,2,370.77,0.04,4.11,9.12,1.03,23.78,29.62,2.47
1772060400,2026-02-25 23:00:00,2,373.57,0.06,4.12,7.49,1.1,23.9,29.83,2.44
1772064000,2026-02-26 00:00:00,2,389.87,0.13,4.49,5.73,1.46,24.58,31.09,2.5
1772067600,2026-02-26 01:00:00,2,407.53,0.25,5.09,5.68,1.84,24.84,31.91,2.27
1772071200,2026-02-26 02:00:00,2,404.03,0.44,4.96,7.16,1.95,24.04,31.46,1.94
1772074800,2026-02-26 03:00:00,2,377.11,0.49,4.31,10.04,1.91,22.25,29.23,1.66
1772078400,2026-02-26 04:00:00,2,322.26,0.25,3.73,25.07,1.88,18.21,23.84,1.31
1772082000,2026-02-26 05:00:00,2,296.77,0.24,3.32,32.97,1.85,15.61,20.43,1.32
1772085600,2026-02-26 06:00:00,2,288.87,0.25,3.29,38.5,1.96,14.71,19.28,1.49
1772089200,2026-02-26 07:00:00,2,285.39,0.23,3.09,45.56,1.97,13.7,18.01,1.56
1772092800,2026-02-26 08:00:00,2,276.12,0.21,2.73,49.97,1.88,12.85,16.83,1.43
1772096400,2026-02-26 09:00:00,2,263.81,0.18,2.44,53.19,1.81,12.25,16.03,1.27
1772100000,2026-02-26 10:00:00,2,258.58,0.13,2.6,47.22,1.8,12.39,16.58,1.22
1772103600,2026-02-26 11:00:00,2,264.88,0.03,3.13,36.87,1.8,13.13,18.16,1.16
1772107200,2026-02-26 12:00:00,2,271.73,0,3.25,30.03,1.75,13.72,19.39,1.08
1772110800,2026-02-26 13:00:00,2,277.19,0,3.28,25.55,1.67,14.28,20.2,1.08
1772114400,2026-02-26 14:00:00,2,284.16,0.01,3.28,22.06,1.58,14.98,21.09,1.1
1772118000,2026-02-26 15:00:00,2,291.5,0.01,3.24,18.82,1.5,15.54,21.76,1.14
1772121600,2026-02-26 16:00:00,2,293.53,0.02,3.19,15.95,1.38,15.77,21.93,1.12
1772125200,2026-02-26 17:00:00,2,290.93,0.02,3.08,13.73,1.17,15.74,21.57,1.03
1772128800,2026-02-26 18:00:00,2,288.32,0.03,2.96,12.1,1.02,15.68,21.19,1.01
1772132400,2026-02-26 19:00:00,2,291.89,0.04,2.96,9.75,0.85,15.73,20.92,1.04
1772136000,2026-02-26 20:00:00,2,303.71,0.05,3.07,7.14,0.74,16.04,21.15,1.14
1772139600,2026-02-26 21:00:00,2,315.54,0.08,3.16,5.39,0.71,16.52,21.72,1.28
1772143200,2026-02-26 22:00:00,2,327.45,0.12,3.27,4.17,0.75,17.09,22.11,1.41
1772146800,2026-02-26 23:00:00,2,337.74,0.18,3.34,3.36,0.82,17.49,22.16,1.35
1772150400,2026-02-27 00:00:00,2,358.42,0.37,3.56,2.66,1.1,18.22,22.9,1.39
1772154000,2026-02-27 01:00:00,2,394.4,1.49,3.08,3.13,1.5,19.41,24.83,1.56
1772157600,2026-02-27 02:00:00,2,440.04,2.89,2.67,5.56,1.95,21.48,28.77,2.07
1772161200,2026-02-27 03:00:00,2,478.3,2.88,3.56,12.92,2.45,24.71,33.72,3
1772164800,2026-02-27 04:00:00,3,487.78,1.44,4.4,47.54,2.63,27.4,36.34,3.36
1772168400,2026-02-27 05:00:00,3,457.41,0.56,3.54,57.49,2.26,30.64,38.62,2.68
1772172000,2026-02-27 06:00:00,3,399.53,0.26,2.58,61.1,2.01,27.53,33.79,1.96
1772175600,2026-02-27 07:00:00,2,320.35,0.13,1.61,61.57,1.77,17.94,21.67,1.08
1772179200,2026-02-27 08:00:00,2,318.39,0.15,1.6,58.31,1.63,16.94,20.17,1.11
1772182800,2026-02-27 09:00:00,2,322.5,0.17,1.7,55.2,1.56,16.97,20.08,1.11
1772186400,2026-02-27 10:00:00,2,325.87,0.17,2.04,44.06,1.49,17.21,20.58,1.02
1772190000,2026-02-27 11:00:00,2,330.87,0.06,2.59,32.54,1.43,17.36,21.25,0.93
1772193600,2026-02-27 12:00:00,2,335.9,0,2.8,25.8,1.39,17.39,21.9,0.91
1772197200,2026-02-27 13:00:00,2,340.25,0.01,2.92,22.47,1.39,17.84,22.88,0.97
1772200800,2026-02-27 14:00:00,2,347.65,0.01,2.98,20.64,1.37,18.66,24.3,1.01
1772204400,2026-02-27 15:00:00,2,353.35,0.01,2.98,19.09,1.35,19.35,25.34,1.04
1772208000,2026-02-27 16:00:00,2,357.65,0.01,2.98,17.66,1.3,19.83,25.86,1.08
1772211600,2026-02-27 17:00:00,2,358.82,0.01,2.95,16.29,1.18,20.14,25.9,1.14
1772215200,2026-02-27 18:00:00,2,358.63,0.02,2.9,15.19,1.08,20.28,25.71,1.29
1772218800,2026-02-27 19:00:00,2,359.14,0.02,2.98,14.35,1.02,20.15,25.2,1.61
1772222400,2026-02-27 20:00:00,2,364.8,0.01,3.19,13.84,1.01,20.01,24.8,2.05
1772226000,2026-02-27 21:00:00,2,373.9,0.01,3.43,13.73,1.06,19.96,24.6,2.56
1772229600,2026-02-27 22:00:00,2,384.43,0.01,3.71,13.69,1.15,20.03,24.63,3.16
1772233200,2026-02-27 23:00:00,2,393.32,0.02,3.99,12.8,1.25,20.12,24.72,3.68
1772236800,2026-02-28 00:00:00,2,411.5,0.07,4.39,10.58,1.58,20.7,25.67,4.09
1772240400,2026-02-28 01:00:00,2,439.29,0.7,4.1,8.38,1.81,20.95,26.53,3.55
1772244000,2026-02-28 02:00:00,2,450.44,1.49,3.07,11.68,1.65,20.7,26.54,2.45
1772247600,2026-02-28 03:00:00,2,433.65,1.05,2.54,23.12,1.48,21.06,26.29,1.84
1772251200,2026-02-28 04:00:00,2,382.86,0.24,1.19,54.31,1.25,17.88,20.49,1.1
1772254800,2026-02-28 05:00:00,2,364.92,0.12,0.74,63.97,1.03,15.86,17.57,0.94
1772258400,2026-02-28 06:00:00,2,354.49,0.1,0.64,68.02,0.93,15.21,16.6,0.9
1772262000,2026-02-28 07:00:00,2,344.2,0.1,0.67,70.12,0.89,14.54,15.75,0.92
1772265600,2026-02-28 08:00:00,2,336.67,0.11,0.81,68.22,0.97,15.07,16.39,1.06
1772269200,2026-02-28 09:00:00,2,334.14,0.13,1.03,66.19,1.07,15.9,17.45,1.16
1772272800,2026-02-28 10:00:00,2,336.89,0.13,1.47,60.41,1.16,16.81,18.79,1.25
1772276400,2026-02-28 11:00:00,2,341.61,0.04,2.13,51.1,1.2,17.47,20.07,1.31
1772280000,2026-02-28 12:00:00,2,344.35,0,2.51,43.71,1.19,17.73,21,1.26
1772283600,2026-02-28 13:00:00,2,346.64,0,2.82,37.39,1.15,18.1,22.2,1.1
1772287200,2026-02-28 14:00:00,2,355.94,0,3.07,31.06,1.12,18.86,23.88,1.09
1772290800,2026-02-28 15:00:00,2,362.9,0,3.21,25.79,1.12,19.31,24.99,1.24
1772294400,2026-02-28 16:00:00,2,373.76,0,3.53,20.39,1.11,19.66,25.84,1.57
1772298000,2026-02-28 17:00:00,2,384.43,0.01,3.8,15.29,0.97,20.05,26.4,1.79
1772301600,2026-02-28 18:00:00,2,390.02,0.02,3.89,11.74,0.91,20.34,26.74,2.26
1772305200,2026-02-28 19:00:00,2,391.93,0.03,3.95,9.14,0.95,20.39,26.47,2.91
1772308800,2026-02-28 20:00:00,2,393.22,0.06,3.88,7.14,0.88,20.34,25.96,2.85
1772312400,2026-02-28 21:00:00,2,393.83,0.1,3.79,5.81,0.8,20.39,25.52,2.53
1772316000,2026-02-28 22:00:00,2,397.03,0.16,3.73,4.96,0.75,20.45,25.01,2.25
1772319600,2026-02-28 23:00:00,2,398.04,0.22,3.64,4.35,0.77,20.31,24.37,2.13
1772323200,2026-03-01 00:00:00,2,401.79,0.34,3.66,4.05,0.99,20.08,24.08,2.17
1772326800,2026-03-01 01:00:00,2,395.74,0.81,3.18,5.78,1.16,18.72,22.68,2.29
1772330400,2026-03-01 02:00:00,2,395.66,1.4,2.56,9.84,1.27,17.98,22.31,2.31
1772334000,2026-03-01 03:00:00,2,390.82,1.07,2.54,20.79,1.36,18.49,22.91,2.44
1772337600,2026-03-01 04:00:00,2,325.8,0.2,1.15,60.97,1.29,14.36,16.15,1.57
1772341200,2026-03-01 05:00:00,2,296.28,0.11,0.73,65.92,1.13,13.22,14.55,1.55
1772344800,2026-03-01 06:00:00,2,282.98,0.09,0.66,65.7,1.06,13.09,14.33,1.56
1772348400,2026-03-01 07:00:00,2,279.28,0.1,0.72,66.31,1.08,13.44,14.71,1.64
1772352000,2026-03-01 08:00:00,2,275.82,0.11,0.85,66.49,1.14,13.84,15.21,1.76
1772355600,2026-03-01 09:00:00,2,274.35,0.12,1.05,66.46,1.16,14.14,15.65,1.83
1772359200,2026-03-01 10:00:00,2,279.66,0.13,1.52,60.43,1.22,14.84,16.73,1.95
1772362800,2026-03-01 11:00:00,2,288.5,0.04,2.2,49.87,1.24,15.61,18.08,2.06
1772366400,2026-03-01 12:00:00,2,294.39,0,2.53,41.86,1.19,16.09,19.14,2.02
1772370000,2026-03-01 13:00:00,2,299,0,2.79,36.15,1.14,16.48,20.24,1.89
1772373600,2026-03-01 14:00:00,2,309.74,0,3.12,31.99,1.16,17.27,21.86,2.1
1772377200,2026-03-01 15:00:00,2,320.88,0,3.43,29.4,1.24,18,23.2,2.66
1772380800,2026-03-01 16:00:00,2,335.34,0,3.95,26.49,1.28,18.76,24.35,3.43
1772384400,2026-03-01 17:00:00,2,349.71,0,4.28,21.36,1.12,19.7,25.41,3.62
1772388000,2026-03-01 18:00:00,2,362.09,0.01,4.4,15.9,0.98,20.61,26.39,3.28
1772391600,2026-03-01 19:00:00,2,366.12,0.03,4.37,11.74,0.9,21.15,26.73,3.05
1772395200,2026-03-01 20:00:00,2,370.68,0.06,4.4,10.08,0.89,21.61,26.63,3.34
1772398800,2026-03-01 21:00:00,2,377.98,0.12,4.51,9.86,0.92,22.1,26.41,3.68
1772402400,2026-03-01 22:00:00,2,387.32,0.22,4.61,10.5,0.97,22.59,26.12,3.98
1772406000,2026-03-01 23:00:00,2,394.57,0.34,4.62,10.98,1.05,23.02,26.4,4.15
1772409600,2026-03-02 00:00:00,2,403.89,0.53,4.65,10.54,1.29,23.71,27.8,4.11
1772413200,2026-03-02 01:00:00,2,412.69,0.93,4.62,9.31,1.64,23.01,27.09,3.83
1772416800,2026-03-02 02:00:00,2,450.73,1.97,4.8,9.74,2.48,23.06,28.37,5.36
1772420400,2026-03-02 03:00:00,2,494.81,2.6,5.57,14.79,3.4,23.65,30.14,7.36
1772424000,2026-03-02 04:00:00,2,502.38,2.59,6.3,47.82,4.36,24.55,30.74,8.82
1772427600,2026-03-02 05:00:00,3,513.26,2,7.21,55.96,4.94,27.97,34.74,10.11
1772431200,2026-03-02 06:00:00,3,513.39,0.97,6.67,75.93,5.13,36.96,43.97,10.49
1772434800,2026-03-02 07:00:00,4,501.89,0.41,4.37,98.53,4.73,52.73,59.72,9.41
1772438400,2026-03-02 08:00:00,4,480.76,0.27,3.24,102.03,3.91,58.82,65.44,7.34
1772442000,2026-03-02 09:00:00,4,444.11,0.23,3.01,100.27,3.46,56.32,62.14,5.19
1772445600,2026-03-02 10:00:00,3,395.74,0.15,3.15,95.76,3.45,49.15,53.97,3.6
1772449200,2026-03-02 11:00:00,3,398.13,0.03,4.09,81.95,3.24,47.55,52.86,3.27
1772452800,2026-03-02 12:00:00,3,404.57,0,4.54,68.73,2.87,46.07,52.1,3.01
1772456400,2026-03-02 13:00:00,3,413.93,0,5.01,55.22,2.42,44.82,51.91,2.74
1772460000,2026-03-02 14:00:00,3,439.45,0,5.55,42.54,2.09,45.56,54.05,2.54
1772463600,2026-03-02 15:00:00,3,458.98,0,5.81,33,1.89,46.52,56.13,2.49
1772467200,2026-03-02 16:00:00,3,465.38,0,5.75,26.14,1.68,46.62,56.09,2.35
1772470800,2026-03-02 17:00:00,3,456.52,0,5.4,21.95,1.37,46.18,54.87,1.81
1772474400,2026-03-02 18:00:00,3,436.7,0.01,4.91,20.04,1.29,45.05,53.24,1.38
1772478000,2026-03-02 19:00:00,3,409.81,0.01,4.39,19.26,1.49,42.96,50.99,1.18
1772481600,2026-03-02 20:00:00,3,402.55,0.01,4.46,17.05,1.57,41.53,48.51,1.1
1772485200,2026-03-02 21:00:00,3,403.51,0.01,5.17,15.49,1.72,40.09,45.96,1.02
1772488800,2026-03-02 22:00:00,3,416.75,0.01,6.66,14.66,2.02,38.18,42.63,0.89
1772492400,2026-03-02 23:00:00,3,444.38,0.01,8.59,13,2.31,36.31,39.51,0.79
1772496000,2026-03-03 00:00:00,3,486.24,0.02,10.81,11.45,2.71,34.85,37.47,0.77
1772499600,2026-03-03 01:00:00,3,547.97,0.05,14.74,17.85,3.8,27.71,30.38,0.94
1772503200,2026-03-03 02:00:00,3,596.66,0.18,17.14,15.58,4.48,26.41,29.03,1
1772506800,2026-03-03 03:00:00,3,632.91,0.46,18.35,14.41,5.2,26.26,28.9,1.15
1772510400,2026-03-03 04:00:00,2,648.87,0.64,18.56,17.4,5.77,23.09,25.47,1.27
1772514000,2026-03-03 05:00:00,2,649.36,0.41,18.01,20.65,6.31,20.53,22.89,1.43
1772517600,2026-03-03 06:00:00,2,647.79,0.31,17.65,23.67,7.06,19.59,22.14,1.69
1772521200,2026-03-03 07:00:00,2,647.24,0.17,17.55,26.83,7.64,19.78,22.58,1.95
1772524800,2026-03-03 08:00:00,2,647.72,0.07,17.7,28.57,8.24,21.39,24.63,2.32
1772528400,2026-03-03 09:00:00,2,652.3,0.04,18.06,29.92,8.91,23.39,27.14,2.68
1772532000,2026-03-03 10:00:00,3,656.68,0.06,18.55,31.91,9.63,25.76,30.24,3.01
1772535600,2026-03-03 11:00:00,3,661.54,0,18.61,33.45,10.23,28.56,33.95,3.23
1772539200,2026-03-03 12:00:00,3,664.35,0,17.94,35,10.37,31.28,37.59,3.3
1772542800,2026-03-03 13:00:00,3,659.87,0,16.9,36.42,10.5,33.54,40.2,3.1
1772546400,2026-03-03 14:00:00,3,661.93,0,15.89,37.73,9.78,35.91,42.63,2.84
1772550000,2026-03-03 15:00:00,3,661.22,0,14.76,38.89,8.96,39.01,45.86,2.55
1772553600,2026-03-03 16:00:00,3,651.75,0,13.49,39.84,8.44,41.43,48.17,2.27
1772557200,2026-03-03 17:00:00,3,640.47,0,12.35,41.59,8.21,43.29,49.5,1.94
1772560800,2026-03-03 18:00:00,3,631.26,0,11.38,43.79,8.1,45.82,51.39,1.63
1772564400,2026-03-03 19:00:00,3,623.33,0,10.55,45.17,7.42,48.63,53.51,1.42
1772568000,2026-03-03 20:00:00,4,619.49,0,9.99,46.32,7.01,51.32,55.62,1.32
1772571600,2026-03-03 21:00:00,4,612.14,0,9.5,48.14,6.93,53.7,57.48,1.21
1772575200,2026-03-03 22:00:00,4,597.18,0,8.95,51.85,6.92,55.84,59.25,1.16
1772578800,2026-03-03 23:00:00,4,581.59,0,8.46,55.41,6.92,57.94,61.31,1.24
1772582400,2026-03-04 00:00:00,4,582.77,0,8.55,56.36,7,60.12,63.83,1.4
1772586000,2026-03-04 01:00:00,4,589.81,0.05,9.28,56.03,7.37,60.83,65.18,1.86
1772589600,2026-03-04 02:00:00,4,591.48,0.12,10.04,56.06,8.19,59.96,64.92,2.43
1772593200,2026-03-04 03:00:00,4,580.57,0.15,10.43,57.3,9.02,57.47,62.8,2.96
1772596800,2026-03-04 04:00:00,4,557.92,0.22,10.14,60.53,9.44,53.75,59.1,3.26
1772600400,2026-03-04 05:00:00,4,548.03,0.3,10.12,62.75,9.51,50.56,56.23,3.91
1772604000,2026-03-04 06:00:00,3,543.74,0.43,10.36,65.7,10.11,49.4,55.54,4.45
1772607600,2026-03-04 07:00:00,4,544.65,0.56,10.27,70.68,10.69,50.17,56.7,4.76
1772611200,2026-03-04 08:00:00,4,536.21,0.68,9.38,77.84,11.04,52.39,59.01,4.59
1772614800,2026-03-04 09:00:00,4,525.71,0.58,8.6,85.56,11.68,55.71,62.39,4.29
1772618400,2026-03-04 10:00:00,4,529.68,0.35,8.5,83.35,11.37,60.23,67.3,4.07
1772622000,2026-03-04 11:00:00,4,549.58,0.06,9.18,71.89,9.7,64.6,72.52,3.92
1772625600,2026-03-04 12:00:00,4,568.89,0,9.16,63.34,7.97,67.65,76.34,3.24
1772629200,2026-03-04 13:00:00,4,589.93,0,9.3,54.3,6.05,69.65,79.29,2.63
1772632800,2026-03-04 14:00:00,4,621.03,0,9.33,44.36,4.5,72.24,83.15,2.48
1772636400,2026-03-04 15:00:00,4,642.42,0,9,36.4,3.65,74.5,86.54,2.64
1772640000,2026-03-04 16:00:00,5,651.83,0,8.56,29.96,3.11,75.65,88.3,2.92
1772643600,2026-03-04 17:00:00,5,654.82,0,7.99,24.2,2.45,76.67,89.22,2.86
1772647200,2026-03-04 18:00:00,5,656.41,0.01,7.35,19.07,1.93,77.84,90.23,2.84
1772650800,2026-03-04 19:00:00,5,653.44,0.01,6.8,14.86,1.65,78.83,90.15,2.84
1772654400,2026-03-04 20:00:00,5,656.49,0.02,6.64,13.08,1.69,80.58,90.03,2.89
1772658000,2026-03-04 21:00:00,5,660.94,0.02,6.78,13.43,1.95,82.97,91.32,3.05
1772661600,2026-03-04 22:00:00,5,656.38,0.01,6.76,15.05,2.34,85.12,92.47,3.08
1772665200,2026-03-04 23:00:00,5,647.71,0.01,6.28,14.51,2.3,87.13,93.84,2.68
1772668800,2026-03-05 00:00:00,5,648.91,0.03,5.94,13.18,2.22,89.27,95.91,2
1772672400,2026-03-05 01:00:00,5,659.14,0.1,6.04,12.25,2.35,89.17,96.64,1.85
1772676000,2026-03-05 02:00:00,5,676.17,0.22,6.37,12.54,2.63,86.56,95.7,2.17
1772679600,2026-03-05 03:00:00,5,686.05,0.21,6.88,16.82,3.37,85.21,95.49,2.34
1772683200,2026-03-05 04:00:00,4,554.11,0.04,6.07,64.6,6.08,61.66,68.08,1.08
1772686800,2026-03-05 05:00:00,3,512.99,0.02,5.91,66.96,5.13,48.26,52.89,1.14
1772690400,2026-03-05 06:00:00,3,510.21,0.01,6.36,64.47,4.8,42.81,46.87,1.3
1772694000,2026-03-05 07:00:00,3,519.71,0.01,6.69,63.21,4.62,40.16,43.97,1.47
1772697600,2026-03-05 08:00:00,3,534.56,0.02,7.17,61.09,4.54,40.03,43.89,1.74
1772701200,2026-03-05 09:00:00,3,555.61,0.02,7.87,59.2,4.6,41.06,45.12,1.99
1772704800,2026-03-05 10:00:00,3,583.1,0.01,8.66,52.47,4.56,43.71,47.99,2.11
1772708400,2026-03-05 11:00:00,3,603.99,0,8.85,45.17,4.13,47.31,51.53,1.79
1772712000,2026-03-05 12:00:00,4,615.95,0,8.41,41.34,3.6,50.07,54.09,1.44
1772715600,2026-03-05 13:00:00,4,628.39,0,8.1,38.85,3.22,53.41,57.71,1.41
1772719200,2026-03-05 14:00:00,4,651.08,0,8.17,36.3,3.09,58.22,63.24,1.57
1772722800,2026-03-05 15:00:00,4,671.05,0,8.09,33.85,2.99,62.69,68.4,1.65
1772726400,2026-03-05 16:00:00,4,682.78,0,7.99,32.27,2.98,66.56,72.46,1.55
1772730000,2026-03-05 17:00:00,4,691.82,0,8.05,31.93,3.06,69.6,75.17,1.41
1772733600,2026-03-05 18:00:00,4,702.26,0,8.26,32.56,3.31,72.67,77.71,1.22
1772737200,2026-03-05 19:00:00,4,708.45,0,8.31,32.29,3.54,74.66,78.77,1.04
1772740800,2026-03-05 20:00:00,4,710.39,0,7.97,29.37,3.26,74.95,78.28,0.99
1772744400,2026-03-05 21:00:00,4,709.53,0,7.53,26.96,2.98,74.83,77.65,0.98
1772748000,2026-03-05 22:00:00,5,708.22,0,7.13,25.95,2.74,75.51,78.22,0.97
1772751600,2026-03-05 23:00:00,5,700.85,0,6.71,27.13,2.72,76.36,79.19,0.83
1772755200,2026-03-06 00:00:00,5,690.68,0,6.32,30.21,2.86,77.13,80.14,0.68
1772758800,2026-03-06 01:00:00,5,676.07,0.01,6.1,35.35,3.16,76.89,80.16,0.74
1772762400,2026-03-06 02:00:00,4,655.64,0.02,5.86,42.25,3.58,74.92,78.46,0.92
1772766000,2026-03-06 03:00:00,4,619.82,0.04,5.68,53.22,4.27,74.65,78.38,0.82
1772769600,2026-03-06 04:00:00,5,580.11,0.04,5.96,68.29,5.34,75.6,79.84,1.03
1772773200,2026-03-06 05:00:00,5,579.84,0.05,6.56,67.79,5.61,75.86,80.79,1.55
1772776800,2026-03-06 06:00:00,5,592.72,0.06,7.49,66.74,6.22,77.16,82.8,2.12
1772780400,2026-03-06 07:00:00,5,610.54,0.33,7.71,70.34,6.73,79.3,85.54,2.51
1772784000,2026-03-06 08:00:00,5,610.6,0.41,7.28,76.07,6.84,81.84,88.25,2.25
1772787600,2026-03-06 09:00:00,5,604.46,0.32,6.8,83.3,7.1,86.16,92.59,1.74
1772791200,2026-03-06 10:00:00,5,609.21,0.15,6.82,87.52,7.23,92.79,99.47,1.4
1772794800,2026-03-06 11:00:00,5,629.74,0.02,7.3,85.34,6.94,101.01,108.46,1.42
1772798400,2026-03-06 12:00:00,5,648.31,0,7.07,83.81,6.41,108.18,116.29,1.28
1772802000,2026-03-06 13:00:00,5,660.22,0,6.7,73.64,4.86,113.32,122.26,1.17
1772805600,2026-03-06 14:00:00,5,675.18,0,6.37,59.35,3.51,118.69,128.76,1.26
1772809200,2026-03-06 15:00:00,5,688.09,0,5.98,48.52,2.89,122.63,133.67,1.47
1772812800,2026-03-06 16:00:00,5,696.55,0,5.86,39.07,2.41,119.89,131.05,1.9
1772816400,2026-03-06 17:00:00,5,706.84,0,5.88,30.94,1.87,114.69,125.26,2.23
1772820000,2026-03-06 18:00:00,5,710.14,0,5.66,25.3,1.48,110.57,120.41,2.46
1772823600,2026-03-06 19:00:00,5,709.73,0,5.42,21.49,1.28,109.17,117.68,2.69
1772827200,2026-03-06 20:00:00,5,710.51,0.01,5.25,19.31,1.22,110.41,118.18,2.82
1772830800,2026-03-06 21:00:00,5,717.58,0.01,5.18,18.9,1.24,112.83,119.9,2.85
1772834400,2026-03-06 22:00:00,5,730.75,0.01,5.1,20.07,1.32,117.8,124.43,2.67
1772838000,2026-03-06 23:00:00,5,740.93,0.02,4.76,19.83,1.36,123.06,129.32,2.36
1772841600,2026-03-07 00:00:00,5,753.24,0.04,4.55,19.03,1.53,127.35,133.61,2.08
1772845200,2026-03-07 01:00:00,5,750.01,0.23,4.29,20.99,1.84,128.23,135.07,1.74
1772848800,2026-03-07 02:00:00,5,757.86,0.35,4.49,25.52,2.13,125.89,133.55,1.97
1772852400,2026-03-07 03:00:00,5,768.4,0.19,5.08,33.6,2.49,124.05,131.9,2.22
1772856000,2026-03-07 04:00:00,5,596.53,0.04,3.67,94.79,3.27,95.64,101.51,0.5
1772859600,2026-03-07 05:00:00,5,529.17,0.03,2.75,103.92,2.82,79.68,84.99,0.33
1772863200,2026-03-07 06:00:00,5,506.28,0.04,2.56,106.86,2.84,76.81,82.41,0.31
1772866800,2026-03-07 07:00:00,5,494.91,0.05,2.48,109.81,2.93,76.57,82.76,0.36
1772870400,2026-03-07 08:00:00,5,483.63,0.06,2.51,111.3,3.09,76.32,83.4,0.47
1772874000,2026-03-07 09:00:00,5,469.59,0.06,2.59,113.38,3.27,76.64,84.8,0.59
1772877600,2026-03-07 10:00:00,5,457.88,0.03,2.88,114.58,3.44,76.72,86.05,0.72
1772881200,2026-03-07 11:00:00,5,454.66,0,3.26,113.71,3.55,77.39,87.81,0.8
1772884800,2026-03-07 12:00:00,5,455.24,0,3.4,112.55,3.54,78.36,89.65,0.77
1772888400,2026-03-07 13:00:00,5,455.95,0,3.45,99.27,2.98,79.32,91.43,0.79
1772892000,2026-03-07 14:00:00,5,460.64,0,3.43,81.56,2.4,81.04,93.9,0.9
1772895600,2026-03-07 15:00:00,5,464.65,0,3.31,68.72,2.1,82.53,95.72,1.08
1772899200,2026-03-07 16:00:00,5,466.79,0,3.28,57.78,1.85,83.04,95.9,1.41
1772902800,2026-03-07 17:00:00,5,471.23,0,3.36,48.54,1.56,83.71,96.41,1.77
1772906400,2026-03-07 18:00:00,5,473.57,0,3.43,42.44,1.4,84.03,96.96,2.18
1772910000,2026-03-07 19:00:00,5,476.89,0,3.58,38.99,1.49,83.69,96.28,2.58
1772913600,2026-03-07 20:00:00,5,482.92,0,3.89,40.39,1.72,83.2,95.17,3.11
1772917200,2026-03-07 21:00:00,5,492.43,0,4.13,44.25,1.93,83.08,94.55,3.58
1772920800,2026-03-07 22:00:00,5,502.23,0,4.19,50.68,2.03,83.68,94.63,3.62
1772924400,2026-03-07 23:00:00,5,503.98,0,3.9,54.52,1.99,84.38,94.48,3.05
1772928000,2026-03-08 00:00:00,5,504.33,0,3.62,53.48,1.92,84.89,94,2.46
1772931600,2026-03-08 01:00:00,5,502.37,0.08,3.34,48.38,1.72,81.74,89.81,1.96
1772935200,2026-03-08 02:00:00,5,497.42,0.19,3.08,46.89,1.61,75.99,83.29,1.57
1772938800,2026-03-08 03:00:00,4,478.29,0.17,2.73,52.62,1.59,68.76,75.04,1.31
1772942400,2026-03-08 04:00:00,4,421.7,0.09,1.89,72.9,1.31,52.93,57.76,0.67
1772946000,2026-03-08 05:00:00,3,376.5,0.06,1.44,80.16,1.07,38.31,42.61,0.57
1772949600,2026-03-08 06:00:00,3,342.53,0.05,1.2,84.37,1,28.82,33.13,0.6
1772953200,2026-03-08 07:00:00,2,320.62,0.04,1.07,87.88,0.98,22.95,27.74,0.68
1772956800,2026-03-08 08:00:00,2,308.27,0.06,1.06,88.15,1.06,20.1,25.81,0.84
1772960400,2026-03-08 09:00:00,2,300.05,0.07,1.13,88.42,1.17,19.17,25.9,1
1772964000,2026-03-08 10:00:00,2,299.35,0.05,1.41,88.07,1.32,19.93,28.08,1.16
1772967600,2026-03-08 11:00:00,2,304.14,0.01,1.88,86.23,1.53,21.93,31.75,1.32
1772971200,2026-03-08 12:00:00,2,312.05,0,2.16,84.67,1.67,24.33,35.53,1.36
1772974800,2026-03-08 13:00:00,3,320,0,2.44,79.1,1.67,26.68,38.38,1.28
1772978400,2026-03-08 14:00:00,3,333.53,0,2.71,69.91,1.54,28.83,40.54,1.19
1772982000,2026-03-08 15:00:00,3,344.02,0,2.82,61.41,1.43,30.36,42.09,1.25
1772985600,2026-03-08 16:00:00,3,350.57,0,2.92,51.28,1.28,31.14,42.39,1.44
1772989200,2026-03-08 17:00:00,3,358.39,0,3.14,41.35,1.09,31.86,42.61,1.69
1772992800,2026-03-08 18:00:00,3,366.91,0,3.45,35.27,1.07,32.61,43.16,2.09
1772996400,2026-03-08 19:00:00,3,372.97,0,3.71,32.51,1.15,32.79,43.31,2.53
1773000000,2026-03-08 20:00:00,3,375.84,0,3.88,32.75,1.25,32.44,42.87,2.82
1773003600,2026-03-08 21:00:00,3,377.68,0,4.13,34.81,1.41,31.84,42.04,3.11
1773007200,2026-03-08 22:00:00,3,379.16,0,4.49,37.18,1.63,31.15,41.26,3.39
1773010800,2026-03-08 23:00:00,3,381.7,0,4.76,36.96,1.81,30.62,41.14,3.35
1773014400,2026-03-09 00:00:00,3,388.43,0,5.1,36.18,2.1,30.28,41.81,3.02
1773018000,2026-03-09 01:00:00,3,397.95,0.02,5.68,38.19,2.52,29.53,42.09,2.3
1773021600,2026-03-09 02:00:00,3,406.7,0.14,6.29,39.66,2.86,29.13,42.12,1.85
1773025200,2026-03-09 03:00:00,3,409.48,0.34,6.82,45.1,3.45,28.93,42,1.89
1773028800,2026-03-09 04:00:00,2,320.98,0.25,5.06,78.64,3.3,22.58,32.93,1.21
1773032400,2026-03-09 05:00:00,2,292.88,0.19,3.98,85.85,2.88,19.58,27.88,1.12
1773036000,2026-03-09 06:00:00,2,285.21,0.17,3.65,88.31,2.99,19.15,26.86,1.21
1773039600,2026-03-09 07:00:00,2,284.63,0.13,3.68,89.53,3.28,19.96,27.26,1.28
1773043200,2026-03-09 08:00:00,2,287.7,0.09,4.26,88.25,3.86,21.35,27.98,1.27
1773046800,2026-03-09 09:00:00,2,294.24,0.04,5.55,86,4.8,23.29,29.08,1.11
1773050400,2026-03-09 10:00:00,3,317.93,0.01,7.74,79.61,6.27,25.9,30.43,0.88
1773054000,2026-03-09 11:00:00,3,385.96,0,10.69,67.05,7.25,29.52,32.62,0.73
1773057600,2026-03-09 12:00:00,3,489.1,0,13.29,50.75,7.06,31.75,33.67,0.63
1773061200,2026-03-09 13:00:00,3,584.46,0,14.03,37.73,5.17,30.99,32.41,0.65
1773064800,2026-03-09 14:00:00,3,643.92,0,13.19,32.3,4.1,28.78,30.16,0.77
1773068400,2026-03-09 15:00:00,3,667.5,0,11.73,31.37,3.41,25.87,27.17,0.88
1773072000,2026-03-09 16:00:00,2,668.25,0,10.11,32.16,2.88,23.18,24.27,0.88
1773075600,2026-03-09 17:00:00,2,670.17,0,8.97,33.32,2.44,21.86,22.75,0.87
1773079200,2026-03-09 18:00:00,2,674.22,0,8.18,34.56,2.23,21.45,22.27,0.89
1773082800,2026-03-09 19:00:00,2,672.29,0,7.48,36.4,2.05,21,21.82,0.93
1773086400,2026-03-09 20:00:00,2,663.68,0,6.78,40.04,1.96,20.83,21.66,0.97
1773090000,2026-03-09 21:00:00,2,650.11,0,6.1,45.31,1.94,20.41,21.22,1.03
1773093600,2026-03-09 22:00:00,2,633.21,0,5.49,51.4,2.04,20.09,20.97,1.18
1773097200,2026-03-09 23:00:00,2,617.23,0,5.09,55.45,2.32,20.56,21.69,1.47
1773100800,2026-03-10 00:00:00,2,609.05,0,5.05,57.84,2.72,21.15,22.71,1.89
1773104400,2026-03-10 01:00:00,2,601.41,0.02,5.46,59.31,3.23,21.04,23.03,2.35
1773108000,2026-03-10 02:00:00,2,588.69,0.11,5.65,61.82,3.68,20.18,22.44,2.7
1773111600,2026-03-10 03:00:00,2,571.08,0.24,5.35,67.39,3.95,19.82,22.21,2.9
1773115200,2026-03-10 04:00:00,2,551.57,0.34,4.31,80.05,4.01,22.03,24.42,2.84
1773118800,2026-03-10 05:00:00,3,533.04,0.28,3.26,94.26,4.16,27.28,29.73,2.8
1773122400,2026-03-10 06:00:00,3,523.02,0.2,2.49,108.19,4.63,34.48,37.13,2.9
1773126000,2026-03-10 07:00:00,3,525.72,0.18,2.02,121.15,5.11,42.29,45.24,3.07
1773129600,2026-03-10 08:00:00,3,529.94,0.18,1.99,129.19,5.63,49.5,52.84,3.31
1773133200,2026-03-10 09:00:00,4,539,0.17,2.32,134.97,6.4,56.09,59.95,3.63
1773136800,2026-03-10 10:00:00,4,553.73,0.12,3.21,129.23,7.02,62.52,67.1,3.87
1773140400,2026-03-10 11:00:00,4,572.84,0.02,4.38,114.98,7,67.7,73.17,4.03
1773144000,2026-03-10 12:00:00,4,589.3,0,4.97,103.76,6.46,70.93,77.32,3.88
1773147600,2026-03-10 13:00:00,4,607.49,0,5.72,90.4,5.3,72.51,80.11,3.4
1773151200,2026-03-10 14:00:00,5,638.66,0,6.41,74.77,4.17,75.06,84.17,3.12
1773154800,2026-03-10 15:00:00,5,662.22,0,6.62,62.09,3.54,77.51,87.93,3.18
1773158400,2026-03-10 16:00:00,5,670.51,0,6.58,51.81,3.12,78.86,89.96,3.44
1773162000,2026-03-10 17:00:00,5,674.79,0,6.36,42.57,2.47,80.08,91.11,3.24
1773165600,2026-03-10 18:00:00,5,679.07,0,6.1,34.97,2.03,81.65,92.49,3.21
1773169200,2026-03-10 19:00:00,5,682.4,0,5.86,30.28,1.89,83.6,94.08,3.41
1773172800,2026-03-10 20:00:00,5,684.05,0.01,5.69,28.37,1.96,85.75,95.97,3.87
1773176400,2026-03-10 21:00:00,5,687.84,0.02,5.65,28.27,2.17,87.72,97.82,4.48
1773180000,2026-03-10 22:00:00,5,689.52,0.02,5.49,27.91,2.3,89.62,99.62,4.67
1773183600,2026-03-10 23:00:00,5,685.55,0.03,4.88,23.39,1.99,90.89,100.66,3.56
1773187200,2026-03-11 00:00:00,5,686.56,0.06,4.4,18.37,1.84,91.67,100.91,2.42
1773190800,2026-03-11 01:00:00,5,674.96,0.36,3.95,19.75,2.11,89.24,98.34,1.85
1773194400,2026-03-11 02:00:00,5,677.03,0.63,3.92,24.02,2.48,87.77,97.53,1.97
1773198000,2026-03-11 03:00:00,5,686.06,0.49,4.59,34.12,3.28,87.64,97.95,2.59
1773201600,2026-03-11 04:00:00,4,564.79,0.09,3.7,107.77,6.99,70.05,76.55,1.64
1773205200,2026-03-11 05:00:00,4,534.08,0.09,3.43,108.93,6.18,62.95,68.16,1.43
1773208800,2026-03-11 06:00:00,4,532.72,0.11,3.64,105.91,6.04,62.16,67.15,1.5
1773212400,2026-03-11 07:00:00,4,538.53,0.06,3.94,104.2,6,62.1,67.13,1.65
1773216000,2026-03-11 08:00:00,4,543.21,0.05,4.42,100.39,6.05,62.09,67.45,1.86
1773219600,2026-03-11 09:00:00,4,553.42,0.04,5.05,96.73,6.27,63.51,69.43,2.05
1773223200,2026-03-11 10:00:00,4,570.82,0.02,5.81,93.45,6.54,66.46,73.14,2.22
1773226800,2026-03-11 11:00:00,4,594.12,0,6.54,89.94,6.69,70.16,77.72,2.33
1773230400,2026-03-11 12:00:00,4,613.37,0,6.8,87.15,6.68,74.06,82.56,2.22
1773234000,2026-03-11 13:00:00,5,630.91,0,7.09,82.5,6.49,77.54,87.29,2.25
1773237600,2026-03-11 14:00:00,5,658.6,0,7.41,77.31,6.24,81.09,92.23,2.45
1773241200,2026-03-11 15:00:00,5,682.87,0,7.56,72.79,6.01,84.34,96.57,2.72
1773244800,2026-03-11 16:00:00,5,694.1,0,7.43,68.35,5.52,85.67,98.03,2.75
1773248400,2026-03-11 17:00:00,5,688.01,0,6.88,65.26,4.67,83.64,95.04,2.17
1773252000,2026-03-11 18:00:00,5,679.82,0,6.32,62.42,4.07,82.21,92.54,1.7
1773255600,2026-03-11 19:00:00,5,674.33,0,5.94,53.81,3.18,80.83,90.31,1.55
1773259200,2026-03-11 20:00:00,5,677.16,0,5.83,42.54,2.46,80.11,89.05,1.69
1773262800,2026-03-11 21:00:00,5,683.51,0,5.9,35.3,2.2,81.41,89.98,1.84
1773266400,2026-03-11 22:00:00,5,697.66,0,6.12,30.94,2.11,84.52,92.97,1.97
1773270000,2026-03-11 23:00:00,5,711.19,0.01,6.22,30.18,2.19,87.9,96.44,1.82
1773273600,2026-03-12 00:00:00,5,730.35,0.02,6.45,34.55,2.81,92.13,101.03,1.54
1773277200,2026-03-12 01:00:00,5,731.23,0.1,6.97,49.98,4.7,94.01,102.89,0.94
1773280800,2026-03-12 02:00:00,5,718.77,0.28,7.62,58.04,5.85,89.82,98.52,0.95
1773284400,2026-03-12 03:00:00,5,709.85,0.41,8.4,66.35,7.5,87.2,95.79,1
1773288000,2026-03-12 04:00:00,4,596.56,0.09,6.69,85.47,9.31,71.85,77.58,0.3
1773291600,2026-03-12 05:00:00,4,571.3,0.06,6.17,92.71,9.67,70.76,76.02,0.24
1773295200,2026-03-12 06:00:00,5,577.43,0.04,6.8,96.56,10.78,75.79,81.49,0.35
1773298800,2026-03-12 07:00:00,5,588.29,0.06,7.45,100.79,11.79,80.47,86.63,0.48
1773302400,2026-03-12 08:00:00,5,594.19,0.06,7.94,104.15,12.52,84.57,91.19,0.61
1773306000,2026-03-12 09:00:00,5,600.08,0.06,8.34,107.21,13.1,89.11,96.27,0.71
1773309600,2026-03-12 10:00:00,5,606.96,0.04,8.62,110.74,13.34,93.43,101.16,0.83
1773313200,2026-03-12 11:00:00,5,612.78,0,8.32,112.68,13.09,96.76,105.02,1.05
1773316800,2026-03-12 12:00:00,5,615.13,0,7.42,114.18,12.53,98.87,107.63,1.22
1773320400,2026-03-12 13:00:00,5,621.36,0,6.84,111.88,11.38,99.83,109.28,1.53
1773324000,2026-03-12 14:00:00,5,637.11,0,6.6,107.05,10.1,101.53,112.02,1.86
1773327600,2026-03-12 15:00:00,5,649.4,0,6.44,102.49,9.07,103.15,114.51,2.06
1773331200,2026-03-12 16:00:00,5,656.17,0,6.29,84.76,6.21,104.47,116.25,2.24
1773334800,2026-03-12 17:00:00,5,648.94,0,5.9,62.29,3.46,105.33,116.6,1.78
1773338400,2026-03-12 18:00:00,5,638.87,0,5.44,46.96,2.49,106.39,117.02,1.42
1773342000,2026-03-12 19:00:00,5,634.84,0,5.13,37.45,2.26,107.83,117.91,1.24
1773345600,2026-03-12 20:00:00,5,639.73,0,4.99,31.81,2.06,109.71,119.37,1.22
1773349200,2026-03-12 21:00:00,5,643.21,0,4.84,28.7,1.95,111.46,120.21,1.21
1773352800,2026-03-12 22:00:00,5,645.14,0,4.71,26.86,1.93,112.63,120.76,1.2
1773356400,2026-03-12 23:00:00,5,645.5,0,4.52,25.74,2.02,113.76,122.04,1.14
1773360000,2026-03-13 00:00:00,5,649.4,0.01,4.55,25.22,2.35,115.2,123.83,1.06
1773363600,2026-03-13 01:00:00,5,645.82,0.07,4.93,27.32,3.16,114.76,123.91,0.91
1773367200,2026-03-13 02:00:00,5,652.41,0.13,5.57,32.42,4.23,113.66,123.26,1.07
1773370800,2026-03-13 03:00:00,5,653.29,0.09,6.23,44.19,5.92,111.96,121.84,1.14
1773374400,2026-03-13 04:00:00,5,533.95,0.14,5.78,114.72,10.94,97.67,107.19,0.34
1773378000,2026-03-13 05:00:00,5,470.76,0.22,4.73,132.27,11.44,93.3,103.82,0.02
1773381600,2026-03-13 06:00:00,5,429.85,0.15,3.61,146.58,11.73,93.87,106.32,0
1773385200,2026-03-13 07:00:00,5,400.19,0.11,2.75,157.89,11.22,93.93,107.97,0
1773388800,2026-03-13 08:00:00,5,380.84,0.08,2.44,162.33,10.24,92.73,107.46,0
1773392400,2026-03-13 09:00:00,5,361.45,0.07,2.45,163.21,9.33,90.28,105.51,0
1773396000,2026-03-13 10:00:00,5,349.04,0.04,2.95,154.64,8.02,87.43,102.85,0
1773399600,2026-03-13 11:00:00,5,345.69,0.01,3.61,141.3,6.62,85.36,101.04,0.06
1773403200,2026-03-13 12:00:00,5,344.75,0,3.81,130.85,5.54,83.21,99.37,0.22
1773406800,2026-03-13 13:00:00,5,341.42,0,3.84,116.79,4.35,80.18,96.27,0.43
1773410400,2026-03-13 14:00:00,5,344.46,0,3.88,100.77,3.44,78.46,94.46,0.77
1773414000,2026-03-13 15:00:00,5,349.96,0,3.88,88.6,3.11,78.11,94.69,1.01
1773417600,2026-03-13 16:00:00,5,354.88,0,3.88,79.36,3.08,78.15,94.94,1.14
1773421200,2026-03-13 17:00:00,5,360.97,0,3.88,74.64,3.03,78.59,95.22,1.09
1773424800,2026-03-13 18:00:00,5,365.65,0,3.71,74.89,3.06,78.76,95.34,0.98
1773428400,2026-03-13 19:00:00,5,367.38,0,3.41,80.61,3.3,77.98,94.21,0.81
1773432000,2026-03-13 20:00:00,5,369.67,0,3.22,74.39,2.9,77.62,93.1,0.8
1773435600,2026-03-13 21:00:00,5,370.55,0,3.11,67.21,2.48,76.98,91.67,0.81
1773439200,2026-03-13 22:00:00,5,371.58,0,3.07,62.31,2.15,75.62,89.64,0.82
1773442800,2026-03-13 23:00:00,4,369.94,0,3.05,59.1,1.97,74.06,87.75,0.81
1773446400,2026-03-14 00:00:00,4,369.01,0,3.14,59.27,2.03,72.87,86.61,0.78
1773450000,2026-03-14 01:00:00,4,353.61,0,3.16,88.34,2.93,65.67,79.26,0.63
1773453600,2026-03-14 02:00:00,4,350.81,0.01,3.56,91.02,3.14,60.89,74.29,0.67
1773457200,2026-03-14 03:00:00,4,350.11,0.01,4,87.91,3.25,57.19,70.38,0.7
1773460800,2026-03-14 04:00:00,3,310.63,0.01,3.61,100.22,2.97,41.76,52.04,0.57
1773464400,2026-03-14 05:00:00,3,287.98,0.01,3.59,100.81,2.74,32.56,41.51,0.67
1773468000,2026-03-14 06:00:00,3,274.3,0.01,3.67,98.57,2.63,27.42,36.02,0.8
1773471600,2026-03-14 07:00:00,2,263.05,0.02,3.59,97.79,2.49,24.61,33.31,0.91
1773475200,2026-03-14 08:00:00,2,253.49,0.03,3.43,96.67,2.38,23.64,32.49,0.96
1773478800,2026-03-14 09:00:00,2,244.29,0.03,3.26,96.37,2.26,23.1,31.81,0.97
1773482400,2026-03-14 10:00:00,2,239.84,0.02,3.2,95.49,2.12,23.22,31.64,0.98
1773486000,2026-03-14 11:00:00,2,242.4,0,3.27,92.77,2.01,23.75,31.64,1.03
1773489600,2026-03-14 12:00:00,2,248.1,0,3.25,89.96,1.93,24.41,31.75,1.1
1773493200,2026-03-14 13:00:00,3,264.37,0,3.48,74.54,1.75,25.4,32.61,1.43
1773496800,2026-03-14 14:00:00,3,291.94,0,3.93,55.74,1.64,26.89,34.4,1.97
1773500400,2026-03-14 15:00:00,3,314.66,0,4.2,43.8,1.65,28.04,35.74,2.49
1773504000,2026-03-14 16:00:00,3,327.79,0,4.31,37.26,1.65,28.53,36.06,2.88
1773507600,2026-03-14 17:00:00,3,329.17,0,4.13,35.87,1.46,28.49,35.59,2.75
1773511200,2026-03-14 18:00:00,3,328.46,0,3.91,38.79,1.34,28.42,35.37,2.6
1773514800,2026-03-14 19:00:00,3,327.74,0,3.68,46.07,1.24,28.43,35.43,2.44
1773518400,2026-03-14 20:00:00,3,329.13,0,3.58,40.85,1.09,28.64,35.45,2.41
1773522000,2026-03-14 21:00:00,3,330.87,0,3.56,35.79,1.02,28.9,35.52,2.45
1773525600,2026-03-14 22:00:00,3,337.24,0,3.69,30.92,1.01,29.29,35.73,2.55
1773529200,2026-03-14 23:00:00,3,349.32,0,3.85,23.95,1,29.88,35.91,2.63
1773532800,2026-03-15 00:00:00,3,371.57,0.02,4.27,17.07,1.16,30.95,36.91,2.79
1773536400,2026-03-15 01:00:00,3,406.79,0.22,4.82,12.62,1.42,32.12,38.43,2.81
1773540000,2026-03-15 02:00:00,3,432.06,0.91,4.47,12.71,1.58,32.85,39.84,2.68
1773543600,2026-03-15 03:00:00,3,435.59,1.17,4.03,19.18,1.68,33.09,40.28,2.71
1773547200,2026-03-15 04:00:00,2,235.49,0.19,1.84,90.07,1.53,16.19,20.22,0.9
1773550800,2026-03-15 05:00:00,2,196.51,0.09,1.01,96.59,1.27,12.72,16.02,0.82
1773554400,2026-03-15 06:00:00,2,189.66,0.07,0.83,97.6,1.35,13.07,16.37,0.94
1773558000,2026-03-15 07:00:00,2,187.14,0.07,0.85,97.97,1.39,13.25,16.45,1.04
1773561600,2026-03-15 08:00:00,2,187.36,0.07,1.01,95.34,1.42,13.04,16.15,1.16
1773565200,2026-03-15 09:00:00,2,188.26,0.06,1.26,92.63,1.43,12.62,15.73,1.23
1773568800,2026-03-15 10:00:00,2,195.11,0.04,1.78,88.2,1.48,12.83,16.41,1.43
1773572400,2026-03-15 11:00:00,2,209.85,0.01,2.48,81.72,1.56,13.78,18.07,1.63
1773576000,2026-03-15 12:00:00,2,223.98,0,2.91,75.79,1.59,14.62,19.49,1.67
1773579600,2026-03-15 13:00:00,2,245.7,0,3.44,63.3,1.54,15.9,21.56,1.8
1773583200,2026-03-15 14:00:00,2,275.35,0,3.93,48.26,1.43,17.62,24.13,1.98
1773586800,2026-03-15 15:00:00,2,298.14,0,4.14,38.26,1.33,18.9,25.95,2.13
1773590400,2026-03-15 16:00:00,2,308.96,0,4.12,30.75,1.17,19.4,26.53,2.22
1773594000,2026-03-15 17:00:00,2,311.25,0,3.97,23.66,0.93,19.45,26.23,2.21
1773597600,2026-03-15 18:00:00,2,314.24,0.01,3.88,18.37,0.84,19.7,26.29,2.29
1773601200,2026-03-15 19:00:00,2,315.77,0.02,3.77,15.14,0.81,19.83,26.35,2.39
1773604800,2026-03-15 20:00:00,2,315.84,0.03,3.63,15.06,0.82,19.87,26.68,2.54
1773608400,2026-03-15 21:00:00,2,315.9,0.04,3.55,18.57,0.86,20.03,27.6,2.71
1773612000,2026-03-15 22:00:00,2,315.68,0.05,3.5,26.98,0.93,20.17,28.82,2.83
1773615600,2026-03-15 23:00:00,2,319.71,0.07,3.53,33.19,1.02,20.34,29.27,2.91
1773619200,2026-03-16 00:00:00,2,335.31,0.17,3.83,37.78,1.3,20.87,30.28,3.21
1773622800,2026-03-16 01:00:00,2,360.53,0.73,3.8,40.05,1.6,21.42,31.58,3.3
1773626400,2026-03-16 02:00:00,2,376.68,1.42,3.24,38.3,1.65,21.1,31.77,2.81
1773630000,2026-03-16 03:00:00,2,369.1,1.24,3.01,42.69,1.61,20.22,30.91,2.5
1773633600,2026-03-16 04:00:00,2,186.27,0.11,0.96,89.08,1.18,8.39,16.56,0.76
1773637200,2026-03-16 05:00:00,2,167.6,0.07,0.7,91.15,1.03,7.15,14.22,0.76
1773640800,2026-03-16 06:00:00,2,166.04,0.06,0.77,89.46,1.08,7.32,13.88,0.9
1773644400,2026-03-16 07:00:00,2,168.1,0.07,0.83,88.99,1.14,7.56,13.82,1.01
1773648000,2026-03-16 08:00:00,2,168.65,0.09,0.84,88.33,1.21,8,14.16,1.08
1773651600,2026-03-16 09:00:00,2,169.2,0.1,0.89,87.68,1.28,8.63,15.01,1.15
1773655200,2026-03-16 10:00:00,2,172.21,0.09,1.2,84.29,1.38,9.17,15.96,1.27
1773658800,2026-03-16 11:00:00,2,178.03,0.03,1.74,78.21,1.47,9.4,16.62,1.31
1773662400,2026-03-16 12:00:00,2,183.38,0,2.02,73.56,1.48,9.3,16.94,1.19
1773666000,2026-03-16 13:00:00,2,192.92,0,2.43,68.22,1.51,9.18,17.66,1.19
1773669600,2026-03-16 14:00:00,2,210.65,0,2.9,63.38,1.58,9.41,19.15,1.4
1773673200,2026-03-16 15:00:00,2,224.81,0,3.12,60.09,1.62,9.67,20.68,1.73
1773676800,2026-03-16 16:00:00,2,234.14,0,3.22,51.26,1.45,10.02,21.45,1.95
1773680400,2026-03-16 17:00:00,2,241.56,0,3.22,39.05,1.1,10.36,21.27,1.83
1773684000,2026-03-16 18:00:00,2,246.9,0,3.14,30.07,0.89,10.69,21.15,1.75
1773687600,2026-03-16 19:00:00,2,251.83,0,3.04,23.75,0.78,11.07,21,1.67
1773691200,2026-03-16 20:00:00,2,253.23,0.01,2.91,20.43,0.73,11.26,20.36,1.54
1773694800,2026-03-16 21:00:00,2,249.41,0.01,2.72,19.52,0.73,11.11,19.69,1.38
1773698400,2026-03-16 22:00:00,2,240.47,0,2.52,20.54,0.79,10.33,18.47,1.23
1773702000,2026-03-16 23:00:00,1,238.6,0,2.45,20.48,0.86,9.96,18.03,1.18
1773705600,2026-03-17 00:00:00,2,244.76,0.04,2.57,21.29,1.05,10.13,18.88,1.19
1773709200,2026-03-17 01:00:00,2,254.01,0.32,2.59,23.59,1.3,10.07,19.56,1.2
1773712800,2026-03-17 02:00:00,1,261.37,0.45,2.73,25.44,1.48,9.68,19.07,1.34
1773716400,2026-03-17 03:00:00,1,255.54,0.31,2.72,31,1.62,9.09,17.98,1.58
1773720000,2026-03-17 04:00:00,2,192.31,0.08,1.29,70.87,1.11,6.75,13.36,1.01
1773723600,2026-03-17 05:00:00,2,186.89,0.07,0.93,77.54,0.93,6.45,11.83,0.97
1773727200,2026-03-17 06:00:00,2,188.31,0.08,0.87,78.59,0.94,6.93,11.98,1.06
1773730800,2026-03-17 07:00:00,2,195.71,0.08,0.98,79.88,1,7.8,12.81,1.18
1773734400,2026-03-17 08:00:00,2,200.63,0.11,1.08,80.1,1.17,8.63,13.75,1.35
1773738000,2026-03-17 09:00:00,2,199.28,0.13,1.21,80.17,1.33,8.93,14.32,1.49
1773741600,2026-03-17 10:00:00,2,195.08,0.12,1.63,74.19,1.49,8.87,14.95,1.61
1773745200,2026-03-17 11:00:00,2,196.7,0.04,2.31,64.8,1.58,8.92,15.97,1.55
1773748800,2026-03-17 12:00:00,1,200.56,0,2.64,57.67,1.57,9.03,16.95,1.32
1773752400,2026-03-17 13:00:00,1,209.68,0,3.01,49.88,1.52,9.31,18.06,1.31
1773756000,2026-03-17 14:00:00,2,228.58,0,3.41,42.2,1.48,10.07,19.76,1.51
1773759600,2026-03-17 15:00:00,2,246.16,0,3.6,36.2,1.47,10.98,21.37,1.81
1773763200,2026-03-17 16:00:00,2,258.25,0,3.67,30.64,1.39,11.64,22.08,2.1
1773766800,2026-03-17 17:00:00,2,262.55,0,3.6,24.97,1.15,11.8,21.6,2.16
1773770400,2026-03-17 18:00:00,2,264.42,0.01,3.49,20.6,0.99,11.93,21.08,2.28
1773774000,2026-03-17 19:00:00,2,265.26,0.01,3.37,17.73,0.91,12.13,20.7,2.39
1773777600,2026-03-17 20:00:00,2,264.36,0.01,3.23,16.9,0.88,12.36,20.52,2.45
1773781200,2026-03-17 21:00:00,2,263.46,0.01,3.15,17.6,0.88,12.58,20.45,2.53
1773784800,2026-03-17 22:00:00,2,263.66,0.01,3.05,18.54,0.88,12.77,20.38,2.37
1773788400,2026-03-17 23:00:00,2,267.74,0.02,2.89,16.77,0.86,13.15,20.44,1.87
1773792000,2026-03-18 00:00:00,2,285.42,0.15,2.94,14.31,1.03,14.18,21.41,1.72
1773795600,2026-03-18 01:00:00,2,313.44,1.07,2.44,13.25,1.3,15.36,23.16,1.74
1773799200,2026-03-18 02:00:00,2,331.33,1.5,2.59,15.16,1.55,16.19,24.96,1.96
1773802800,2026-03-18 03:00:00,2,331.47,1.02,3.12,23.19,1.8,16.93,26.31,2.39
1773806400,2026-03-18 04:00:00,2,254.41,0.14,1.9,69.5,1.94,13.75,21.71,1.76
1773810000,2026-03-18 05:00:00,2,248.78,0.13,1.39,76.25,1.83,14.17,21.56,1.8
1773813600,2026-03-18 06:00:00,2,244.2,0.14,1.24,78.31,1.92,15.05,22.42,1.9
1773817200,2026-03-18 07:00:00,2,244.48,0.16,1.33,70.17,1.93,16.37,23.73,1.87
1773820800,2026-03-18 08:00:00,2,244.36,0.18,1.47,56.69,1.83,17.27,24.66,1.73
1773824400,2026-03-18 09:00:00,2,241.85,0.18,1.7,50.14,1.86,17.35,24.96,1.76
1773828000,2026-03-18 10:00:00,2,237.57,0.15,2.2,48.75,1.99,16.71,24.57,2.1
1773831600,2026-03-18 11:00:00,2,237.33,0.04,2.63,41.9,1.85,16.12,24.18,1.77
1773835200,2026-03-18 12:00:00,2,239.16,0,2.74,37.16,1.69,15.7,23.83,1.4
1773838800,2026-03-18 13:00:00,2,243.81,0,2.93,34.07,1.59,15.33,23.68,1.3
1773842400,2026-03-18 14:00:00,2,254.77,0,3.12,29.36,1.48,15.45,23.87,1.41
1773846000,2026-03-18 15:00:00,2,265.93,0,3.16,24.9,1.38,15.86,24.22,1.53
1773849600,2026-03-18 16:00:00,2,274.51,0.01,3.17,21.06,1.24,15.92,23.99,1.62
1773853200,2026-03-18 17:00:00,2,278.03,0.01,3.17,17.95,1.03,15.82,23.12,1.62
1773856800,2026-03-18 18:00:00,2,279.49,0.01,3.16,15.32,0.9,15.76,22.41,1.67
1773860400,2026-03-18 19:00:00,2,286.5,0.02,3.19,12.38,0.81,15.96,22.09,1.83
1773864000,2026-03-18 20:00:00,2,297.33,0.03,3.3,9.63,0.76,16.32,22.2,2.09
1773867600,2026-03-18 21:00:00,2,307.82,0.05,3.47,7.93,0.78,16.67,22.58,2.41
1773871200,2026-03-18 22:00:00,2,318.35,0.07,3.68,6.92,0.82,17.16,23.34,2.58
1773874800,2026-03-18 23:00:00,2,326.84,0.08,3.79,6.47,0.91,17.49,23.99,2.53
1773878400,2026-03-19 00:00:00,2,345.74,0.11,4.2,6.22,1.23,18.16,25.26,2.72
1773882000,2026-03-19 01:00:00,2,367.6,0.31,4.73,6.81,1.6,18.19,26.08,2.69
1773885600,2026-03-19 02:00:00,2,379.48,0.83,4.32,8.7,1.71,17.27,25.86,2.27
1773889200,2026-03-19 03:00:00,2,366.55,0.93,3.6,13.95,1.69,15.59,23.98,2.1
1773892800,2026-03-19 04:00:00,2,251.76,0.18,1.98,55.12,1.55,10.16,16.26,1.35
1773896400,2026-03-19 05:00:00,2,233.3,0.11,1.52,61.97,1.46,10.12,15.89,1.4
1773900000,2026-03-19 06:00:00,2,230.23,0.09,1.54,63.03,1.52,10.5,16.33,1.55
1773903600,2026-03-19 07:00:00,2,240.1,0.1,1.52,67.35,1.54,11.36,17.17,1.7
1773907200,2026-03-19 08:00:00,2,249.74,0.14,1.37,71.69,1.55,12.51,18.35,1.8
1773910800,2026-03-19 09:00:00,2,251.63,0.16,1.32,74.01,1.55,13.3,19.51,1.81
1773914400,2026-03-19 10:00:00,2,246.98,0.15,1.67,69.99,1.63,13.73,20.73,1.8
1773918000,2026-03-19 11:00:00,2,243.54,0.04,2.31,61.03,1.68,13.97,21.92,1.68
1773921600,2026-03-19 12:00:00,2,242.09,0,2.61,53.7,1.64,14.1,22.85,1.35
1773925200,2026-03-19 13:00:00,2,239.69,0,2.76,43.29,1.44,14.13,23.46,1.01
1773928800,2026-03-19 14:00:00,2,246.63,0,2.89,33.14,1.27,14.67,24.36,1.03
1773932400,2026-03-19 15:00:00,2,256.87,0,2.9,26.29,1.21,15.52,25.01,1.2
1773936000,2026-03-19 16:00:00,2,265.51,0.01,2.91,21.21,1.15,16.29,25.24,1.38
1773939600,2026-03-19 17:00:00,2,271.66,0.02,2.9,17.67,1,16.82,25.22,1.4
1773943200,2026-03-19 18:00:00,2,274.88,0.02,2.85,15.32,0.89,17.23,25.2,1.42
1773946800,2026-03-19 19:00:00,2,279.45,0.03,2.8,13.61,0.84,17.72,25.37,1.49
1773950400,2026-03-19 20:00:00,2,285.38,0.03,2.81,12.95,0.83,18.27,25.78,1.65
1773954000,2026-03-19 21:00:00,2,289.94,0.02,2.88,13.39,0.84,18.76,26.22,1.92
1773957600,2026-03-19 22:00:00,2,296.28,0.01,2.98,14.63,0.84,19.23,26.77,2.16
1773961200,2026-03-19 23:00:00,2,308.92,0.02,2.99,14.05,0.85,19.97,27.6,2.11
1773964800,2026-03-20 00:00:00,2,340.59,0.15,3.33,12.46,1.17,21.55,29.74,2.45
1773968400,2026-03-20 01:00:00,2,381.65,0.79,3.63,11.58,1.61,22.7,31.75,2.78
1773972000,2026-03-20 02:00:00,2,399.78,1.15,3.78,12.77,1.73,22.96,32.67,2.46
1773975600,2026-03-20 03:00:00,2,386.28,0.71,3.9,18.51,1.72,22.56,31.99,2.26
1773979200,2026-03-20 04:00:00,2,324.88,0.11,2.72,59.44,1.88,21.68,29.67,2.1
1773982800,2026-03-20 05:00:00,2,310.03,0.11,1.99,67.16,1.8,22.22,29.55,2.11
1773986400,2026-03-20 06:00:00,2,303.04,0.12,1.72,69.15,1.81,22.55,29.64,2.14
1773990000,2026-03-20 07:00:00,2,307.41,0.12,1.57,73.7,1.79,23.83,30.73,2.23
1773993600,2026-03-20 08:00:00,2,304.33,0.13,1.55,74.53,1.85,24.34,31.42,2.22
1773997200,2026-03-20 09:00:00,2,293.97,0.14,1.69,72.68,1.93,23.75,31.37,2.15
1774000800,2026-03-20 10:00:00,2,283.22,0.11,2.17,64.69,1.98,22.45,30.79,2.02
1774004400,2026-03-20 11:00:00,2,279.66,0.03,2.82,54.09,1.92,21.65,30.76,1.69
1774008000,2026-03-20 12:00:00,2,280.85,0,3.09,46.38,1.81,21.4,31.11,1.26
1774011600,2026-03-20 13:00:00,2,284.08,0,3.39,39.98,1.72,20.99,31.24,1.21
1774015200,2026-03-20 14:00:00,2,296.73,0,3.76,34.44,1.67,21.04,31.82,1.39
1774018800,2026-03-20 15:00:00,2,309.78,0,3.93,30.06,1.62,21.49,32.51,1.6
1774022400,2026-03-20 16:00:00,2,318.79,0,4,26.55,1.53,21.74,32.64,1.79
1774026000,2026-03-20 17:00:00,2,321.31,0,4.04,23.94,1.36,21.41,32.04,1.89
1774029600,2026-03-20 18:00:00,2,318.66,0,3.97,22.21,1.2,20.69,31,1.96
1774033200,2026-03-20 19:00:00,2,315.6,0,3.83,20.49,1.06,20.24,30.08,1.94
1774036800,2026-03-20 20:00:00,2,310.41,0,3.64,18.55,0.93,19.92,29.21,1.74
1774040400,2026-03-20 21:00:00,2,302.46,0.01,3.46,17.66,0.88,19.37,28.34,1.54
1774044000,2026-03-20 22:00:00,2,296.13,0.01,3.38,17.41,0.89,18.67,27.31,1.43
1774047600,2026-03-20 23:00:00,2,292.27,0.02,3.36,16.91,0.93,18.09,26.47,1.4
1774051200,2026-03-21 00:00:00,2,291.69,0.02,3.39,16.86,1.06,17.76,26.21,1.39
1774054800,2026-03-21 01:00:00,2,284.22,0.03,3.31,18.81,1.22,16.82,24.88,1.18
1774058400,2026-03-21 02:00:00,2,273.34,0.03,2.99,20.73,1.23,15.41,22.44,0.99
1774062000,2026-03-21 03:00:00,2,258.16,0.03,2.51,23.21,1.19,13.93,19.93,0.9
1774065600,2026-03-21 04:00:00,2,221.32,0.06,2.19,35.18,1.26,10.48,15.37,0.89
1774069200,2026-03-21 05:00:00,1,202.83,0.1,1.74,38.86,1.13,9.3,13.23,0.8
1774072800,2026-03-21 06:00:00,1,189.55,0.1,1.43,42.31,1.03,8.75,12.07,0.74
1774076400,2026-03-21 07:00:00,1,181.15,0.08,1.3,45.6,0.96,8.35,11.41,0.74
1774080000,2026-03-21 08:00:00,1,176.23,0.06,1.41,46.47,0.98,8.35,11.39,0.81
1774083600,2026-03-21 09:00:00,1,172.36,0.04,1.62,46.76,1.03,8.28,11.38,0.89
1774087200,2026-03-21 10:00:00,1,171.43,0.03,1.9,46.71,1.11,8.12,11.53,0.95
1774090800,2026-03-21 11:00:00,1,173.28,0.01,2.17,45.23,1.19,7.94,11.74,0.94
1774094400,2026-03-21 12:00:00,1,175.99,0,2.32,43.52,1.22,7.73,11.86,0.93
1774098000,2026-03-21 13:00:00,1,179.97,0,2.49,41.03,1.26,7.61,12.04,0.99
1774101600,2026-03-21 14:00:00,1,188.3,0,2.67,37.84,1.28,7.66,12.39,1.11
1774105200,2026-03-21 15:00:00,1,195.79,0,2.74,34.61,1.25,7.69,12.57,1.21
1774108800,2026-03-21 16:00:00,1,199.67,0,2.7,30.56,1.13,7.63,12.5,1.26
1774112400,2026-03-21 17:00:00,1,199.58,0,2.6,26.55,0.98,7.55,12.27,1.28
1774116000,2026-03-21 18:00:00,1,198.12,0,2.52,23.99,0.91,7.49,12.16,1.36
1774119600,2026-03-21 19:00:00,1,196.49,0.01,2.4,21.09,0.85,7.51,12.02,1.41
1774123200,2026-03-21 20:00:00,1,195.92,0.02,2.22,17.69,0.78,7.59,11.85,1.34
1774126800,2026-03-21 21:00:00,1,195.86,0.04,2.09,15.49,0.74,7.68,11.75,1.26
1774130400,2026-03-21 22:00:00,1,197.26,0.05,2.04,14.27,0.74,7.84,11.93,1.22
1774134000,2026-03-21 23:00:00,1,199.58,0.07,2.05,13.47,0.77,8.04,12.29,1.24
1774137600,2026-03-22 00:00:00,1,207.08,0.08,2.18,12.81,0.88,8.38,12.99,1.33
1774141200,2026-03-22 01:00:00,1,216.31,0.13,2.41,12.87,1.02,8.7,13.45,1.3
1774144800,2026-03-22 02:00:00,1,221.22,0.28,2.3,14.02,1.09,8.86,13.52,1.18
1774148400,2026-03-22 03:00:00,1,221.65,0.39,2.03,16.59,1.14,8.91,13.36,1.11
1774152000,2026-03-22 04:00:00,1,206.11,0.13,1.45,43.62,0.94,6.39,9.3,1
1774155600,2026-03-22 05:00:00,1,218.97,0.09,1.1,52.06,0.84,6.31,8.67,1.03
1774159200,2026-03-22 06:00:00,1,218.69,0.07,1.08,53.54,0.88,6.59,8.93,1.12
1774162800,2026-03-22 07:00:00,1,217.15,0.07,1.13,53.78,0.95,6.84,9.41,1.19
1774166400,2026-03-22 08:00:00,1,211.28,0.08,1.19,52.18,1.01,6.93,9.82,1.18
1774170000,2026-03-22 09:00:00,1,202.16,0.08,1.32,49.8,1.04,6.81,10.06,1.11
1774173600,2026-03-22 10:00:00,1,192.19,0.06,1.58,46.29,1.08,6.67,10.32,1.07
1774177200,2026-03-22 11:00:00,1,188.36,0.02,1.96,42.56,1.15,6.77,10.94,1.05
1774180800,2026-03-22 12:00:00,1,187.6,0,2.19,39.69,1.18,6.99,11.67,1.02
1774184400,2026-03-22 13:00:00,1,187.98,0,2.36,36.35,1.19,7.28,12.47,1
1774188000,2026-03-22 14:00:00,1,193.11,0,2.5,32.63,1.18,7.73,13.39,1.04
1774191600,2026-03-22 15:00:00,1,198.78,0,2.56,29.44,1.13,8.16,14.1,1.09
1774195200,2026-03-22 16:00:00,1,202.03,0,2.5,25.41,1.03,8.45,14.43,1.15
1774198800,2026-03-22 17:00:00,1,203.04,0.01,2.42,22.2,0.92,8.65,14.55,1.27
1774202400,2026-03-22 18:00:00,1,204.05,0.01,2.51,20.96,0.97,8.85,14.8,1.6
1774206000,2026-03-22 19:00:00,1,207.12,0.01,2.73,20.57,1.09,9.07,15.1,2.06
1774209600,2026-03-22 20:00:00,1,210.19,0.02,2.66,18.1,1.07,9.33,15.42,1.88
1774213200,2026-03-22 21:00:00,1,213.43,0.03,2.57,15.67,1.03,9.62,15.78,1.53
1774216800,2026-03-22 22:00:00,1,216.9,0.04,2.56,14.17,1.05,9.88,16.14,1.34
1774220400,2026-03-22 23:00:00,1,220.77,0.05,2.58,13.25,1.11,9.98,16.29,1.26
1774224000,2026-03-23 00:00:00,2,230.15,0.05,2.76,12.65,1.25,10.15,16.67,1.25
1774227600,2026-03-23 01:00:00,1,237.58,0.05,3.09,14.94,1.47,9.76,16.6,1.29
1774231200,2026-03-23 02:00:00,1,242.17,0.13,3.1,15.28,1.6,9.28,16.32,1.27
1774234800,2026-03-23 03:00:00,1,242.81,0.22,2.84,16.43,1.67,8.74,15.81,1.28
1774238400,2026-03-23 04:00:00,1,243.79,0.07,2.47,32.21,1.44,8.1,14.12,1.25
1774242000,2026-03-23 05:00:00,1,252.41,0.04,2.12,41.95,1.24,8.05,12.98,1.25
1774245600,2026-03-23 06:00:00,1,258.74,0.05,2.02,46.33,1.22,7.99,12.42,1.32
1774249200,2026-03-23 07:00:00,1,280.49,0.07,1.85,53.28,1.23,8.32,12.39,1.41
1774252800,2026-03-23 08:00:00,1,296.98,0.13,1.67,58.65,1.34,9.51,13.67,1.51
1774256400,2026-03-23 09:00:00,2,297.13,0.15,1.6,61.61,1.45,10.63,15.33,1.56
1774260000,2026-03-23 10:00:00,2,285.77,0.13,1.93,56.85,1.57,11.38,16.97,1.56
1774263600,2026-03-23 11:00:00,2,274.82,0.04,2.54,47.29,1.64,11.94,18.46,1.38
1774267200,2026-03-23 12:00:00,2,268.2,0,2.81,40.17,1.63,12.38,19.62,1.19
1774270800,2026-03-23 13:00:00,2,259.75,0,2.91,34.11,1.53,12.32,20.03,1.1
1774274400,2026-03-23 14:00:00,2,257.35,0,2.93,28.64,1.41,12.25,20.23,1.07
1774278000,2026-03-23 15:00:00,2,260.26,0,2.88,24.5,1.31,12.5,20.43,1.1
1774281600,2026-03-23 16:00:00,2,265.19,0.01,2.82,20.25,1.17,12.89,20.57,1.19
1774285200,2026-03-23 17:00:00,2,271.26,0.01,2.79,16.04,0.98,13.32,20.78,1.27
1774288800,2026-03-23 18:00:00,2,273.74,0.03,2.76,13.04,0.87,13.64,21.12,1.39
1774292400,2026-03-23 19:00:00,2,280.31,0.04,2.76,10.65,0.81,14.13,21.45,1.53
1774296000,2026-03-23 20:00:00,2,289.27,0.05,2.84,9.03,0.79,14.74,21.74,1.66
1774299600,2026-03-23 21:00:00,2,298.23,0.04,2.97,8.45,0.8,15.32,22.07,1.78
1774303200,2026-03-23 22:00:00,2,305.22,0.03,3.08,9.25,0.84,15.75,22.28,1.81
1774306800,2026-03-23 23:00:00,2,314.02,0.04,3.09,9.54,0.9,16.16,22.43,1.77
1774310400,2026-03-24 00:00:00,2,334.88,0.14,3.21,9.26,1.13,17.08,23.35,1.82
1774314000,2026-03-24 01:00:00,2,358.57,0.6,3.24,9.41,1.45,17.85,24.61,1.82
1774317600,2026-03-24 02:00:00,2,369.49,0.72,3.64,10.13,1.67,17.94,25.51,1.77
1774321200,2026-03-24 03:00:00,2,360.56,0.34,4.16,12.68,1.89,17.32,25.16,1.94
1774324800,2026-03-24 04:00:00,2,308.37,0.08,3.07,47.31,2.03,15.64,22.64,1.9
1774328400,2026-03-24 05:00:00,2,298.25,0.07,2.28,56.09,1.8,14.61,20.66,1.79
1774332000,2026-03-24 06:00:00,2,293.91,0.08,1.92,59.59,1.74,14.21,20.08,1.76
1774335600,2026-03-24 07:00:00,2,292.96,0.1,1.75,62.06,1.77,14.64,20.61,1.74
1774339200,2026-03-24 08:00:00,2,289.67,0.15,1.7,62.43,1.86,15.32,21.57,1.74
1774342800,2026-03-24 09:00:00,2,281.65,0.17,1.77,61.55,1.94,15.66,22.43,1.71
1774346400,2026-03-24 10:00:00,2,272,0.15,2.16,56.62,1.98,15.74,23.3,1.67
1774350000,2026-03-24 11:00:00,2,266.94,0.05,2.84,49.22,2.02,15.84,24.25,1.53
1774353600,2026-03-24 12:00:00,2,264.91,0,3.21,43.37,2,15.94,25.02,1.35
1774357200,2026-03-24 13:00:00,2,267.13,0,3.43,35.02,1.79,16.25,26.03,1.18
1774360800,2026-03-24 14:00:00,2,277.04,0,3.55,26.55,1.57,17.06,27.38,1.26
1774364400,2026-03-24 15:00:00,2,288.54,0.01,3.53,20.9,1.45,18.01,28.17,1.45
1774368000,2026-03-24 16:00:00,2,300.64,0.01,3.57,16.4,1.32,18.49,28.14,1.7
1774371600,2026-03-24 17:00:00,2,310.74,0.02,3.65,12.99,1.11,18.79,28.05,1.9
1774375200,2026-03-24 18:00:00,2,315.36,0.04,3.6,10.71,0.95,19.05,28.11,2.07
1774378800,2026-03-24 19:00:00,2,318.88,0.05,3.51,8.99,0.87,19.24,28.47,2.26
1774382400,2026-03-24 20:00:00,2,322.32,0.06,3.45,8.1,0.85,19.47,29.06,2.5
1774386000,2026-03-24 21:00:00,2,326.11,0.05,3.5,8.23,0.9,19.79,29.69,2.82
1774389600,2026-03-24 22:00:00,2,327.89,0.03,3.63,9.84,0.98,19.88,29.94,2.89
1774393200,2026-03-24 23:00:00,2,328.69,0.03,3.64,10.86,1.05,19.64,29.6,2.55
1774396800,2026-03-25 00:00:00,2,335.33,0.04,3.86,11.06,1.31,19.61,29.7,2.35
1774400400,2026-03-25 01:00:00,2,340.94,0.11,4.11,11.42,1.59,18.92,29.08,2.02
1774404000,2026-03-25 02:00:00,2,344.81,0.31,3.94,12.25,1.72,17.78,28.02,1.77
1774407600,2026-03-25 03:00:00,2,330.54,0.32,3.32,16.24,1.69,16.01,25.71,1.63
1774411200,2026-03-25 04:00:00,2,266.67,0.16,2.14,35.9,1.57,13.49,21.7,1.2
1774414800,2026-03-25 05:00:00,2,250.69,0.17,1.74,40.93,1.47,13.14,20.39,1.16
1774418400,2026-03-25 06:00:00,2,243.46,0.17,1.57,44.41,1.46,12.92,19.69,1.22
1774422000,2026-03-25 07:00:00,2,242.81,0.12,1.44,52.21,1.43,12.11,18.34,1.29
1774425600,2026-03-25 08:00:00,2,241.77,0.14,1.45,54.45,1.5,12.45,18.67,1.36
1774429200,2026-03-25 09:00:00,2,235.66,0.16,1.58,54.48,1.6,12.75,19.26,1.4
1774432800,2026-03-25 10:00:00,2,227.36,0.14,1.98,50.31,1.66,12.84,19.89,1.38
1774436400,2026-03-25 11:00:00,2,224.95,0.04,2.6,43.3,1.66,12.85,20.47,1.26
1774440000,2026-03-25 12:00:00,2,225.94,0,2.88,38.02,1.61,12.81,20.84,1.12
1774443600,2026-03-25 13:00:00,2,225.82,0,2.97,32.71,1.48,12.31,20.49,1.07
1774447200,2026-03-25 14:00:00,2,229.9,0,2.96,27.29,1.38,12.26,20.49,1.12
1774450800,2026-03-25 15:00:00,2,236.91,0,2.91,23.45,1.34,12.6,20.77,1.28
1774454400,2026-03-25 16:00:00,2,242.34,0.01,2.9,20.87,1.31,12.97,20.85,1.51
1774458000,2026-03-25 17:00:00,2,244.45,0.01,2.86,19.02,1.21,13.29,20.78,1.66
1774461600,2026-03-25 18:00:00,2,245.71,0.01,2.86,17.57,1.14,13.6,20.83,1.84
1774465200,2026-03-25 19:00:00,2,251.06,0.02,2.96,16.64,1.14,14.01,20.95,2.18
1774468800,2026-03-25 20:00:00,2,259.11,0.02,3.22,16.53,1.21,14.44,21.21,2.69
1774472400,2026-03-25 21:00:00,2,270.09,0.01,3.54,16.75,1.29,14.84,21.5,3.19
1774476000,2026-03-25 22:00:00,2,280.94,0.01,3.85,16.66,1.36,15.26,21.83,3.64
1774479600,2026-03-25 23:00:00,2,289.8,0.01,3.95,14.99,1.39,15.91,22.41,3.67
1774483200,2026-03-26 00:00:00,2,304.68,0.07,3.74,11.98,1.44,16.91,23.6,2.77
1774486800,2026-03-26 01:00:00,2,321.75,0.35,3.48,9.86,1.54,17.72,24.61,1.83
1774490400,2026-03-26 02:00:00,2,331.65,0.59,3.43,11.41,1.65,18.07,24.94,1.73
1774494000,2026-03-26 03:00:00,2,333.97,0.6,3.27,17.33,1.74,18.22,24.95,1.76
1774497600,2026-03-26 04:00:00,2,334,0.16,2.44,46.38,1.46,18.76,24.26,1.83
1774501200,2026-03-26 05:00:00,2,336.49,0.13,1.79,59.15,1.39,20.47,25.55,1.98
1774504800,2026-03-26 06:00:00,2,333.92,0.14,1.58,64.39,1.49,21.77,26.8,2.05
1774508400,2026-03-26 07:00:00,2,336.7,0.16,1.46,70.76,1.63,23.96,29.03,2.15
1774512000,2026-03-26 08:00:00,3,331.65,0.17,1.42,76.36,1.82,25.8,31.05,2.24
1774515600,2026-03-26 09:00:00,3,318.42,0.18,1.5,81.61,1.98,25.91,31.54,2.28
1774519200,2026-03-26 10:00:00,2,305.43,0.16,1.95,75.24,2.02,24.86,31.11,2.19
1774522800,2026-03-26 11:00:00,2,301.16,0.05,2.73,60.78,1.99,24.13,31.17,2.01
1774526400,2026-03-26 12:00:00,2,301.74,0,3.1,49.83,1.88,23.81,31.56,1.55
1774530000,2026-03-26 13:00:00,2,304.23,0,3.45,38.56,1.73,23.39,32,1.34
1774533600,2026-03-26 14:00:00,2,321.59,0,3.86,28.18,1.59,23.99,33.3,1.49
1774537200,2026-03-26 15:00:00,3,341.08,0,4.1,20.7,1.55,25.3,34.83,1.86
1774540800,2026-03-26 16:00:00,3,358.63,0.01,4.32,15.66,1.52,26.7,35.95,2.37
1774544400,2026-03-26 17:00:00,3,370.76,0.02,4.48,12.87,1.35,27.79,36.61,2.79
1774548000,2026-03-26 18:00:00,3,379.84,0.03,4.53,11.68,1.22,28.7,36.88,3.3
1774551600,2026-03-26 19:00:00,3,387.28,0.05,4.49,11.13,1.17,29.76,37.16,3.85
1774555200,2026-03-26 20:00:00,3,392.07,0.07,4.28,9.21,1.12,30.84,37.64,3.92
1774558800,2026-03-26 21:00:00,3,395.16,0.09,4.22,7.41,1.2,31.64,38.14,4.27
1774562400,2026-03-26 22:00:00,3,394.67,0.09,4.38,6.66,1.4,31.99,38.43,5.16
1774566000,2026-03-26 23:00:00,3,395.76,0.1,4.25,6.03,1.36,32.44,38.86,4.3
1774569600,2026-03-27 00:00:00,3,408.85,0.24,4.32,5.43,1.49,33.52,40.2,3.34
1774573200,2026-03-27 01:00:00,3,435.11,0.73,4.62,5.36,1.75,34.66,42.28,2.99
1774576800,2026-03-27 02:00:00,3,474.88,1.4,5.04,7.52,2.12,35.97,45.41,3.36
1774580400,2026-03-27 03:00:00,3,504.7,1.53,5.55,14.14,2.57,37.28,48.31,4.36
1774584000,2026-03-27 04:00:00,3,524.97,0.97,6,51.44,3.14,38.61,49.91,5.46
1774587600,2026-03-27 05:00:00,3,509.06,0.78,5.28,56.23,2.82,39.16,49.38,4.51
1774591200,2026-03-27 06:00:00,3,470.63,0.51,4.44,61.18,2.72,38.82,47.84,3.79
1774594800,2026-03-27 07:00:00,3,394.8,0.22,2.61,73.54,2.62,37.56,44.71,2.58
1774598400,2026-03-27 08:00:00,3,381.35,0.16,2.15,77.21,2.57,38.3,45.46,2.46
1774602000,2026-03-27 09:00:00,3,369.84,0.13,2.17,78.6,2.62,37.65,45.37,2.43
1774605600,2026-03-27 10:00:00,3,353.45,0.11,2.55,66.07,2.4,35.92,44.55,2.1
1774609200,2026-03-27 11:00:00,3,346.56,0.03,3.17,49.1,2.13,34.98,44.65,1.66
1774612800,2026-03-27 12:00:00,3,345.69,0,3.47,38.54,2.01,34.63,45.27,1.45
1774616400,2026-03-27 13:00:00,3,350.21,0,4,30.8,1.98,33.96,45.78,1.62
1774620000,2026-03-27 14:00:00,3,370.01,0,4.67,24.28,1.95,34.13,47.35,1.94
1774623600,2026-03-27 15:00:00,3,390.53,0,5.04,19.23,1.93,35.07,49.48,2.38
1774627200,2026-03-27 16:00:00,3,407.21,0.01,5.24,15.23,1.88,36.14,50.94,2.91
1774630800,2026-03-27 17:00:00,3,415.95,0.02,5.36,12.14,1.65,36.86,51.69,3.18
1774634400,2026-03-27 18:00:00,3,419.24,0.03,5.34,10.09,1.39,37.08,51.99,3.39
1774638000,2026-03-27 19:00:00,3,418.37,0.03,5.1,8.69,1.17,37.47,51.92,3.37
1774641600,2026-03-27 20:00:00,3,416.75,0.04,4.83,7.86,1.03,37.96,51.72,3.12
1774645200,2026-03-27 21:00:00,3,412.74,0.05,4.62,7.65,0.96,38.17,51.54,2.9
1774648800,2026-03-27 22:00:00,3,406.17,0.06,4.37,7.78,0.92,37.38,50.47,2.6
1774652400,2026-03-27 23:00:00,3,401.81,0.07,3.99,7.6,0.9,36.52,48.78,2.29
1774656000,2026-03-28 00:00:00,3,404.62,0.11,3.83,7.31,1.04,36.4,47.22,2.13
1774659600,2026-03-28 01:00:00,3,403.26,0.37,3.86,8.35,1.32,35.55,45.5,1.89
1774663200,2026-03-28 02:00:00,3,398.42,0.56,4.01,11.05,1.57,34.08,44.36,1.71
1774666800,2026-03-28 03:00:00,3,388.53,0.44,4.04,17.8,1.73,32.39,42.48,1.74
1774670400,2026-03-28 04:00:00,3,357.97,0.08,2.83,65.22,1.9,31.82,40.48,2.26
1774674000,2026-03-28 05:00:00,3,351.96,0.06,2.43,71.36,1.8,33.16,41.24,2.58
1774677600,2026-03-28 06:00:00,3,349,0.06,2.4,72.56,1.84,33.39,41.34,2.86
1774681200,2026-03-28 07:00:00,3,350.68,0.13,2.2,78.87,1.91,34.41,42.18,3.17
1774684800,2026-03-28 08:00:00,3,340.95,0.18,1.79,84.87,1.93,33.88,41.52,3.1
1774688400,2026-03-28 09:00:00,3,324.04,0.15,1.5,87.22,1.85,32.23,40.16,2.78
1774692000,2026-03-28 10:00:00,3,308.67,0.09,1.79,80.02,1.83,31.2,40.14,2.48
1774695600,2026-03-28 11:00:00,3,302.63,0.02,2.51,66.94,1.87,30.94,41.22,2.14
1774699200,2026-03-28 12:00:00,3,301.08,0,2.9,56.81,1.81,30.83,42.11,1.64
1774702800,2026-03-28 13:00:00,3,298.01,0,3.26,46.04,1.67,29.99,42.05,1.34
1774706400,2026-03-28 14:00:00,3,305.8,0,3.61,35.75,1.51,29.79,42.56,1.44
1774710000,2026-03-28 15:00:00,3,317.03,0,3.79,28.35,1.42,30.18,43.22,1.75
1774713600,2026-03-28 16:00:00,3,323.18,0,3.78,22.86,1.32,30.18,42.95,2.07
1774717200,2026-03-28 17:00:00,3,319.78,0,3.62,19.59,1.18,29.53,41.99,2.18
1774720800,2026-03-28 18:00:00,3,311.27,0.01,3.42,18.44,1.14,28.66,41.01,2.29
1774724400,2026-03-28 19:00:00,3,300.22,0.01,3.16,19.12,1.19,28.29,40.41,2.29
1774728000,2026-03-28 20:00:00,3,296.16,0.01,2.98,19.29,1.19,28.43,40.2,2.25
1774731600,2026-03-28 21:00:00,3,293.96,0.01,2.87,19.41,1.2,28.48,39.84,2.2
1774735200,2026-03-28 22:00:00,3,291.69,0.01,2.79,19.31,1.2,28.44,39.47,2.01
1774738800,2026-03-28 23:00:00,3,292.4,0.01,2.67,18.3,1.22,28.73,39.47,1.74
1774742400,2026-03-29 00:00:00,3,301.13,0.02,2.69,17.24,1.33,29.62,40.07,1.63
1774746000,2026-03-29 01:00:00,3,309.36,0.07,2.86,16.33,1.52,29.88,39.83,1.54
1774749600,2026-03-29 02:00:00,3,314.33,0.19,3.05,16.82,1.63,29.7,39.25,1.54
1774753200,2026-03-29 03:00:00,3,316.54,0.24,3.16,21.2,1.68,29.5,38.46,1.64
1774756800,2026-03-29 04:00:00,3,326.17,0.09,2.78,56.69,1.81,30.36,38.29,2.21
1774760400,2026-03-29 05:00:00,3,325.34,0.09,2.48,60.92,1.78,30.69,37.91,2.13
1774764000,2026-03-29 06:00:00,3,319.94,0.1,2.24,60.05,1.76,30.39,37.16,1.95
1774767600,2026-03-29 07:00:00,3,314.65,0.17,1.87,61.1,1.63,29.98,36.44,1.89
1774771200,2026-03-29 08:00:00,3,311.7,0.23,1.62,65.03,1.59,29.6,36.08,2.06
1774774800,2026-03-29 09:00:00,3,307.76,0.21,1.57,69.9,1.56,29,35.48,2.28
1774778400,2026-03-29 10:00:00,3,309.85,0.16,1.99,60.39,1.51,28.98,35.7,2.29
1774782000,2026-03-29 11:00:00,3,312.61,0.03,2.58,45.22,1.4,28.94,35.92,1.97
1774785600,2026-03-29 12:00:00,3,315.73,0,2.78,37.09,1.32,28.84,36.06,1.7
1774789200,2026-03-29 13:00:00,3,317.15,0,2.94,32.49,1.27,28.77,36.36,1.69
1774792800,2026-03-29 14:00:00,3,322.29,0,3,28.9,1.19,29.3,37.25,1.63
1774796400,2026-03-29 15:00:00,3,329.15,0,3,26.24,1.12,29.84,37.81,1.58
1774800000,2026-03-29 16:00:00,3,335.24,0,2.98,24.37,1.04,30.15,37.73,1.49
1774803600,2026-03-29 17:00:00,3,340.23,0,2.96,22.45,0.92,30.52,37.54,1.36
1774807200,2026-03-29 18:00:00,3,345.22,0.01,3,20.41,0.87,30.93,37.49,1.27
1774810800,2026-03-29 19:00:00,3,349.5,0.01,3.02,18.8,0.85,30.97,37.06,1.25
1774814400,2026-03-29 20:00:00,3,354.77,0.01,3.05,18.11,0.84,30.95,36.72,1.33
1774818000,2026-03-29 21:00:00,3,360.38,0.01,3.12,17.81,0.85,31.22,36.86,1.45
1774821600,2026-03-29 22:00:00,3,367.04,0.01,3.17,17.32,0.88,31.73,37.22,1.54
1774825200,2026-03-29 23:00:00,3,374.39,0.01,3.14,16.16,0.94,32.39,37.8,1.5
1774828800,2026-03-30 00:00:00,3,388.58,0.09,3.11,15.38,1.11,33.42,39,1.55
1774832400,2026-03-30 01:00:00,3,403.72,0.58,2.73,17.21,1.37,34.52,40.52,1.73
1774836000,2026-03-30 02:00:00,3,415.2,0.76,2.58,25.87,1.66,36.38,42.82,2.17
1774839600,2026-03-30 03:00:00,3,421.13,0.49,2.25,44.54,1.97,40.59,47.21,2.56
1774843200,2026-03-30 04:00:00,3,382.44,0.18,1.46,103.41,2.34,44.34,49.14,3.35
1774846800,2026-03-30 05:00:00,3,330.47,0.14,1.21,108.07,2.1,40.6,44.62,3.08
1774850400,2026-03-30 06:00:00,3,301.51,0.13,1.2,106.46,1.89,37.04,40.69,2.82
1774854000,2026-03-30 07:00:00,3,292.04,0.14,1.32,105.15,1.79,34.96,38.5,2.8
1774857600,2026-03-30 08:00:00,3,291.98,0.16,1.51,101.46,1.74,33.94,37.67,2.95
1774861200,2026-03-30 09:00:00,3,295.87,0.17,1.84,97.5,1.69,33.25,37.32,3.09
1774864800,2026-03-30 10:00:00,3,303.87,0.14,2.42,90.4,1.64,32.73,37.26,3.16
1774868400,2026-03-30 11:00:00,3,313.75,0.04,3.06,81.93,1.59,32.31,37.13,3.16
1774872000,2026-03-30 12:00:00,3,325.06,0,3.24,77.51,1.56,32.2,37.14,3.21
1774875600,2026-03-30 13:00:00,3,334.85,0,3.31,71.97,1.5,32.14,37.26,3.23
1774879200,2026-03-30 14:00:00,3,350.8,0,3.51,63.73,1.46,32.92,38.36,3.26
1774882800,2026-03-30 15:00:00,3,366.19,0,3.66,56.52,1.42,34.1,39.72,3.16
1774886400,2026-03-30 16:00:00,3,376.62,0,3.73,49.94,1.34,35,40.55,2.92
1774890000,2026-03-30 17:00:00,3,384.43,0,3.74,44.74,1.23,36.02,41.46,2.95
1774893600,2026-03-30 18:00:00,3,389.2,0,3.77,41.48,1.17,36.94,42.32,3.33
1774897200,2026-03-30 19:00:00,3,395.84,0,3.91,41.39,1.21,37.58,42.77,4.09
1774900800,2026-03-30 20:00:00,3,410.45,0,4.1,43.5,1.29,38.55,43.44,4.93
1774904400,2026-03-30 21:00:00,3,426.1,0,4.24,45.73,1.4,39.68,44.22,5.61
1774908000,2026-03-30 22:00:00,3,439.36,0,4.36,47.37,1.49,40.76,44.97,6.14
1774911600,2026-03-30 23:00:00,3,451.92,0,4.44,48.09,1.56,41.88,45.83,6.55
1774915200,2026-03-31 00:00:00,3,465.18,0.13,4.44,48.86,1.73,43.15,47.21,6.85
1774918800,2026-03-31 01:00:00,3,469.63,0.41,4.12,48.06,1.93,43.83,48.27,6.53
1774922400,2026-03-31 02:00:00,3,459.89,0.49,3.37,50.35,1.97,44.17,48.8,5.37
1774926000,2026-03-31 03:00:00,3,436.26,0.35,2.44,63.51,1.99,44.86,49.32,4.39
1774929600,2026-03-31 04:00:00,3,363.35,0.17,1.57,101.74,2.19,42.09,45.73,3.64
1774933200,2026-03-31 05:00:00,3,318.11,0.14,1.44,111.38,2.29,39.3,42.97,3.14
1774936800,2026-03-31 06:00:00,3,298.18,0.12,1.57,113.91,2.29,36.38,40.11,2.85
1774940400,2026-03-31 07:00:00,3,284.64,0.13,1.67,113.74,2.2,33.04,36.7,2.64
1774944000,2026-03-31 08:00:00,3,272.46,0.13,1.66,111.6,2.1,30.69,34.18,2.49
1774947600,2026-03-31 09:00:00,3,266.48,0.13,1.78,109.74,2.05,29.22,32.61,2.43
1774951200,2026-03-31 10:00:00,3,274.03,0.11,2.39,96.7,2.08,28.77,32.21,2.59
1774954800,2026-03-31 11:00:00,3,293.93,0.03,3.35,78.7,2.21,29.25,33.02,3.03
1774958400,2026-03-31 12:00:00,3,315.03,0,3.92,66.73,2.32,30.11,34.38,3.5
1774962000,2026-03-31 13:00:00,3,333.86,0,4.31,58.5,2.34,31.26,36.15,3.92
1774965600,2026-03-31 14:00:00,3,355.76,0,4.58,52.35,2.25,33.57,39.29,4.23
1774969200,2026-03-31 15:00:00,3,377.59,0,4.8,46.19,2.14,36.6,43.52,4.39
1774972800,2026-03-31 16:00:00,3,392.62,0,5.2,40.03,2.39,39.45,47.63,3.84
1774976400,2026-03-31 17:00:00,3,414.96,0,5.95,36.53,2.97,42.72,51.91,3.11
1774980000,2026-03-31 18:00:00,3,442.22,0,6.95,34.9,3.58,45.87,56.05,2.51
1774983600,2026-03-31 19:00:00,3,462.88,0,7.64,38.77,4.62,48.16,59.03,2.24
1774987200,2026-03-31 20:00:00,4,481.28,0,7.93,38.5,5.21,50.49,61.67,1.97
1774990800,2026-03-31 21:00:00,4,500.04,0,8.12,36.99,5.59,53.3,64.48,1.88
1774994400,2026-03-31 22:00:00,4,515.54,0,8.3,36.4,5.9,56.11,67.06,1.9
1774998000,2026-03-31 23:00:00,4,532.58,0,8.46,37.06,6.17,58.8,69.54,1.98
1775001600,2026-04-01 00:00:00,4,547.6,0.01,8.92,40.41,6.89,60.11,70.67,2.22
1775005200,2026-04-01 01:00:00,4,537.37,0.05,9.88,47.55,8.11,53.98,63.53,4.75
1775008800,2026-04-01 02:00:00,3,534.81,0.17,10.57,48.07,8.24,49.19,57.84,6.79
1775012400,2026-04-01 03:00:00,3,540.45,0.36,11.16,49.17,8.53,47.14,55.48,8.5
1775016000,2026-04-01 04:00:00,3,537.85,0.29,11.61,52.96,8.92,45.79,54.1,9.64
1775019600,2026-04-01 05:00:00,3,529.8,0.37,11.19,57.42,9.38,46.24,54.59,9.7
1775023200,2026-04-01 06:00:00,3,519.76,0.3,10.18,63.75,9.61,48.38,56.78,9.23
1775026800,2026-04-01 07:00:00,4,505.58,0.18,8.56,72.08,9.25,51.49,60.22,8.55
1775030400,2026-04-01 08:00:00,4,494.02,0.11,7.37,78.52,8.88,56.78,66.4,8.45
1775034000,2026-04-01 09:00:00,4,484.49,0.07,6.49,84.39,8.51,62.22,72.77,8.31
1775037600,2026-04-01 10:00:00,4,482.48,0.04,6.05,88.79,8.02,67.8,79.23,8.34
1775041200,2026-04-01 11:00:00,4,490.04,0.01,6.1,90.15,7.44,73.16,85.49,8.58
1775044800,2026-04-01 12:00:00,5,498.33,0,5.97,89.91,6.79,77.57,90.78,8.21
1775048400,2026-04-01 13:00:00,5,511.13,0,6.07,86.61,6.02,81.07,95.15,8.01
1775052000,2026-04-01 14:00:00,5,535.31,0,6.36,80.38,5.21,84.68,99.77,8.1
1775055600,2026-04-01 15:00:00,5,555.46,0,6.45,73.55,4.52,87.64,103.68,8.2
1775059200,2026-04-01 16:00:00,5,574.58,0,6.62,62,3.59,89.61,106.28,8.8
1775062800,2026-04-01 17:00:00,5,595.37,0,6.91,49.22,2.71,91.62,108.39,10.2
1775066400,2026-04-01 18:00:00,5,613.43,0,7.13,40.19,2.29,93.86,110.74,12.31
1775070000,2026-04-01 19:00:00,5,623.07,0,7.11,34.15,2.09,94.75,111.52,13.62
1775073600,2026-04-01 20:00:00,5,614.66,0,6.72,31.13,1.89,93.8,110.04,12.29
1775077200,2026-04-01 21:00:00,5,588.4,0,6.01,31.41,1.85,92.08,107.69,10.6
1775080800,2026-04-01 22:00:00,5,551.92,0,5.18,34.2,1.96,89.52,104.65,9.34
1775084400,2026-04-01 23:00:00,5,536.79,0,4.89,32.91,1.93,86.88,101.87,9.43
1775088000,2026-04-02 00:00:00,5,529.21,0.01,4.81,31.33,2.03,84.34,99.69,9.6
1775091600,2026-04-02 01:00:00,5,521.07,0.09,4.68,31.07,2.19,80.9,96.81,8.92
1775095200,2026-04-02 02:00:00,5,514.45,0.28,4.17,32.63,2.2,77.07,92.9,7.51
1775098800,2026-04-02 03:00:00,4,501.77,0.3,3.51,40.17,2.14,73.15,88.01,7.04
1775102400,2026-04-02 04:00:00,4,470.13,0.18,2.24,73.86,1.73,64.61,75.69,5.76
1775106000,2026-04-02 05:00:00,4,442.99,0.16,1.57,88.46,1.51,59.26,68.05,5.62
1775109600,2026-04-02 06:00:00,4,425.8,0.15,1.29,95.46,1.5,58.49,66.71,5.84
1775113200,2026-04-02 07:00:00,4,407.93,0.14,1.24,104.72,1.54,57,64.64,6.14
1775116800,2026-04-02 08:00:00,4,379.94,0.13,1.39,106.7,1.63,52.52,59.69,6.43
1775120400,2026-04-02 09:00:00,3,358.27,0.12,1.67,103.05,1.67,47.94,55.01,6.48
1775124000,2026-04-02 10:00:00,3,348.5,0.09,2.35,90.46,1.78,45.06,52.56,6.97
1775127600,2026-04-02 11:00:00,3,351.29,0.03,3.18,74.2,1.84,44.03,52.35,7.55
1775131200,2026-04-02 12:00:00,3,357.79,0,3.58,62.39,1.79,43.38,52.5,6.51
1775134800,2026-04-02 13:00:00,3,360.5,0,3.8,50.17,1.66,42.59,52.52,5.26
1775138400,2026-04-02 14:00:00,3,371.91,0,3.96,39.74,1.54,42.92,53.51,5.46
1775142000,2026-04-02 15:00:00,3,384.74,0,4.04,33.14,1.49,43.69,54.12,6.59
1775145600,2026-04-02 16:00:00,3,394.47,0,4.2,28.89,1.47,43.93,53.34,8.23
1775149200,2026-04-02 17:00:00,3,403.13,0.01,4.29,25.26,1.34,44.18,52.84,8.82
1775152800,2026-04-02 18:00:00,3,410.42,0.01,4.29,22.39,1.23,44.36,52.57,8.86
1775156400,2026-04-02 19:00:00,3,416.61,0.02,4.22,20.44,1.16,44.48,52.41,8.43
1775160000,2026-04-02 20:00:00,3,424.76,0.02,4.15,18.98,1.1,44.54,52.21,7.66
1775163600,2026-04-02 21:00:00,3,435.29,0.02,4.17,17.87,1.07,44.86,52.27,6.97
1775167200,2026-04-02 22:00:00,3,449.62,0.02,4.22,17.08,1.07,45.77,52.88,6.68
1775170800,2026-04-02 23:00:00,3,470.16,0.02,4.23,17.22,1.11,47.76,54.58,7.01
1775174400,2026-04-03 00:00:00,4,501.94,0.09,4.25,18.79,1.28,51.63,58.41,7.65
1775178000,2026-04-03 01:00:00,4,534.48,0.51,4.03,22.42,1.53,55.18,62.14,8.38
1775181600,2026-04-03 02:00:00,4,560.24,0.74,3.73,33.43,1.77,58.61,65.68,9.34
1775185200,2026-04-03 03:00:00,4,580.81,0.51,3.14,56.66,2.01,65.42,72.29,10.44
1775188800,2026-04-03 04:00:00,4,588.32,0.21,2.1,112.03,2.35,74.86,80.49,9.92
1775192400,2026-04-03 05:00:00,4,552.2,0.16,1.78,130.16,2.34,74.24,79.07,8.97
1775196000,2026-04-03 06:00:00,4,520.43,0.15,1.81,139.5,2.3,70.18,74.48,8.08
1775199600,2026-04-03 07:00:00,4,502.93,0.16,2.18,150.43,2.4,65.5,69.42,7.62
1775203200,2026-04-03 08:00:00,4,488.38,0.15,2.67,152.31,2.51,61.78,65.59,7.67
1775206800,2026-04-03 09:00:00,4,477.74,0.11,3.13,150.84,2.5,58.59,62.44,7.78
1775210400,2026-04-03 10:00:00,4,481.36,0.08,3.98,131.15,2.42,57.21,61.44,9.27
1775214000,2026-04-03 11:00:00,4,501,0.02,4.93,105.67,2.35,57.62,62.51,11.74
1775217600,2026-04-03 12:00:00,4,526.45,0,5.38,89.2,2.31,58.9,64.45,13.88
1775221200,2026-04-03 13:00:00,4,543.64,0,5.62,77.64,2.26,59.74,65.9,15.57
1775224800,2026-04-03 14:00:00,4,567.04,0,5.82,70.24,2.24,61.94,68.5,16.87
1775228400,2026-04-03 15:00:00,4,586.61,0,5.99,64.21,2.21,64.23,70.92,17.87
1775232000,2026-04-03 16:00:00,4,612.2,0,6.51,56.4,2.14,66.26,73.03,19.8
1775235600,2026-04-03 17:00:00,4,645.23,0,7.27,48.44,1.93,69.08,75.92,22.49
1775239200,2026-04-03 18:00:00,4,675.76,0,7.75,42.86,1.74,71.67,78.57,24.67
1775242800,2026-04-03 19:00:00,4,688.28,0,7.86,40.97,1.65,72.65,79.48,25.86
1775246400,2026-04-03 20:00:00,4,704.99,0,7.93,42.05,1.57,73.99,80.79,22.43
1775250000,2026-04-03 21:00:00,5,727.86,0,8.43,43.4,1.71,75.98,83.21,21.37
1775253600,2026-04-03 22:00:00,5,692,0,8.62,48.33,3.21,76.32,86.24,22.18
1775257200,2026-04-03 23:00:00,5,684.33,0,9.57,41.18,3.91,75.39,87.37,19.81
1775260800,2026-04-04 00:00:00,4,675.29,0.02,9.85,36.32,4.17,72.93,85.92,15.19
1775264400,2026-04-04 01:00:00,4,654.75,0.03,9.24,41.85,4.39,68.27,80.99,11.57
1775268000,2026-04-04 02:00:00,4,632.35,0.22,8.59,39.25,4.4,62.8,74.88,9.61
1775271600,2026-04-04 03:00:00,4,618.19,0.48,8.03,40.17,4.46,59.14,70.72,8.79
1775275200,2026-04-04 04:00:00,4,618.5,0.44,7.7,75.87,5.35,55.03,65.83,9.69
1775278800,2026-04-04 05:00:00,4,587.8,0.38,6.09,88.87,4.98,53.19,62.78,9.22
1775282400,2026-04-04 06:00:00,4,558.25,0.32,4.82,97.28,4.59,52.76,61.55,9.13
1775286000,2026-04-04 07:00:00,4,541.99,0.27,3.75,105.59,4.2,54.57,63.04,8.99
1775289600,2026-04-04 08:00:00,4,524.86,0.23,3.07,109.17,3.81,56.83,65.22,8.65
1775293200,2026-04-04 09:00:00,4,507.03,0.18,2.86,108.36,3.42,56.94,65.2,8.25
1775296800,2026-04-04 10:00:00,4,495.77,0.13,3.22,90.76,2.82,56.29,64.74,7.71
1775300400,2026-04-04 11:00:00,4,496.11,0.04,3.97,69.57,2.35,55.99,64.88,7.23
1775304000,2026-04-04 12:00:00,4,499.16,0,4.35,56.74,2.1,55.52,64.79,6.98
1775307600,2026-04-04 13:00:00,4,499.58,0,4.69,47.21,1.94,54.6,64.3,7.13
1775311200,2026-04-04 14:00:00,4,507.87,0,4.94,38.39,1.74,54.62,64.56,7.29
1775314800,2026-04-04 15:00:00,4,514.49,0,4.96,31.62,1.55,54.94,64.76,7.43
1775318400,2026-04-04 16:00:00,4,516.11,0.01,4.92,26.46,1.38,54.83,64.14,7.7
1775322000,2026-04-04 17:00:00,4,513.71,0.02,4.83,22.62,1.18,54.74,63.38,7.98
1775325600,2026-04-04 18:00:00,4,512,0.03,4.72,19.38,1.03,54.84,62.92,8.36
1775329200,2026-04-04 19:00:00,4,510.18,0.03,4.62,16.84,0.95,54.73,62.17,9.19
1775332800,2026-04-04 20:00:00,4,513.71,0.03,4.75,15.38,0.95,54.68,61.75,11.12
1775336400,2026-04-04 21:00:00,4,519.98,0.02,5.05,15.1,1,54.68,61.6,13.78
1775340000,2026-04-04 22:00:00,4,527.4,0.02,5.33,15.4,1.07,54.72,61.71,16.04
1775343600,2026-04-04 23:00:00,4,529.16,0.02,5.16,15.27,1.09,54.82,62.07,15.32
1775347200,2026-04-05 00:00:00,4,533.65,0.09,4.72,15.75,1.2,55.49,63.18,12.93
1775350800,2026-04-05 01:00:00,4,535.6,0.38,4.21,18.89,1.4,56.06,64.06,11
1775354400,2026-04-05 02:00:00,4,544.4,0.53,4.07,25.52,1.61,56.49,64.56,11.4
1775358000,2026-04-05 03:00:00,4,553,0.43,3.77,39.28,1.82,57.76,65.49,12.23
1775361600,2026-04-05 04:00:00,4,575.25,0.22,3.08,76.28,1.94,60.38,66.77,11.82
1775365200,2026-04-05 05:00:00,4,564.11,0.19,2.67,97.41,1.92,58.65,63.93,12.05
1775368800,2026-04-05 06:00:00,4,535.34,0.18,2.48,110.22,1.86,54,58.5,12.3
1775372400,2026-04-05 07:00:00,3,493.7,0.18,2.31,122.33,1.78,47.93,51.75,11.9
1775376000,2026-04-05 08:00:00,3,459.32,0.17,2.27,120.55,1.67,44.92,48.3,11.01
1775379600,2026-04-05 09:00:00,3,434.13,0.16,2.44,115.27,1.57,43.12,46.26,10.3
1775383200,2026-04-05 10:00:00,3,421.84,0.12,2.99,100.35,1.49,42.07,45.19,10.35
1775386800,2026-04-05 11:00:00,3,420.45,0.03,3.67,82.99,1.46,41.89,45.12,11.07
1775390400,2026-04-05 12:00:00,3,425.97,0,3.9,74.17,1.46,43.06,46.46,11.67
1775394000,2026-04-05 13:00:00,3,432.42,0,3.99,70.1,1.46,44.89,48.5,12.2
1775397600,2026-04-05 14:00:00,3,445.46,0,4.05,67.07,1.44,47.35,51.06,12.7
1775401200,2026-04-05 15:00:00,3,453.24,0,3.91,65.32,1.35,49.22,52.87,12.22
1775404800,2026-04-05 16:00:00,4,455.89,0,3.74,63.67,1.22,50.43,53.91,11.34
1775408400,2026-04-05 17:00:00,4,463.72,0,3.71,61.07,1.13,52.17,55.48,10.93
1775412000,2026-04-05 18:00:00,4,472.58,0,3.77,58.09,1.12,53.84,57.1,10.65
1775415600,2026-04-05 19:00:00,4,477.95,0,3.75,55.52,1.14,54.75,57.99,10.5
1775419200,2026-04-05 20:00:00,4,484.49,0,3.76,53.99,1.17,55.66,58.93,11.03
1775422800,2026-04-05 21:00:00,4,489.37,0,3.83,52.75,1.21,56.56,59.91,12.06
1775426400,2026-04-05 22:00:00,4,491.23,0,3.93,51.44,1.28,57.14,60.61,13.46
1775430000,2026-04-05 23:00:00,4,493.08,0,4.03,50.27,1.35,57.66,61.28,14.53
1775433600,2026-04-06 00:00:00,4,499.66,0.07,4.13,50.1,1.51,58.25,62.27,15.44
1775437200,2026-04-06 01:00:00,4,501.68,0.28,3.87,51.52,1.7,58.23,62.75,15.19
1775440800,2026-04-06 02:00:00,4,499.13,0.36,3.25,58.12,1.8,58.43,63.29,13.53
1775444400,2026-04-06 03:00:00,4,487.96,0.31,2.52,73.46,1.86,59.53,64.51,12.06
1775448000,2026-04-06 04:00:00,4,460.72,0.17,1.81,112.81,1.89,60.25,65.04,9.55
1775451600,2026-04-06 05:00:00,4,425.41,0.14,1.49,123.7,1.81,57.18,61.65,8.23
1775455200,2026-04-06 06:00:00,4,391.7,0.13,1.36,127.65,1.74,52.11,56.12,7.28
1775458800,2026-04-06 07:00:00,3,365.09,0.13,1.37,130.55,1.65,45.81,49.37,6.28
1775462400,2026-04-06 08:00:00,3,352.56,0.13,1.51,129.09,1.59,43.23,46.56,5.92
1775466000,2026-04-06 09:00:00,3,349.78,0.11,1.77,128.06,1.58,43.25,46.53,5.96
1775469600,2026-04-06 10:00:00,3,357.48,0.08,2.32,116.65,1.61,44.62,47.96,6.78
1775473200,2026-04-06 11:00:00,3,374.45,0.02,2.96,101.28,1.66,46.64,50.18,8.16
1775476800,2026-04-06 12:00:00,3,394.56,0,3.21,92.66,1.64,49.19,53,9.2
1775480400,2026-04-06 13:00:00,4,409.55,0,3.39,86.55,1.58,51.18,55.23,10.06
1775484000,2026-04-06 14:00:00,4,429.28,0,3.55,82.18,1.55,54.08,58.33,10.84
1775487600,2026-04-06 15:00:00,4,447.48,0,3.6,78.76,1.5,57.13,61.5,11.03
1775491200,2026-04-06 16:00:00,4,459.18,0,3.63,74.42,1.46,59.19,63.53,11.15
1775494800,2026-04-06 17:00:00,4,471.65,0,3.7,69.94,1.4,61.22,65.39,11.69
1775498400,2026-04-06 18:00:00,4,482.17,0,3.72,65.93,1.35,62.9,66.93,12.34
1775502000,2026-04-06 19:00:00,4,489.5,0,3.7,62.24,1.31,63.95,67.87,13.11
1775505600,2026-04-06 20:00:00,4,502.38,0,3.75,59.52,1.29,65.39,69.27,14.4
1775509200,2026-04-06 21:00:00,4,514.62,0,3.86,57.52,1.3,66.85,70.74,15.84
1775512800,2026-04-06 22:00:00,4,523.83,0,3.92,54.6,1.3,67.66,71.57,16.37
1775516400,2026-04-06 23:00:00,4,531.32,0,3.81,50.13,1.27,68.49,72.46,14.73
1775520000,2026-04-07 00:00:00,4,542.88,0.06,3.72,46.59,1.37,69.4,73.73,12.75
1775523600,2026-04-07 01:00:00,4,550.63,0.28,3.55,47.4,1.58,69.27,74.05,11.66
1775527200,2026-04-07 02:00:00,4,549.14,0.39,3.16,59.26,1.8,68.28,73.24,11.73
1775530800,2026-04-07 03:00:00,4,535.04,0.3,2.57,81.39,1.95,67.17,72.01,10.93
1775534400,2026-04-07 04:00:00,4,463.3,0.15,1.82,147.51,2.07,55.67,59.73,8.23
1775538000,2026-04-07 05:00:00,4,423.8,0.15,1.73,150.26,1.97,49.76,53.49,7.46
1775541600,2026-04-07 06:00:00,4,402.18,0.16,1.83,148.94,1.94,46.55,50.04,7.31
1775545200,2026-04-07 07:00:00,4,395.16,0.16,1.98,149.18,1.97,45.71,49.09,7.35
1775548800,2026-04-07 08:00:00,4,392.2,0.16,2.2,147.63,2.02,46.01,49.34,7.45
1775552400,2026-04-07 09:00:00,4,388.91,0.15,2.6,145.25,2.08,45.87,49.19,7.7
1775556000,2026-04-07 10:00:00,3,392.59,0.11,3.31,129.89,2.13,46.26,49.7,8.67
1775559600,2026-04-07 11:00:00,3,404.93,0.03,4.08,109.15,2.17,47.38,51.07,10.19
1775563200,2026-04-07 12:00:00,3,421.66,0,4.31,95.65,2.12,48.92,52.9,11.32
1775566800,2026-04-07 13:00:00,4,434.46,0,4.44,86.44,2.06,50.23,54.51,12.4
1775570400,2026-04-07 14:00:00,4,453.52,0,4.57,80.48,2.01,52.56,57.08,13.57
1775574000,2026-04-07 15:00:00,4,471.37,0,4.54,76.47,1.92,55.14,59.76,14.45
1775577600,2026-04-07 16:00:00,4,488.32,0,4.59,72.07,1.84,57.38,61.95,15.97
1775581200,2026-04-07 17:00:00,4,509.4,0,4.83,67.72,1.77,59.82,64.2,18.64
1775584800,2026-04-07 18:00:00,4,527.91,0,5.05,64.99,1.75,61.78,66.01,21.59
1775588400,2026-04-07 19:00:00,4,543.51,0,5.28,61.12,1.73,62.78,66.94,24.54
1775592000,2026-04-07 20:00:00,4,565.6,0,5.64,55.46,1.67,64.33,68.59,26.72
1775595600,2026-04-07 21:00:00,4,589.14,0,5.98,48.97,1.58,65.77,70.25,27.21
1775599200,2026-04-07 22:00:00,4,606.13,0,6.11,41.3,1.44,66.55,71.26,24.21
1775602800,2026-04-07 23:00:00,4,622.6,0,6.05,33.37,1.35,67.39,72.33,20.18
1775606400,2026-04-08 00:00:00,4,644.51,0.14,5.82,27.6,1.48,68.26,73.69,16.51
1775610000,2026-04-08 01:00:00,4,665.32,0.79,5.05,28.73,1.73,68.57,74.54,14.87
1775613600,2026-04-08 02:00:00,4,696.04,1.09,4.96,40.69,2.12,70.87,77.71,17.17
1775617200,2026-04-08 03:00:00,5,720.11,0.71,4.59,69.84,2.53,79.05,86.61,19.5
1775620800,2026-04-08 04:00:00,5,731.62,0.35,3.81,150.99,3.13,91.15,98.55,20.36
1775624400,2026-04-08 05:00:00,5,594.62,0.25,2.95,149.9,2.79,82.06,88.84,16.87
1775628000,2026-04-08 06:00:00,4,499.28,0.2,2.52,145.59,2.46,69.86,75.59,13.09
1775631600,2026-04-08 07:00:00,4,428.7,0.17,2.18,142.82,2.18,57.34,61.95,9.73
1775635200,2026-04-08 08:00:00,4,394.89,0.16,2.14,136.96,1.95,50.07,54.16,8.66
1775638800,2026-04-08 09:00:00,3,377.66,0.14,2.33,130.8,1.83,46.06,50.01,8.37
1775642400,2026-04-08 10:00:00,3,377.88,0.1,2.85,121.67,1.79,45.11,49.25,8.65
1775646000,2026-04-08 11:00:00,3,393.4,0.02,3.63,111.46,1.83,46.68,51.32,9.58
1775649600,2026-04-08 12:00:00,3,416.01,0,4.07,104.61,1.87,49.28,54.53,10.61
1775653200,2026-04-08 13:00:00,4,435.42,0,4.48,94.87,1.87,51.13,57.1,12.12
1775656800,2026-04-08 14:00:00,4,461.53,0,5.01,82.32,1.87,53.22,59.94,14.2
1775660400,2026-04-08 15:00:00,4,490.49,0,5.38,72.84,1.9,55.58,62.72,16.1
1775664000,2026-04-08 16:00:00,4,517.6,0,5.76,71.35,2,57.63,64.84,19.51
1775667600,2026-04-08 17:00:00,4,544.88,0,5.98,74.69,2.01,59.8,66.98,23
1775671200,2026-04-08 18:00:00,4,566.25,0,5.98,76.38,1.97,62.01,69.34,25.03
1775674800,2026-04-08 19:00:00,4,579.14,0,5.86,75.19,1.92,63.66,71.03,25.5
1775678400,2026-04-08 20:00:00,4,603.82,0,5.94,72.91,1.88,65.83,73.15,26.17
1775682000,2026-04-08 21:00:00,4,625.85,0,6.06,70.41,1.87,68.02,75.26,26.82
1775685600,2026-04-08 22:00:00,4,637.37,0,6.06,65.56,1.83,69.58,76.7,26.61
1775689200,2026-04-08 23:00:00,4,644.44,0,5.9,57.2,1.75,71.08,78.08,24.71
1775692800,2026-04-09 00:00:00,4,660.37,0.13,5.67,45.74,1.74,72.46,79.64,20.24
1775696400,2026-04-09 01:00:00,4,677.66,0.82,4.82,39.14,1.8,71.9,79.59,15.81
1775700000,2026-04-09 02:00:00,4,689.25,1,4.55,48.43,2.04,73.6,81.97,16.43
1775703600,2026-04-09 03:00:00,5,693.17,0.63,4.06,71.49,2.34,80.96,90.03,17.96
1775707200,2026-04-09 04:00:00,5,682.22,0.33,3.23,117.91,2.78,89.55,98.12,17.4
1775710800,2026-04-09 05:00:00,5,603.5,0.24,2.65,134.11,2.9,85.64,93,14.6
1775714400,2026-04-09 06:00:00,5,515.69,0.19,2.31,141.04,2.96,75.39,81.59,11.71
1775718000,2026-04-09 07:00:00,4,432.28,0.16,2.11,144.89,2.93,62.21,67.24,9.21
1775721600,2026-04-09 08:00:00,4,395.06,0.16,2.39,140.68,2.76,54.49,59.16,9.22
1775725200,2026-04-09 09:00:00,4,381.98,0.15,3.07,140.38,2.58,49.18,53.81,9.7
1775728800,2026-04-09 10:00:00,3,399.99,0.13,4.32,135.71,2.43,47.66,52.57,10.58
1775732400,2026-04-09 11:00:00,3,441.6,0.03,5.59,127.44,2.37,49.45,54.58,11.56
1775736000,2026-04-09 12:00:00,4,504.78,0,6.11,124.87,2.39,54.3,59.46,12.57
1775739600,2026-04-09 13:00:00,4,572.16,0,6.13,121.33,2.42,60.37,65.49,13.75
1775743200,2026-04-09 14:00:00,4,643.66,0,6.05,115.8,2.52,66.95,71.94,15.6
1775746800,2026-04-09 15:00:00,4,703.65,0,5.9,112.08,2.64,72.98,77.67,17.69
1775750400,2026-04-09 16:00:00,5,764.52,0,6.32,111.83,2.89,77.84,82.43,22.64
1775754000,2026-04-09 17:00:00,5,838.36,0,7.04,111.4,2.98,84.65,89.18,28.57
1775757600,2026-04-09 18:00:00,5,900.5,0,7.48,110.38,2.95,91.62,96.14,33.32
1775761200,2026-04-09 19:00:00,5,949.33,0,7.53,109.19,2.9,97.93,102.4,36.28
1775764800,2026-04-09 20:00:00,5,1006.34,0,7.37,109.93,2.89,105.7,109.97,37.36
1775768400,2026-04-09 21:00:00,5,1063.51,0,7.14,110.89,2.94,114.18,118.2,37.68
1775772000,2026-04-09 22:00:00,5,1116.23,0,6.92,111.44,3.01,122.07,125.9,37.66
1775775600,2026-04-09 23:00:00,5,1179.37,0,6.77,111.42,3.12,131.75,135.51,37.42
1775779200,2026-04-10 00:00:00,5,1257.54,0.04,7.03,111.48,3.4,144.59,148.64,36.36
1775782800,2026-04-10 01:00:00,5,1310.04,0.28,7.28,101.9,3.58,155.34,160.16,33.93
1775786400,2026-04-10 02:00:00,5,1349.68,0.54,7.25,98.68,3.8,160.44,166.43,33.14
1775790000,2026-04-10 03:00:00,5,1396.26,0.51,7.07,132.8,4.51,166.31,173.38,36.24
1775793600,2026-04-10 04:00:00,5,1199.53,0.38,6.66,217.78,6.16,144.64,151.35,37.71
1775797200,2026-04-10 05:00:00,5,931.84,0.32,5.59,222.43,5.52,117.33,123.38,33.17
1775800800,2026-04-10 06:00:00,5,800.09,0.29,5.03,222.27,4.47,99.81,104.57,24.14
1775804400,2026-04-10 07:00:00,5,694.41,0.26,4.46,226.06,3.5,84.23,87.24,12.96
1775808000,2026-04-10 08:00:00,5,622.8,0.23,4.31,225.44,2.89,73.34,75.62,9.38
1775811600,2026-04-10 09:00:00,5,566.16,0.18,4.62,220.8,2.44,64.62,66.53,7.98
1775815200,2026-04-10 10:00:00,5,556.67,0.11,5.55,210.95,2.19,62.19,63.95,7.97
1775818800,2026-04-10 11:00:00,5,604.43,0.02,6.5,200.24,2.17,66.83,68.59,8.97
1775822400,2026-04-10 12:00:00,5,700.13,0,6.26,198.15,2.26,77.68,79.53,10.26
1775826000,2026-04-10 13:00:00,5,794.19,0,5.46,188.9,2.32,88.39,90.44,11.61
1775829600,2026-04-10 14:00:00,5,876.37,0,5.12,172.27,2.35,98.31,100.63,12.85
1775833200,2026-04-10 15:00:00,5,963.83,0,4.94,158.36,2.33,109.41,111.91,13.65
1775836800,2026-04-10 16:00:00,5,1034.5,0,4.89,143.01,2.28,119.1,121.67,14.77
1775840400,2026-04-10 17:00:00,5,1092,0,4.94,127.83,2.19,127.02,129.54,16.46
1775844000,2026-04-10 18:00:00,5,1132.22,0,4.91,115.34,2.05,133.37,135.8,18.16
1775847600,2026-04-10 19:00:00,5,1181.41,0,4.97,112.26,2.09,141.16,143.54,21.36
1775851200,2026-04-10 20:00:00,5,1259.25,0,5.18,117.31,2.33,152.9,155.29,25.02
1775854800,2026-04-10 21:00:00,5,1346.94,0,5.38,119.93,2.56,164.66,167.09,27.98
1775858400,2026-04-10 22:00:00,5,1423.37,0,5.54,119.54,2.78,175.12,177.61,30.48
1775862000,2026-04-10 23:00:00,5,1520.05,0,5.69,119.08,3.04,189.2,191.78,32.27
1775865600,2026-04-11 00:00:00,5,1651.34,0.02,6.23,117.83,3.42,208.45,211.34,33.33
1775869200,2026-04-11 01:00:00,5,1760.09,0.19,6.83,119.2,3.89,225.03,228.34,33.83
1775872800,2026-04-11 02:00:00,5,1826.79,0.33,6.72,136.64,4.21,237.9,241.47,32.99
1775876400,2026-04-11 03:00:00,5,1874.77,0.34,6.49,169.96,4.2,247.03,250.58,30.07
1775880000,2026-04-11 04:00:00,5,1446.71,0.29,5.94,231.03,4.51,167.84,170.11,18.17
1775883600,2026-04-11 05:00:00,5,1093.67,0.28,5.27,239.96,3.71,123.63,125.52,13.28
1775887200,2026-04-11 06:00:00,5,940.36,0.26,5.1,244.49,3.19,105.25,106.96,11.19
1775890800,2026-04-11 07:00:00,5,876.25,0.25,5.19,253.33,2.91,97.26,98.86,10.2
1775894400,2026-04-11 08:00:00,5,818.53,0.22,5.27,255.93,2.72,90.86,92.38,9.46
1775898000,2026-04-11 09:00:00,5,745.31,0.17,5.56,247.97,2.53,81.56,83.03,8.97
1775901600,2026-04-11 10:00:00,5,731.04,0.1,6.39,227.17,2.46,78.93,80.41,9.25
1775905200,2026-04-11 11:00:00,5,777.32,0.02,7,204.14,2.46,84.14,85.74,10.27
1775908800,2026-04-11 12:00:00,5,860.97,0,6.51,192.11,2.51,93.95,95.77,11.55
1775912400,2026-04-11 13:00:00,5,931.81,0,5.71,179.69,2.52,102.93,104.98,12.8
1775916000,2026-04-11 14:00:00,5,1002.03,0,5.3,166.23,2.54,111.92,114.18,13.94
1775919600,2026-04-11 15:00:00,5,1064.06,0,5.05,153.67,2.53,120.22,122.6,14.73
1775923200,2026-04-11 16:00:00,5,1114.21,0,5,139.56,2.52,126.96,129.44,16.68
1775926800,2026-04-11 17:00:00,5,1165.73,0,5.11,130.21,2.58,133.4,135.87,20.16
1775930400,2026-04-11 18:00:00,5,1206.78,0,5.26,126.42,2.69,139.96,142.39,23.71
1775934000,2026-04-11 19:00:00,5,1244.74,0,5.39,126.44,2.83,145.62,148.03,26.99
1775937600,2026-04-11 20:00:00,5,1295.74,0,5.49,126.97,2.97,151.52,153.93,29.58
1775941200,2026-04-11 21:00:00,5,1337.46,0,5.57,125.33,3.08,156.36,158.82,31.48
1775944800,2026-04-11 22:00:00,5,1360.49,0,5.63,121.91,3.17,159.25,161.76,33.08
1775948400,2026-04-11 23:00:00,5,1382.32,0,5.65,118.37,3.28,162.35,164.94,33.86
1775952000,2026-04-12 00:00:00,5,1400.09,0.03,5.93,114.76,3.47,165.45,168.34,33.47
1775955600,2026-04-12 01:00:00,5,1354.27,0.21,5.55,100.05,3.21,163.82,167.04,27.23
1775959200,2026-04-12 02:00:00,5,1288.96,0.33,4.65,97.36,2.75,154.63,158.01,21.06
1775962800,2026-04-12 03:00:00,5,1228.64,0.33,4.13,121.59,2.75,149.26,152.57,16.79
1775966400,2026-04-12 04:00:00,5,902.27,0.25,3.72,190.67,3.41,98.86,101.42,10.89
1775970000,2026-04-12 05:00:00,5,672.88,0.23,3.15,188.24,2.86,71.78,74.56,8.83
1775973600,2026-04-12 06:00:00,5,580.08,0.23,3.06,188.2,2.64,61.38,64.31,8.51
1775977200,2026-04-12 07:00:00,5,557.38,0.23,3.2,196.24,2.62,59.36,62.35,8.67
1775980800,2026-04-12 08:00:00,5,563.97,0.21,3.39,202.81,2.6,60.46,63.46,8.78
1775984400,2026-04-12 09:00:00,5,564.08,0.17,3.82,203.68,2.54,60.81,63.9,8.87
1775988000,2026-04-12 10:00:00,5,573.18,0.11,4.58,187.65,2.43,62.45,65.71,9.47
1775991600,2026-04-12 11:00:00,4,605.18,0.02,5.35,165.33,2.35,66.68,70.26,10.79
1775995200,2026-04-12 12:00:00,4,659.98,0,5.53,152.58,2.32,73.68,77.66,12.2
1775998800,2026-04-12 13:00:00,5,714.17,0,5.28,141.25,2.26,80.44,84.75,13.35
1776002400,2026-04-12 14:00:00,5,776.12,0,5.08,130.57,2.22,88.1,92.7,14.35
1776006000,2026-04-12 15:00:00,5,831.77,0,4.96,119.68,2.19,95.29,100,14.49
1776009600,2026-04-12 16:00:00,5,873.6,0,4.92,107.85,2.12,100.77,105.41,14.25
1776013200,2026-04-12 17:00:00,5,911.54,0,4.98,96.51,2,106.16,110.7,15.53
1776016800,2026-04-12 18:00:00,5,941.6,0,5.15,87.71,1.99,110.68,115.28,17.95
1776020400,2026-04-12 19:00:00,5,984.33,0,5.74,86.05,2.14,116.17,120.91,23.32
1776024000,2026-04-12 20:00:00,5,1058.69,0,6.62,87.68,2.33,124.12,129.12,29.31
1776027600,2026-04-12 21:00:00,5,1132.69,0,7.31,88.05,2.5,131.97,137.26,33.69
1776031200,2026-04-12 22:00:00,5,1187.25,0,7.77,87.38,2.64,138.3,143.88,36.77
1776034800,2026-04-12 23:00:00,5,1231.7,0,7.83,86.3,2.8,144.63,150.46,37.83
1776038400,2026-04-13 00:00:00,5,1261.29,0.08,7.79,80.95,3.02,151.29,157.73,35.86
1776042000,2026-04-13 01:00:00,5,1269.46,0.5,6.92,58.27,2.6,151.09,158.24,24.57
1776045600,2026-04-13 02:00:00,5,1282.98,0.74,6.65,64.35,2.8,150.75,159,24.42
1776049200,2026-04-13 03:00:00,5,1296.01,0.56,6.14,98.49,3.42,158.1,167.4,26.58
1776052800,2026-04-13 04:00:00,5,1221.32,0.37,5.79,192.69,4.88,151.33,160.68,29.59
1776056400,2026-04-13 05:00:00,5,1060.22,0.3,4.83,196.4,4.37,137.92,146.7,25.04
1776060000,2026-04-13 06:00:00,5,921.31,0.26,4.2,193.08,3.93,122.98,130.64,19.65
1776063600,2026-04-13 07:00:00,5,782.22,0.2,3.51,190.96,3.68,103.94,110.11,13.76
1776067200,2026-04-13 08:00:00,5,690.88,0.16,3.24,180.09,3.36,91.41,97.27,11.73
1776070800,2026-04-13 09:00:00,5,618.98,0.13,3.24,167.52,3.04,81.2,87,10.63
1776074400,2026-04-13 10:00:00,4,561.65,0.09,3.53,144.37,2.71,73.01,78.81,10.11
1776078000,2026-04-13 11:00:00,4,527.91,0.02,3.97,120.46,2.48,68.39,74.43,10.54
1776081600,2026-04-13 12:00:00,4,513.36,0,4.09,106.82,2.36,66.37,72.88,11.31
1776085200,2026-04-13 13:00:00,4,506.08,0,4.21,96.71,2.27,65.51,72.71,12.15
1776088800,2026-04-13 14:00:00,4,513.51,0,4.36,86.34,2.17,66.63,74.53,12.85
1776092400,2026-04-13 15:00:00,4,529.66,0,4.49,76.9,2.06,68.67,77.06,13.28
1776096000,2026-04-13 16:00:00,4,543.89,0,4.62,68.07,1.9,70.45,79.05,13.72
1776099600,2026-04-13 17:00:00,4,562.54,0,4.83,61.53,1.75,72.79,81.55,14.78
1776103200,2026-04-13 18:00:00,5,578.91,0,5.03,58.27,1.7,75.06,83.93,16.39
1776106800,2026-04-13 19:00:00,5,604.46,0,5.49,55.8,1.68,77.59,86.3,18.91
1776110400,2026-04-13 20:00:00,5,642.96,0,6.06,52.59,1.67,81.56,90.15,21
1776114000,2026-04-13 21:00:00,5,680.26,0,6.47,50.53,1.71,86.23,94.87,22.75
1776117600,2026-04-13 22:00:00,5,705.59,0,6.65,47.89,1.75,89.59,98.32,23.74
1776121200,2026-04-13 23:00:00,5,729.02,0.01,6.46,43.22,1.71,92.89,101.69,21.25
1776124800,2026-04-14 00:00:00,5,756.56,0.15,6.09,38.18,1.79,95.89,104.99,17.34
1776128400,2026-04-14 01:00:00,5,787.8,0.86,5.36,36.77,1.97,97.28,106.93,14.96
1776132000,2026-04-14 02:00:00,5,830.86,1.35,5.48,45.88,2.38,101.16,112.06,17.14
1776135600,2026-04-14 03:00:00,5,867.03,0.94,5.6,73.55,2.97,110.65,122.79,21.59
1776139200,2026-04-14 04:00:00,5,816.36,0.43,4.7,156.43,4,115.6,128.01,25.85
1776142800,2026-04-14 05:00:00,5,708.55,0.28,3.85,158.45,3.83,110.82,122.91,24.63
1776146400,2026-04-14 06:00:00,5,648.06,0.24,3.73,155.27,3.58,101.98,113.35,21.29
1776150000,2026-04-14 07:00:00,5,605.73,0.22,3.67,154.42,3.45,93.73,104.2,17.35
1776153600,2026-04-14 08:00:00,5,578.58,0.21,3.58,151.41,3.36,87.58,97.32,15.16
1776157200,2026-04-14 09:00:00,5,549.45,0.18,3.66,145.32,3.27,81,90.15,13.62
1776160800,2026-04-14 10:00:00,4,524.02,0.12,4.07,127.17,3.08,74.96,83.78,12.63
1776164400,2026-04-14 11:00:00,4,509.38,0.03,4.65,104.78,2.81,70.45,79.29,12.51
1776168000,2026-04-14 12:00:00,4,499.86,0,4.77,90.11,2.54,66.97,76.01,12.49
1776171600,2026-04-14 13:00:00,4,492.61,0,4.86,79.17,2.3,64.03,73.43,12.51
1776175200,2026-04-14 14:00:00,4,496.99,0,4.93,70.38,2.13,63.4,73.2,12.49
1776178800,2026-04-14 15:00:00,4,505.07,0,4.93,63.46,1.98,63.79,73.76,12.35
1776182400,2026-04-14 16:00:00,4,512.07,0,4.95,56.23,1.82,64.06,73.94,12.27
1776186000,2026-04-14 17:00:00,4,523.34,0,5.12,49.06,1.61,65.04,74.86,12.42
1776189600,2026-04-14 18:00:00,4,532.3,0,5.2,42.94,1.43,66.07,75.77,12.53
1776193200,2026-04-14 19:00:00,4,550.51,0,5.45,35.63,1.25,67.54,76.97,13.27
1776196800,2026-04-14 20:00:00,4,579.38,0,5.94,29.16,1.17,70.16,79.45,14.3
1776200400,2026-04-14 21:00:00,4,608.37,0.01,6.41,25.56,1.24,73.04,82.42,16.9
1776204000,2026-04-14 22:00:00,4,628.71,0.02,6.73,23.21,1.37,74.99,84.53,19.79
1776207600,2026-04-14 23:00:00,5,647.76,0.04,6.55,20.26,1.39,77.08,86.73,17.69
1776211200,2026-04-15 00:00:00,5,673.6,0.31,6.04,18.4,1.55,79.71,89.77,14.68
1776214800,2026-04-15 01:00:00,5,679.53,0.97,4.95,23.55,1.79,80.76,91.05,12.74
1776218400,2026-04-15 02:00:00,5,704.46,1.31,4.83,36.27,2.21,83.47,94.55,14.6
1776222000,2026-04-15 03:00:00,5,736.82,0.88,4.86,63.6,2.72,92.37,104.28,17.45
1776225600,2026-04-15 04:00:00,5,837.72,0.44,4.62,133.19,3.61,115.29,127.13,20.43
1776229200,2026-04-15 05:00:00,5,789.36,0.31,3.94,160.99,3.71,116.9,128.15,19.74
1776232800,2026-04-15 06:00:00,5,687.67,0.26,3.5,168.67,3.53,105.51,116.31,17.74
1776236400,2026-04-15 07:00:00,5,582.13,0.23,3.06,165.77,3.1,88.13,98.4,14.99
1776240000,2026-04-15 08:00:00,5,523.72,0.21,2.94,156.22,2.9,79.61,89.67,13.19
1776243600,2026-04-15 09:00:00,4,484.21,0.18,3.08,145.69,2.81,72.16,82.22,11.82
1776247200,2026-04-15 10:00:00,4,460.26,0.13,3.6,127.75,2.73,66.21,76.56,11.05
1776250800,2026-04-15 11:00:00,4,453.15,0.03,4.31,106.16,2.6,62.12,72.92,10.78
1776254400,2026-04-15 12:00:00,4,451.89,0,4.52,90.93,2.43,58.96,70.19,10.49
1776258000,2026-04-15 13:00:00,4,443.01,0,4.57,75.61,2.17,55.65,67.35,10.36
1776261600,2026-04-15 14:00:00,4,444.51,0,4.64,61.3,1.9,54.4,66.73,10.13
1776265200,2026-04-15 15:00:00,4,451.06,0,4.6,50.63,1.69,54.64,67.34,8.47
1776268800,2026-04-15 16:00:00,4,456.82,0,4.59,42.52,1.54,54.88,67.51,7.89
1776272400,2026-04-15 17:00:00,4,467.18,0,4.69,36.21,1.37,55.72,68.07,8.06
1776276000,2026-04-15 18:00:00,4,475.87,0,4.76,31.01,1.22,56.59,68.65,8.27
1776279600,2026-04-15 19:00:00,4,492.97,0,4.83,26.92,1.13,58.42,69.96,8.62
1776283200,2026-04-15 20:00:00,4,520.53,0,5.05,23.57,1.07,61.19,72.22,9.18
1776286800,2026-04-15 21:00:00,4,548.49,0.01,5.3,20.76,1.05,63.96,74.65,9.81
1776290400,2026-04-15 22:00:00,4,571.22,0.02,5.46,17.98,1.06,66.02,76.57,10.12
1776294000,2026-04-15 23:00:00,4,592.76,0.03,5.4,15.83,1.14,68.45,79.02,10.27
1776297600,2026-04-16 00:00:00,4,620.77,0.19,5.29,15.64,1.46,72.15,83.12,10.81
1776301200,2026-04-16 01:00:00,4,632.98,0.78,4.79,19.74,1.97,74.13,85.89,11.06
1776304800,2026-04-16 02:00:00,5,654.25,1.27,4.52,29.15,2.45,76.5,88.98,12.04
1776308400,2026-04-16 03:00:00,5,678.5,1.05,4.44,50.68,3.02,82.36,95.51,12.87
1776312000,2026-04-16 04:00:00,5,822.03,0.35,3.62,157.24,4.39,99.02,110.55,13.64
1776315600,2026-04-16 05:00:00,5,705.52,0.22,2.89,170.01,3.95,87.83,98.13,12.09
1776319200,2026-04-16 06:00:00,5,647.21,0.2,2.9,173.78,3.72,81.85,91.65,11.69
1776322800,2026-04-16 07:00:00,5,624.82,0.19,3.02,178.9,3.57,79.62,89.22,11.47
1776326400,2026-04-16 08:00:00,5,594,0.18,3.1,176.94,3.5,76.52,86.21,11.15
1776330000,2026-04-16 09:00:00,4,551.04,0.15,3.26,167.52,3.38,71.3,81.07,10.64
1776333600,2026-04-16 10:00:00,4,517.18,0.11,3.91,138.64,3.28,67.61,78.05,10.56
1776337200,2026-04-16 11:00:00,4,503.38,0.03,4.63,103.25,2.98,65.72,77.07,10.63
1776340800,2026-04-16 12:00:00,4,493.34,0,4.8,79.36,2.57,64.17,76.47,8.98
1776344400,2026-04-16 13:00:00,4,484.74,0,5.17,60.43,2.31,61.33,74.78,7.51
1776348000,2026-04-16 14:00:00,4,503.28,0,5.85,45.51,2.16,60.34,74.79,7.78
1776351600,2026-04-16 15:00:00,4,529.69,0,6.38,34.28,2.02,60.09,74.29,8.24
1776355200,2026-04-16 16:00:00,4,555.75,0.01,6.9,25.4,1.84,60.1,73.22,9
1776358800,2026-04-16 17:00:00,4,579.35,0.02,7.37,19.35,1.6,61.02,73.4,10.36
1776362400,2026-04-16 18:00:00,4,595.54,0.05,7.56,16.47,1.49,61.69,73.52,12.7
1776366000,2026-04-16 19:00:00,4,604.95,0.08,7.4,15.61,1.46,62.4,73.64,14.92
1776369600,2026-04-16 20:00:00,4,610.98,0.1,7.12,13.07,1.33,63.17,73.64,14.52
1776373200,2026-04-16 21:00:00,4,612.25,0.09,6.96,10.64,1.24,63.52,73.67,13.47
1776376800,2026-04-16 22:00:00,4,609.8,0.07,6.75,9.08,1.21,62.58,73,12.32
1776380400,2026-04-16 23:00:00,4,607.03,0.07,6.3,8.67,1.31,61.05,72.06,11.67
1776384000,2026-04-17 00:00:00,4,600.18,0.14,5.92,10.23,1.7,59.58,71.63,10.86
1776387600,2026-04-17 01:00:00,4,572.24,0.5,5.49,14.73,2.28,56.28,69.44,9.32
1776391200,2026-04-17 02:00:00,4,591.11,1,5.99,16.32,2.69,55.18,69.72,12.13
1776394800,2026-04-17 03:00:00,4,611.78,1.01,6.79,22.64,3.12,55.2,70.7,15.94
1776398400,2026-04-17 04:00:00,4,641.34,0.51,7.17,70.82,4.38,57.42,74.49,18.31
1776402000,2026-04-17 05:00:00,4,635.67,0.32,6.4,70.91,4.31,58.46,73.9,13.35
1776405600,2026-04-17 06:00:00,4,596.21,0.17,5.48,65.26,4.17,56.71,69.49,8.56
1776409200,2026-04-17 07:00:00,4,544.18,0.1,4.43,63.34,3.85,53.78,63.54,5.67
1776412800,2026-04-17 08:00:00,4,535.18,0.08,4.85,60.24,3.82,51.07,59.01,5.52
1776416400,2026-04-17 09:00:00,3,523.78,0.04,6.14,54.74,3.95,45.94,52.34,5.8
1776420000,2026-04-17 10:00:00,3,516.17,0.01,7.62,45.49,3.77,39.8,45.02,5.92
1776423600,2026-04-17 11:00:00,3,533.43,0.02,8.51,35.41,3.49,37.35,42.19,6.03
1776427200,2026-04-17 12:00:00,3,567.47,0.04,9.03,28.94,3.25,37.36,42.13,6.5
1776430800,2026-04-17 13:00:00,3,593.61,0.06,9.14,23.43,2.91,38.08,43.44,7.25
1776434400,2026-04-17 14:00:00,3,602.19,0.05,8.93,19.24,2.63,38.75,44.69,7.18
1776438000,2026-04-17 15:00:00,3,597.79,0.03,8.71,16.96,2.54,38.56,44.68,6.91
1776441600,2026-04-17 16:00:00,3,581.42,0.02,8.18,13.76,2.41,38.25,44.36,6.92
1776445200,2026-04-17 17:00:00,3,579.1,0.04,7.77,9.63,2.16,38.76,44.85,7.65
1776448800,2026-04-17 18:00:00,3,577.46,0.06,7.56,7.12,1.97,39.17,45,8.43
1776452400,2026-04-17 19:00:00,3,582.7,0.09,7.52,5.65,1.77,40.18,45.48,9.01
1776456000,2026-04-17 20:00:00,3,587.28,0.11,7.66,5.03,1.61,41.11,45.92,9.99
1776459600,2026-04-17 21:00:00,3,587.78,0.1,8.07,5.28,1.54,41.45,46.03,12.42
1776463200,2026-04-17 22:00:00,3,588.44,0.09,8.58,6.19,1.53,40.91,45.44,13.99
1776466800,2026-04-17 23:00:00,3,587.91,0.09,8.46,6.61,1.45,39.49,44.3,12.2
1776470400,2026-04-18 00:00:00,3,591.47,0.12,8.51,7.24,1.56,37.68,43.22,10.74
1776474000,2026-04-18 01:00:00,3,591.15,0.2,9.65,10.76,1.98,34.18,40.29,10.43
1776477600,2026-04-18 02:00:00,3,575.37,0.35,9.34,12.44,2.11,31.86,37.7,8.65
1776481200,2026-04-18 03:00:00,3,542.61,0.39,8.29,14.83,2.11,29.77,34.95,7.16
1776484800,2026-04-18 04:00:00,2,456.26,0.24,6.13,23.71,1.67,23.78,27.77,4.7
1776488400,2026-04-18 05:00:00,2,398.43,0.17,4.84,30.72,1.44,19.46,22.86,4.55
1776492000,2026-04-18 06:00:00,2,357.22,0.14,4.07,35.57,1.4,17.35,20.55,4.96
1776495600,2026-04-18 07:00:00,2,332.38,0.12,3.56,38.77,1.43,16.1,19.19,5.24
1776499200,2026-04-18 08:00:00,2,320.39,0.08,3.34,37.78,1.42,15.38,18.31,5.09
1776502800,2026-04-18 09:00:00,2,316.11,0.03,3.27,35.12,1.35,14.88,17.66,4.6
1776506400,2026-04-18 10:00:00,2,313.32,0.03,3.12,30.84,1.21,14.68,17.68,4.44
1776510000,2026-04-18 11:00:00,2,314.78,0.01,3.04,27.02,1.14,14.88,18.38,4.55
1776513600,2026-04-18 12:00:00,2,315.38,0,2.93,24.75,1.1,15.11,19.02,4.64
1776517200,2026-04-18 13:00:00,2,311.46,0.01,2.85,22.17,1.06,15.32,19.7,4.79
1776520800,2026-04-18 14:00:00,2,308.98,0.03,2.8,19.37,1.01,15.66,20.47,4.88
1776524400,2026-04-18 15:00:00,2,308.89,0.06,2.78,17.53,0.98,16.08,21.07,4.94
1776528000,2026-04-18 16:00:00,2,312.57,0.09,2.92,15.85,0.96,16.48,21.48,5.46
1776531600,2026-04-18 17:00:00,2,317.46,0.09,3.26,14.44,0.93,16.78,21.76,6.25
1776535200,2026-04-18 18:00:00,2,318.09,0.07,3.54,13.81,0.9,16.89,21.93,6.88
1776538800,2026-04-18 19:00:00,2,317.82,0.05,3.69,13.55,0.89,16.9,21.92,7.3
1776542400,2026-04-18 20:00:00,2,316.5,0.05,3.66,13.31,0.9,16.8,21.72,7.45
1776546000,2026-04-18 21:00:00,2,311.25,0.05,3.58,13.46,0.93,16.6,21.37,7.6
1776549600,2026-04-18 22:00:00,2,303.35,0.05,3.47,14.27,0.99,16.29,21.02,7.42
1776553200,2026-04-18 23:00:00,2,299.11,0.04,3.35,14.63,1.02,15.99,20.82,6.63
1776556800,2026-04-19 00:00:00,2,298.45,0.03,3.33,15.63,1.13,15.65,20.77,6.06
1776560400,2026-04-19 01:00:00,2,287.54,0.02,3.36,21.11,1.27,14.56,19.93,5.67
1776564000,2026-04-19 02:00:00,2,279.21,0.03,3.31,23.72,1.31,13.81,18.89,5.46
1776567600,2026-04-19 03:00:00,2,274.98,0.04,3.22,24.39,1.31,13.49,17.99,5.52
1776571200,2026-04-19 04:00:00,2,264.35,0.04,2.89,29.45,1.23,12.42,16.24,5.14
1776574800,2026-04-19 05:00:00,2,253.4,0.05,2.55,32.32,1.12,11.37,14.59,4.55
1776578400,2026-04-19 06:00:00,2,245.32,0.06,2.37,32.91,1.06,10.69,13.56,4.12
1776582000,2026-04-19 07:00:00,2,240.59,0.05,2.3,32.75,1.05,10.37,13.13,4.11
1776585600,2026-04-19 08:00:00,2,240.91,0.03,2.44,31.61,1.11,10.58,13.46,4.54
1776589200,2026-04-19 09:00:00,2,242.25,0.01,2.61,30.77,1.15,10.81,13.89,4.9
1776592800,2026-04-19 10:00:00,2,246.05,0.05,2.74,29.55,1.16,11.41,15.09,5.25
1776596400,2026-04-19 11:00:00,2,250.49,0.02,2.93,27.07,1.16,12.13,16.58,5.2
1776600000,2026-04-19 12:00:00,2,255.29,0,2.98,25.17,1.14,12.83,17.92,5.06
1776603600,2026-04-19 13:00:00,2,257.97,0.01,3.03,23.98,1.14,13.2,18.7,5.14
1776607200,2026-04-19 14:00:00,2,262.79,0.01,3.11,22.57,1.13,13.39,19.24,5.26
1776610800,2026-04-19 15:00:00,2,270.18,0.01,3.14,20.78,1.11,13.68,19.7,5.47
1776614400,2026-04-19 16:00:00,2,277.02,0.02,3.11,18.74,1.05,13.88,19.82,5.73
1776618000,2026-04-19 17:00:00,2,281.42,0.04,3.11,17.25,0.98,14.14,19.91,6.48
1776621600,2026-04-19 18:00:00,2,286.5,0.05,3.36,16.45,1.02,14.49,20.22,8.15
1776625200,2026-04-19 19:00:00,2,297.22,0.05,3.78,15.7,1.11,14.93,20.58,10.64
1776628800,2026-04-19 20:00:00,2,308.14,0.05,4.01,14.61,1.13,15.38,20.96,11.69
1776632400,2026-04-19 21:00:00,2,317.69,0.05,4.11,13.67,1.13,15.85,21.39,11.71
1776636000,2026-04-19 22:00:00,2,324.88,0.06,4.07,12.85,1.13,16.07,21.72,10.42
1776639600,2026-04-19 23:00:00,2,329.7,0.06,3.87,12.14,1.17,15.87,21.69,8.3
1776643200,2026-04-20 00:00:00,2,340.66,0.12,3.78,12.13,1.36,15.49,21.6,7.18
1776646800,2026-04-20 01:00:00,2,349.52,0.28,3.72,13.43,1.61,15.39,21.76,6.59
1776650400,2026-04-20 02:00:00,2,356.89,0.48,3.5,15.59,1.78,15.78,22.31,6.58
1776654000,2026-04-20 03:00:00,2,360.48,0.47,3.2,21.65,1.87,16.48,22.96,6.94
1776657600,2026-04-20 04:00:00,2,356.96,0.15,2.32,45.82,1.51,15.96,20.8,6.33
1776661200,2026-04-20 05:00:00,2,358.84,0.13,1.73,53.34,1.29,16,19.91,6.23
1776664800,2026-04-20 06:00:00,2,362.01,0.14,1.53,55.7,1.25,16.99,20.64,6.64
1776668400,2026-04-20 07:00:00,2,373.02,0.15,1.52,58.59,1.33,18.71,22.26,7.05
1776672000,2026-04-20 08:00:00,2,378.9,0.16,1.64,60.34,1.46,20.88,24.5,7.13
1776675600,2026-04-20 09:00:00,2,381.12,0.17,1.79,65.02,1.56,22.55,26.39,7.06
1776679200,2026-04-20 10:00:00,2,380.93,0.16,2.16,64.44,1.61,23.6,27.96,6.85
1776682800,2026-04-20 11:00:00,2,384.02,0.07,2.84,55.05,1.62,24.95,30.14,6.31
1776686400,2026-04-20 12:00:00,3,386.45,0,3.25,47.82,1.6,26.01,32.02,5.28
1776690000,2026-04-20 13:00:00,3,384.28,0,3.48,41.17,1.53,26.72,33.71,4.66
1776693600,2026-04-20 14:00:00,3,389.31,0,3.58,34.67,1.42,27.46,35.16,4.79
1776697200,2026-04-20 15:00:00,3,398.44,0.01,3.56,29.78,1.34,28.19,35.95,5.36
1776700800,2026-04-20 16:00:00,3,405.4,0.01,3.56,26.07,1.27,28.5,35.84,6.08
1776704400,2026-04-20 17:00:00,3,413.89,0.03,3.59,22.64,1.14,28.75,35.49,6.32
1776708000,2026-04-20 18:00:00,3,421.37,0.04,3.6,19.65,1.04,28.9,35.08,6.43
1776711600,2026-04-20 19:00:00,3,429,0.06,3.62,17.03,0.98,29.11,34.75,6.79
1776715200,2026-04-20 20:00:00,3,438.85,0.07,3.76,15.03,0.96,29.51,34.71,7.96
1776718800,2026-04-20 21:00:00,3,450.42,0.07,4.05,13.62,0.98,30.05,34.8,9.88
1776722400,2026-04-20 22:00:00,3,460.33,0.06,4.31,12.41,1.03,30.43,34.9,11.49
1776726000,2026-04-20 23:00:00,3,467.18,0.08,4.11,10.64,1.06,30.51,34.98,9.58
1776729600,2026-04-21 00:00:00,3,476.07,0.37,3.6,9.86,1.23,30.57,35.34,7.56
1776733200,2026-04-21 01:00:00,3,485.27,1.02,2.88,12.18,1.47,30.68,35.75,6.71
1776736800,2026-04-21 02:00:00,3,488.26,0.89,3.06,18.07,1.66,31.24,36.46,7.06
1776740400,2026-04-21 03:00:00,3,484.48,0.39,3.24,27.75,1.76,32.46,37.54,7.71
1776744000,2026-04-21 04:00:00,3,464.02,0.1,2.4,59.99,1.49,32.13,35.55,6.59
1776747600,2026-04-21 05:00:00,3,434.36,0.1,1.69,76.88,1.24,30.45,33,5.78
1776751200,2026-04-21 06:00:00,3,408.55,0.1,1.32,85,1.12,28.77,31.06,5.19
1776754800,2026-04-21 07:00:00,3,384.44,0.11,1.23,91.64,1.14,26.54,28.89,4.9
1776758400,2026-04-21 08:00:00,2,365.81,0.13,1.36,92.03,1.25,24.86,27.55,5.14
1776762000,2026-04-21 09:00:00,2,351.79,0.13,1.52,90.87,1.26,22.82,25.82,5.34
1776765600,2026-04-21 10:00:00,2,344.51,0.14,1.99,77.08,1.26,21.15,24.64,6.22
1776769200,2026-04-21 11:00:00,2,343.95,0.06,2.72,61.34,1.28,19.93,24.05,7.39
1776772800,2026-04-21 12:00:00,2,346.72,0,3.2,51.98,1.3,18.93,23.67,8.26
1776776400,2026-04-21 13:00:00,2,352.43,0,3.59,46.7,1.35,18.66,24.06,8.79
1776780000,2026-04-21 14:00:00,2,362.8,0,3.87,42.46,1.35,18.98,24.82,8.44
1776783600,2026-04-21 15:00:00,2,373.89,0,4.01,38.15,1.31,19.26,25.24,7.78
1776787200,2026-04-21 16:00:00,2,380.66,0,4.18,34.33,1.27,19.4,25.24,8.09
1776790800,2026-04-21 17:00:00,2,391.81,0,4.5,31.81,1.24,19.81,25.46,10.36
1776794400,2026-04-21 18:00:00,2,402.98,0,4.92,30.68,1.25,20.34,25.78,13.41
1776798000,2026-04-21 19:00:00,2,415.45,0,5.29,30.46,1.28,20.76,25.8,16.38
1776801600,2026-04-21 20:00:00,2,424.47,0,5.39,29.75,1.29,21.39,25.96,17.73
1776805200,2026-04-21 21:00:00,2,432.83,0,5.3,28.21,1.27,22.34,26.53,17.08
1776808800,2026-04-21 22:00:00,2,439.01,0,5.04,25.65,1.22,23.4,27.3,14.08
1776812400,2026-04-21 23:00:00,2,443.69,0.01,4.68,22.68,1.21,24.55,28.25,11.51
1776816000,2026-04-22 00:00:00,3,449.71,0.26,4.11,21.23,1.31,26,29.82,9.85
1776819600,2026-04-22 01:00:00,3,463.7,0.83,3.51,23.36,1.51,27.97,32.31,9.65
1776823200,2026-04-22 02:00:00,3,482.72,0.93,3.48,32.56,1.75,31.58,36.7,11.49
1776826800,2026-04-22 03:00:00,3,496.14,0.6,3.16,51.02,2.02,39.49,45.37,13.89
1776830400,2026-04-22 04:00:00,3,494.14,0.28,2.93,75.88,2.32,45.81,51.47,14.94
1776834000,2026-04-22 05:00:00,3,453.95,0.23,2.33,85.57,2.22,44.56,49.53,13.01
1776837600,2026-04-22 06:00:00,3,402.94,0.19,1.79,89.71,2.02,39.76,43.95,10.54
1776841200,2026-04-22 07:00:00,3,352.78,0.14,1.27,91.22,1.4,32.56,35.74,7.53
1776844800,2026-04-22 08:00:00,3,337.16,0.13,1.34,91.1,1.24,30.19,33.16,6.95
1776848400,2026-04-22 09:00:00,3,331.34,0.13,1.62,94.06,1.23,28.68,31.57,6.85
1776852000,2026-04-22 10:00:00,3,338.15,0.12,2.26,86.16,1.28,28.21,31.34,7.63
1776855600,2026-04-22 11:00:00,3,354.41,0.05,3.22,70.22,1.38,28.66,32.39,9.16
1776859200,2026-04-22 12:00:00,3,371.49,0,3.82,59.65,1.43,29,33.31,10.39
1776862800,2026-04-22 13:00:00,3,382.27,0,4.17,52.9,1.45,28.83,33.72,11.05
1776866400,2026-04-22 14:00:00,3,397.33,0,4.5,49.68,1.51,29.07,34.45,12.63
1776870000,2026-04-22 15:00:00,3,414.13,0,4.85,48.53,1.6,29.58,35.2,15.08
1776873600,2026-04-22 16:00:00,3,432.53,0,5.34,47.99,1.66,30.19,35.8,17.91
1776877200,2026-04-22 17:00:00,3,454.85,0,5.86,47.08,1.63,31.27,36.78,20.54
1776880800,2026-04-22 18:00:00,3,474.57,0,6.21,45.98,1.59,32.52,38.01,22.91
1776884400,2026-04-22 19:00:00,3,497.61,0,6.72,42.3,1.56,34.15,39.7,25.39
1776888000,2026-04-22 20:00:00,3,528.02,0,7.34,37.64,1.57,36.49,42.22,27.62
1776891600,2026-04-22 21:00:00,3,555.81,0.02,7.72,32.46,1.56,38.92,44.92,28.87
1776895200,2026-04-22 22:00:00,3,576.41,0.06,7.37,22.96,1.34,40.63,46.97,21.72
1776898800,2026-04-22 23:00:00,3,598.56,0.13,6.86,14.7,1.18,42.38,49.16,13.35
1776902400,2026-04-23 00:00:00,3,630.16,0.75,6.41,10.83,1.44,44.57,52.37,9.45
1776906000,2026-04-23 01:00:00,3,583.94,1.33,6.96,16.95,3.02,43.83,52.15,7.18
1776909600,2026-04-23 02:00:00,3,584.97,1.72,7.95,20.15,3.79,44.41,51.3,5.63
1776913200,2026-04-23 03:00:00,3,589.39,1.03,9.98,20.84,4.23,43.01,48.18,4.6
1776916800,2026-04-23 04:00:00,3,593.06,0.17,13.85,43.84,4.89,35.38,38.19,4.98
1776920400,2026-04-23 05:00:00,3,570.86,0.36,14.34,40.11,4.42,28.49,30.28,4.01
1776924000,2026-04-23 06:00:00,2,538.51,0.58,13.94,38.3,4.01,22.79,24.11,3.74
1776927600,2026-04-23 07:00:00,2,509.15,1.02,11.39,47.08,3.53,20.17,21.56,4.55
1776931200,2026-04-23 08:00:00,2,494.63,0.46,10.59,52.65,3.56,20.36,22.22,6.28
1776934800,2026-04-23 09:00:00,2,491.3,0.28,11.09,51.74,3.99,20,22.41,8.42
1776938400,2026-04-23 10:00:00,2,501.02,0.25,12.7,45.7,4.66,19.72,22.66,10.39
1776942000,2026-04-23 11:00:00,2,508.96,0.06,14.11,38.56,5.08,20.09,23.44,10.25
1776945600,2026-04-23 12:00:00,2,510.14,0.01,14.35,34.15,5.27,20.7,24.44,9.3
1776949200,2026-04-23 13:00:00,2,509.06,0,14.22,30.52,5.39,21.53,25.92,8.86
1776952800,2026-04-23 14:00:00,2,521.36,0,14.26,27.07,5.37,23.02,28.4,9.23
1776956400,2026-04-23 15:00:00,2,533.02,0,13.98,24.59,5.13,24.8,31.09,9.33
1776960000,2026-04-23 16:00:00,3,543.67,0,13.43,21.81,4.52,26.3,33.09,9.5
1776963600,2026-04-23 17:00:00,3,557.38,0,12.85,18.88,3.76,27.51,34.53,10.63
1776967200,2026-04-23 18:00:00,3,567,0,12.27,16.87,3.26,28.7,35.91,12.45
1776970800,2026-04-23 19:00:00,3,575.2,0.01,11.7,15.3,2.97,29.89,37.12,14.48
1776974400,2026-04-23 20:00:00,3,579.27,0.01,11.13,14.36,2.76,30.66,37.64,15.09
1776978000,2026-04-23 21:00:00,3,575.83,0.01,10.7,14.16,2.67,31.46,38.14,15.03
1776981600,2026-04-23 22:00:00,3,569.77,0.01,10.35,14.69,2.57,32.05,38.29,13.43
1776985200,2026-04-23 23:00:00,3,562.46,0.01,9.81,14.96,2.41,31.87,37.62,10.62
1776988800,2026-04-24 00:00:00,3,555.82,0.01,9.36,15.31,2.46,31.19,36.59,8.46
1776992400,2026-04-24 01:00:00,3,534.21,0.02,8.89,17.95,2.73,29.39,34.09,6.59
1776996000,2026-04-24 02:00:00,3,531.82,0.04,9.16,19.82,2.99,28.72,32.89,5.93
1776999600,2026-04-24 03:00:00,3,534.9,0.06,9.85,23.11,3.28,29.32,32.91,5.49
1777003200,2026-04-24 04:00:00,3,505.38,0.03,9.84,33.14,3.31,28.65,31.44,4.91
1777006800,2026-04-24 05:00:00,3,487.49,0.02,9.75,38,3.35,28.67,30.95,4.77
1777010400,2026-04-24 06:00:00,3,480.58,0.02,10.03,40.18,3.5,29.26,31.22,4.92
1777014000,2026-04-24 07:00:00,3,476.6,0.03,10.21,42.32,3.63,29.56,31.35,5.2
1777017600,2026-04-24 08:00:00,3,474.16,0.01,10.49,42.71,3.82,29.94,31.69,5.55
1777021200,2026-04-24 09:00:00,3,473.43,0.01,10.76,42.63,4.01,31.2,33,5.71
1777024800,2026-04-24 10:00:00,3,474.18,0,11.01,42.42,4.19,33.45,35.52,6
1777028400,2026-04-24 11:00:00,3,477.11,0,11.18,41.76,4.52,36.24,38.83,6.39
1777032000,2026-04-24 12:00:00,3,481.07,0,11.12,41.22,4.82,38.72,41.95,6.72
1777035600,2026-04-24 13:00:00,3,486.28,0,11.12,40.26,5.08,41.88,45.98,7.36
1777039200,2026-04-24 14:00:00,3,499.95,0,11.2,38.88,5.27,45.64,50.69,8.11
1777042800,2026-04-24 15:00:00,3,513.99,0,11.17,37.46,5.39,49.31,55.13,8.55
1777046400,2026-04-24 16:00:00,4,523.33,0,10.91,35.17,5.22,51.96,58.06,8.48
1777050000,2026-04-24 17:00:00,4,525.52,0,10.51,32.5,4.86,54.17,59.99,7.95
1777053600,2026-04-24 18:00:00,4,521.53,0,9.97,31.33,4.65,55.89,61.24,7.48
1777057200,2026-04-24 19:00:00,4,516.17,0,9.08,26.88,4.02,57.46,62.42,7.32
1777060800,2026-04-24 20:00:00,4,516.99,0.01,8.15,20.55,3.2,58.4,63.09,7.39
1777064400,2026-04-24 21:00:00,4,516.44,0.02,7.48,16.63,2.72,59.21,63.68,7.39
1777068000,2026-04-24 22:00:00,4,516.63,0.03,6.95,14.35,2.44,59.61,63.91,7.2
1777071600,2026-04-24 23:00:00,4,516.88,0.04,6.55,13.47,2.36,58.94,63.15,6.69
1777075200,2026-04-25 00:00:00,4,517.82,0.21,6.15,15.25,2.62,57.96,62.42,6.19
1777078800,2026-04-25 01:00:00,3,431.16,0.58,5.11,47.82,4.48,47.67,51.97,4.6
1777082400,2026-04-25 02:00:00,3,401.69,0.66,4.87,56.85,4.92,43.06,47.2,4.74
1777086000,2026-04-25 03:00:00,3,392.21,0.47,4.3,68.6,5.25,45.11,49.1,5.09
1777089600,2026-04-25 04:00:00,3,379.18,0.22,3.17,84.1,5.2,47.55,51.31,5.11
1777093200,2026-04-25 05:00:00,3,368.06,0.12,2.5,93.51,5.06,48.69,52.38,5.31
1777096800,2026-04-25 06:00:00,4,367.5,0.08,2.33,99.53,5.26,51.51,55.4,5.92
1777100400,2026-04-25 07:00:00,4,373.72,0.07,2.48,103.44,5.45,54.53,58.56,6.73
1777104000,2026-04-25 08:00:00,4,380.28,0.07,2.82,104.98,5.53,57.47,61.64,7.75
1777107600,2026-04-25 09:00:00,4,384.8,0.07,3.18,105.86,5.46,59.47,63.76,8.51
1777111200,2026-04-25 10:00:00,4,389.53,0.04,3.64,104.81,5.27,60.09,64.38,8.95
1777114800,2026-04-25 11:00:00,4,395.84,0.01,4.17,100.78,4.74,59.56,63.92,8.96
1777118400,2026-04-25 12:00:00,4,400.82,0,4.36,96.43,4.18,58.44,62.96,8.23
1777122000,2026-04-25 13:00:00,4,413.91,0,4.9,87.67,3.67,56.7,61.8,8.53
1777125600,2026-04-25 14:00:00,4,443.01,0,5.62,77.52,3.33,56.4,62.41,10.09
1777129200,2026-04-25 15:00:00,4,468.43,0,6.05,69.69,3.1,57.46,64.19,12.5
1777132800,2026-04-25 16:00:00,4,489.47,0,6.44,56.53,2.72,59.03,66.23,16.41
1777136400,2026-04-25 17:00:00,4,509.51,0,6.76,43.58,2.31,61.15,68.47,19.45
1777140000,2026-04-25 18:00:00,4,530.25,0,7.09,37.62,2.14,63.47,70.8,22.48
1777143600,2026-04-25 19:00:00,4,553.87,0.01,7.81,35,2.29,66.06,73.01,30.34
1777147200,2026-04-25 20:00:00,4,577.63,0.02,8.91,29.31,2.56,68.51,74.54,40.68
1777150800,2026-04-25 21:00:00,4,603.49,0.03,9.96,21.93,2.72,70.78,76,48.59
1777154400,2026-04-25 22:00:00,4,629.11,0.06,10.84,15.21,2.88,72.49,77.23,54.55
1777158000,2026-04-25 23:00:00,4,642.77,0.1,11.24,11.24,3.02,73.74,78.33,57.6
1777161600,2026-04-26 00:00:00,4,645.39,0.86,9.67,11.86,3.02,74.58,79.46,51.64
1777165200,2026-04-26 01:00:00,4,602.47,1.28,6.48,21.99,2.39,71.38,76.82,26.48
1777168800,2026-04-26 02:00:00,4,590.51,1.37,5.54,24.57,2.17,69.65,75.81,18.55
1777172400,2026-04-26 03:00:00,4,578.63,1.11,5.19,30.93,2.14,68.89,75.53,16.73
1777176000,2026-04-26 04:00:00,3,359.59,0.14,2.09,86.27,1.59,41.15,44.96,5.5
1777179600,2026-04-26 05:00:00,3,316.99,0.08,1.34,89.92,1.14,29.28,32.04,4.06
1777183200,2026-04-26 06:00:00,3,305.27,0.07,1.2,88.93,1.07,25.24,27.75,3.99
1777186800,2026-04-26 07:00:00,2,304.54,0.06,1.32,88.09,1.14,23.74,26.24,4.43
1777190400,2026-04-26 08:00:00,2,307.38,0.05,1.7,85.97,1.34,23.62,26.28,5.43
1777194000,2026-04-26 09:00:00,2,310.9,0.03,2.15,83.71,1.53,24.04,26.91,6.4
1777197600,2026-04-26 10:00:00,3,316.53,0.01,2.76,76.28,1.67,25.29,28.4,7.66
1777201200,2026-04-26 11:00:00,3,324.97,0,3.26,66.45,1.66,27.21,30.53,8.11
1777204800,2026-04-26 12:00:00,3,330.4,0,3.41,59.1,1.55,28.85,32.36,6.9
1777208400,2026-04-26 13:00:00,3,335.03,0,3.58,51.89,1.44,30.13,34.05,6.27
1777212000,2026-04-26 14:00:00,3,346.01,0,3.81,44.19,1.36,31.3,35.8,6.54
1777215600,2026-04-26 15:00:00,3,354.65,0,3.89,36.53,1.28,31.82,36.72,6.91
1777219200,2026-04-26 16:00:00,3,358.84,0,3.92,30.09,1.19,31.65,36.57,7.76
1777222800,2026-04-26 17:00:00,3,359.95,0,4.1,26.5,1.12,31.39,36.13,9.79
1777226400,2026-04-26 18:00:00,3,364.82,0,4.48,25.37,1.16,31.37,36.01,12.82
1777230000,2026-04-26 19:00:00,3,373.75,0,4.88,25.01,1.24,31.11,35.62,16.01
1777233600,2026-04-26 20:00:00,3,373.39,0.01,4.84,21.67,1.21,30.33,34.67,16.13
1777237200,2026-04-26 21:00:00,3,369.61,0.02,4.44,15.97,1.08,29.47,33.65,11.52
1777240800,2026-04-26 22:00:00,3,366.13,0.04,4.17,12.32,1.03,28.41,32.53,8.48
1777244400,2026-04-26 23:00:00,3,360.88,0.04,3.93,11.2,1.06,27.14,31.32,7.35
1777248000,2026-04-27 00:00:00,3,355.64,0.08,3.73,12.62,1.25,25.99,30.47,6.55
1777251600,2026-04-27 01:00:00,2,336.76,0.17,3.33,23.94,1.44,24.16,28.4,5.67
1777255200,2026-04-27 02:00:00,2,326.85,0.37,2.9,26.9,1.49,23.1,26.98,5.51
1777258800,2026-04-27 03:00:00,2,317.35,0.41,2.36,31.72,1.45,22.19,25.58,5.64
1777262400,2026-04-27 04:00:00,2,304.74,0.22,1.54,43,1.04,19.86,22.22,4.98
1777266000,2026-04-27 05:00:00,2,303.14,0.16,1.17,50.96,0.91,18.4,20.2,4.82
1777269600,2026-04-27 06:00:00,2,305.21,0.15,1.06,55.62,0.92,18.68,20.31,4.93
1777273200,2026-04-27 07:00:00,2,318.99,0.15,1.26,59.52,1.12,20.5,22.22,5.64
1777276800,2026-04-27 08:00:00,2,332.25,0.12,1.73,60.34,1.41,21.92,23.86,6.57
1777280400,2026-04-27 09:00:00,2,341.54,0.05,2.2,61.31,1.51,21.76,23.82,6.92
1777284000,2026-04-27 10:00:00,2,348.2,0.02,2.77,51.87,1.52,21.27,23.66,7.47
1777287600,2026-04-27 11:00:00,2,356.91,0.02,3.28,39.54,1.51,21.58,24.51,7.42
1777291200,2026-04-27 12:00:00,2,363.98,0,3.57,31.84,1.48,21.59,25.15,6.64
1777294800,2026-04-27 13:00:00,2,364.63,0.01,3.76,27.25,1.44,21.25,25.58,6.22
1777298400,2026-04-27 14:00:00,2,369.3,0.01,3.82,24.12,1.35,21.2,26.27,5.67
1777302000,2026-04-27 15:00:00,2,374.66,0.02,3.76,21.6,1.26,21.33,26.94,5.23
1777305600,2026-04-27 16:00:00,2,382.21,0.03,3.81,19.35,1.21,21.58,27.4,6.1
1777309200,2026-04-27 17:00:00,2,392.29,0.03,4.16,17.17,1.17,22.07,27.9,8.9
1777312800,2026-04-27 18:00:00,2,405.1,0.04,4.69,15.54,1.19,22.74,28.58,12.46
1777316400,2026-04-27 19:00:00,2,425.14,0.04,5.34,13.35,1.23,23.56,29.25,16.31
1777320000,2026-04-27 20:00:00,2,445.29,0.05,5.78,10.4,1.22,24.47,29.77,18.6
1777323600,2026-04-27 21:00:00,3,461.04,0.09,5.88,7.61,1.17,25.3,30.12,18.21
1777327200,2026-04-27 22:00:00,3,471.97,0.17,5.51,5.01,1.04,25.67,30.05,13.29
1777330800,2026-04-27 23:00:00,3,478.4,0.26,5.03,3.79,1,25.51,29.74,9.5
1777334400,2026-04-28 00:00:00,3,485.49,0.79,4.25,5.58,1.19,25.12,29.59,8.71
1777338000,2026-04-28 01:00:00,2,485.45,1.32,3.79,11.42,1.53,23.71,28.45,8.66
1777341600,2026-04-28 02:00:00,2,480.34,1.29,3.96,16.02,1.81,22.19,27.1,8.7
1777345200,2026-04-28 03:00:00,2,467.19,0.91,4.13,21.63,2.02,20.86,25.63,9
1777348800,2026-04-28 04:00:00,2,383.13,0.2,2.68,61.15,1.8,12.93,15.18,5.39
1777352400,2026-04-28 05:00:00,2,343.06,0.16,1.74,72.52,1.56,11.49,13.11,4.93
1777356000,2026-04-28 06:00:00,2,325.57,0.14,1.32,78.83,1.48,13.08,14.6,5.02
1777359600,2026-04-28 07:00:00,2,314.67,0.11,1.12,82.63,1.38,13.75,15.02,4.83
1777363200,2026-04-28 08:00:00,2,298.32,0.08,1.06,79.22,1.19,11.53,12.47,4.36
1777366800,2026-04-28 09:00:00,2,287.21,0.06,1.07,75.51,1.04,9.07,9.81,4
1777370400,2026-04-28 10:00:00,2,303.33,0.08,1.82,63.15,1.12,9.26,10.42,6.38
1777374000,2026-04-28 11:00:00,2,340.32,0.05,3.16,47.43,1.35,11.34,13.34,9.49
1777377600,2026-04-28 12:00:00,2,373.61,0,4.06,35.72,1.5,13.01,15.85,10.24
1777381200,2026-04-28 13:00:00,2,396.4,0,4.5,28,1.56,14.44,18.05,9.89
1777384800,2026-04-28 14:00:00,2,414.27,0.01,4.72,24.03,1.57,15.41,19.51,10.21
1777388400,2026-04-28 15:00:00,2,424.11,0.01,4.85,22,1.57,15.49,19.77,11.25
1777392000,2026-04-28 16:00:00,2,437.81,0.01,5.36,19.5,1.53,15.53,19.97,12.92
1777395600,2026-04-28 17:00:00,2,454.68,0.02,5.87,15.1,1.32,15.85,20.23,13.27
1777399200,2026-04-28 18:00:00,2,464.81,0.05,5.99,11.2,1.14,16.15,20.4,12.91
1777402800,2026-04-28 19:00:00,2,473.07,0.13,5.78,8.08,0.99,16.57,20.67,11.44
1777406400,2026-04-28 20:00:00,2,508.72,0.3,5.94,5.47,0.88,18.71,22.84,8.9
1777410000,2026-04-28 21:00:00,2,586.14,0.49,7.15,3.49,0.93,23.52,27.88,7.59
1777413600,2026-04-28 22:00:00,2,594.53,0.1,9.47,10.69,2.5,20.97,24.31,5.83
1777417200,2026-04-28 23:00:00,2,601.96,0.04,9.14,15.85,2.49,18.99,21.69,5.01
1777420800,2026-04-29 00:00:00,2,575.86,0.03,7.73,19.77,2.18,17.39,19.87,4.83
1777424400,2026-04-29 01:00:00,2,546.62,0.15,6.97,37.57,2.56,14.68,16.38,5.8
1777428000,2026-04-29 02:00:00,2,508.96,0.31,5.97,43.53,2.43,13.09,14.63,6.17
1777431600,2026-04-29 03:00:00,2,460.96,0.42,4.81,51.54,2.31,12.34,13.78,6.39
1777435200,2026-04-29 04:00:00,2,403.14,0.3,3.53,65.79,2.16,13.74,15.04,6.01
1777438800,2026-04-29 05:00:00,2,349.97,0.21,2.7,76.59,2.18,15.75,17.02,5.73
1777442400,2026-04-29 06:00:00,2,316.87,0.17,2.17,86,2.46,18.95,20.31,5.79
1777446000,2026-04-29 07:00:00,2,302.2,0.15,2.06,92.88,2.87,22.4,23.97,6.4
1777449600,2026-04-29 08:00:00,3,304.9,0.15,2.52,95.06,3.45,25.09,27.05,7.85
1777453200,2026-04-29 09:00:00,3,312.01,0.11,3.26,95.2,4.09,26.93,29.33,9.45
1777456800,2026-04-29 10:00:00,3,332.54,0.07,4.47,91.5,4.73,29.17,32.2,12
1777460400,2026-04-29 11:00:00,3,365.97,0.01,5.91,84.48,5.17,32.05,35.9,15.31
1777464000,2026-04-29 12:00:00,3,401.3,0,6.98,78.08,5.48,35.13,39.93,17.6
1777467600,2026-04-29 13:00:00,3,447.42,0,8.33,71.95,5.81,39.09,45.25,19.58
1777471200,2026-04-29 14:00:00,3,498.12,0,9.48,68.3,6.13,43.78,51.48,21.37
1777474800,2026-04-29 15:00:00,3,536.58,0,10,67.76,6.43,48.84,57.75,22.99
1777478400,2026-04-29 16:00:00,4,566.01,0,10.42,56.96,5.59,51.58,61.32,23.62
1777482000,2026-04-29 17:00:00,4,587.73,0,10.53,42.22,4.14,53.99,63.84,21.86
1777485600,2026-04-29 18:00:00,4,606.73,0.01,10.47,34.59,3.34,56.2,65.9,21.35
1777489200,2026-04-29 19:00:00,4,623.56,0.03,10.34,30.67,2.9,58.29,67.81,21.6
1777492800,2026-04-29 20:00:00,4,636.83,0.05,10.08,25.1,2.46,59.4,68.76,19.51
1777496400,2026-04-29 21:00:00,4,651.49,0.04,10.02,20.31,2.16,60.54,69.82,15.71
1777500000,2026-04-29 22:00:00,4,666.48,0.02,10.2,17.62,2.72,62.19,71.19,13.35
1777503600,2026-04-29 23:00:00,4,683.9,0.02,10.36,15.12,3.26,63.8,72.68,12.4
1777507200,2026-04-30 00:00:00,4,695.13,0.12,10.64,15.81,4.04,65.5,74.6,12.11
1777510800,2026-04-30 01:00:00,5,607.31,0.69,11.01,51.79,9.04,75.61,83.58,10.93
1777514400,2026-04-30 02:00:00,4,557.01,1.66,9.86,61.64,10.35,69.66,77.13,10.93
1777518000,2026-04-30 03:00:00,4,522.84,1.72,8.81,73.59,10.99,65.78,72.93,11.12
1777521600,2026-04-30 04:00:00,4,456.88,0.66,6.29,93.36,10.67,65.45,71.5,9.16
1777525200,2026-04-30 05:00:00,4,424.52,0.2,4.44,105.36,10.03,66.27,71.84,8.8
1777528800,2026-04-30 06:00:00,4,419.87,0.1,4.06,110.59,9.92,66.88,72.58,9.57
1777532400,2026-04-30 07:00:00,4,423.09,0.09,4.05,113.8,9.82,67.22,73.19,10.17
1777536000,2026-04-30 08:00:00,4,422.95,0.12,3.85,117.05,9.54,68.39,74.71,10.24
1777539600,2026-04-30 09:00:00,4,416.35,0.12,3.61,121.19,9.09,68.75,75.43,10.02
1777543200,2026-04-30 10:00:00,4,405.28,0.07,3.81,121.73,8.46,67.56,74.69,10.03
1777546800,2026-04-30 11:00:00,4,393.43,0.02,4.36,118.36,7.72,63.81,71.57,10.61
1777550400,2026-04-30 12:00:00,4,377.7,0,4.42,113.65,6.82,58.44,66.79,10.57
1777554000,2026-04-30 13:00:00,4,361.51,0,4.52,106.51,5.84,51.86,60.79,10.6
1777557600,2026-04-30 14:00:00,3,360.07,0,4.78,98.79,5.05,47.48,57.17,11.02
1777561200,2026-04-30 15:00:00,3,365.17,0,4.93,91.64,4.43,45.27,55.66,10.84
1777564800,2026-04-30 16:00:00,3,371.8,0,5.1,77.9,3.48,44.49,55.22,9.93
1777568400,2026-04-30 17:00:00,3,377.54,0,5.18,62.23,2.6,44.41,55.08,9.39
1777572000,2026-04-30 18:00:00,3,380.52,0,5.17,51.37,2.15,44.5,55.11,9.57
1777575600,2026-04-30 19:00:00,3,387.55,0,5.29,43.19,1.9,45.08,55.65,10.73
1777579200,2026-04-30 20:00:00,3,401.4,0,5.69,36.56,1.77,46.16,56.73,13.39
1777582800,2026-04-30 21:00:00,3,418.7,0,6.23,32.66,1.79,47.39,58.01,16.83
1777586400,2026-04-30 22:00:00,3,436.53,0,6.72,30.43,1.89,48.47,59.21,19.87
1777590000,2026-04-30 23:00:00,3,440.35,0.01,6.57,26.24,1.83,48.73,59.63,18.13
1777593600,2026-05-01 00:00:00,3,442.77,0.34,5.81,24.65,1.89,48.51,59.87,12.57
1777597200,2026-05-01 01:00:00,3,416.13,0.39,5.12,50.79,2.56,44.09,55.3,8.49
1777600800,2026-05-01 02:00:00,3,404.69,0.48,4.94,56.04,2.84,40.75,51.68,7.72
1777604400,2026-05-01 03:00:00,3,387.18,0.45,4.33,63.65,3.09,38.52,49.08,7.68
1777608000,2026-05-01 04:00:00,3,295.11,0.12,2.04,87.35,2.27,28.52,35.79,3.83
1777611600,2026-05-01 05:00:00,2,266.49,0.07,1.37,92.3,1.8,24.47,30.25,2.9
1777615200,2026-05-01 06:00:00,2,258.33,0.07,1.2,93.51,1.73,23.77,29.11,2.79
1777618800,2026-05-01 07:00:00,2,260.37,0.08,1.26,94.71,1.82,24.18,29.32,3
1777622400,2026-05-01 08:00:00,2,265.33,0.08,1.62,93.37,2.08,24.75,29.89,3.58
1777626000,2026-05-01 09:00:00,3,270.47,0.08,2.01,92.31,2.33,25.49,30.71,4.15
1777629600,2026-05-01 10:00:00,3,278.7,0.11,2.48,89.08,2.48,26.74,32.15,4.79
1777633200,2026-05-01 11:00:00,3,292.77,0.03,3.27,80.87,2.52,28.28,34.05,5.41
1777636800,2026-05-01 12:00:00,3,307.94,0,3.67,73.26,2.47,29.64,35.86,5.48
1777640400,2026-05-01 13:00:00,3,323.1,0,4.04,64.35,2.33,30.8,37.58,5.47
1777644000,2026-05-01 14:00:00,3,343.37,0,4.38,54.19,2.11,32.41,39.84,5.62
1777647600,2026-05-01 15:00:00,3,359.27,0,4.49,45.6,1.92,33.86,41.85,5.7
1777651200,2026-05-01 16:00:00,3,367.37,0,4.43,38.88,1.74,34.73,42.88,5.7
1777654800,2026-05-01 17:00:00,3,369.99,0,4.32,34.13,1.55,35.47,43.44,5.7
1777658400,2026-05-01 18:00:00,3,371.93,0.01,4.2,30.44,1.38,36.25,43.98,6.01
1777662000,2026-05-01 19:00:00,3,373.47,0.01,4.11,26.96,1.25,36.68,44.1,6.3
1777665600,2026-05-01 20:00:00,3,377.01,0.02,4.01,23.16,1.1,37.01,44.12,5.8
1777669200,2026-05-01 21:00:00,3,382.61,0.03,3.95,19.93,1,37.52,44.39,5.13
1777672800,2026-05-01 22:00:00,3,386.83,0.04,3.89,17.62,0.95,37.9,44.6,4.49
1777676400,2026-05-01 23:00:00,3,387.62,0.04,3.78,17.14,0.99,37.83,44.41,4.1
1777680000,2026-05-02 00:00:00,3,389.77,0.21,3.52,20.26,1.18,37.58,44.22,4.05
1777683600,2026-05-02 01:00:00,3,395.5,0.28,3.43,31.89,1.44,37.08,43.83,4.39
1777687200,2026-05-02 02:00:00,3,404.05,0.41,3.3,33.7,1.6,37.43,44.34,5.03
1777690800,2026-05-02 03:00:00,3,406.74,0.37,2.8,41.09,1.68,38.62,45.48,5.59
1777694400,2026-05-02 04:00:00,3,388.25,0.06,2.04,70.76,1.4,29.51,33.68,4.52
1777698000,2026-05-02 05:00:00,2,378.55,0.03,1.73,74.02,1.08,22.54,25.04,3.72
1777701600,2026-05-02 06:00:00,2,377.91,0.02,1.63,73.97,0.94,19.62,21.55,3.35
1777705200,2026-05-02 07:00:00,2,381.78,0.03,1.63,74.17,0.87,17.58,19.15,3.08
1777708800,2026-05-02 08:00:00,2,385.83,0.04,1.77,73.17,0.88,16.78,18.23,3.02
1777712400,2026-05-02 09:00:00,2,388.87,0.04,2,71.97,0.91,16.58,18.07,3.03
1777716000,2026-05-02 10:00:00,2,394.11,0.05,2.52,61.98,1.01,16.87,18.92,3.78
1777719600,2026-05-02 11:00:00,2,402.89,0.02,3.27,49.37,1.2,17.42,20.35,4.77
1777723200,2026-05-02 12:00:00,2,414.07,0,3.86,41.31,1.33,17.88,21.61,4.94
1777726800,2026-05-02 13:00:00,2,446,0,5.05,33.24,1.48,19.85,24.7,5.4
1777730400,2026-05-02 14:00:00,2,492.13,0,6.3,25.24,1.58,22.68,28.72,6.36
1777734000,2026-05-02 15:00:00,2,529.74,0.01,7.16,19.71,1.64,24.78,31.62,7.85
1777737600,2026-05-02 16:00:00,3,553.3,0.02,8.12,16.9,1.93,25.88,33.06,12.66
1777741200,2026-05-02 17:00:00,3,574.19,0.03,9.29,14.96,2.28,26.85,34.05,19.15
1777744800,2026-05-02 18:00:00,3,595.79,0.05,10.4,12.9,2.54,28.16,35.16,25.26
1777748400,2026-05-02 19:00:00,3,609.34,0.08,11.09,10.78,2.69,28.86,35.19,29.91
1777752000,2026-05-02 20:00:00,3,613.45,0.16,11.13,8.3,2.66,28.96,34.39,31.86
1777755600,2026-05-02 21:00:00,3,612.1,0.34,10.44,5.99,2.45,28.96,33.38,30.5
1777759200,2026-05-02 22:00:00,3,607.35,0.69,8.47,4.37,1.63,28.71,32.26,16.82
1777762800,2026-05-02 23:00:00,3,601.94,1.02,6.97,4.07,1.25,27.95,31.29,10.52
1777766400,2026-05-03 00:00:00,3,597.23,1.97,5.15,6.49,1.24,26.83,30.39,8.06
1777770000,2026-05-03 01:00:00,2,557.91,1.19,5.38,11.84,1.38,22.93,26.38,6.16
1777773600,2026-05-03 02:00:00,2,560.92,1.63,4.76,17.23,1.58,22.46,26.33,6.66
1777777200,2026-05-03 03:00:00,3,575.29,1.34,4.68,29.56,1.76,25.4,29.75,8.25
1777780800,2026-05-03 04:00:00,3,561.29,0.56,3.85,62.15,1.81,31.14,35.07,8.3
1777784400,2026-05-03 05:00:00,3,527.74,0.26,3.06,62.37,1.65,33.59,37,6.72
1777788000,2026-05-03 06:00:00,3,484.69,0.13,2.97,55.89,1.58,29.22,31.87,5.13
1777791600,2026-05-03 07:00:00,2,428.01,0.05,2.82,50.62,1.39,20.83,22.53,3.4
1777795200,2026-05-03 08:00:00,2,428.4,0.04,3.48,45.47,1.47,18.92,20.49,3.22
1777798800,2026-05-03 09:00:00,2,460.48,0.05,4.77,44.72,1.81,19.73,21.31,3.17
1777802400,2026-05-03 10:00:00,2,519.96,0.06,6.7,41.51,2.33,22.29,23.96,3.25
1777806000,2026-05-03 11:00:00,2,574.11,0.02,8.42,32.87,2.67,24.6,26.47,3.2
1777809600,2026-05-03 12:00:00,3,604.86,0,9.3,26.46,2.76,25.83,27.9,3.23
1777813200,2026-05-03 13:00:00,3,615.49,0,9.64,20.65,2.71,26.17,28.31,3.33
1777816800,2026-05-03 14:00:00,3,625.64,0.01,9.87,15.35,2.58,26.48,28.54,3.24
1777820400,2026-05-03 15:00:00,3,628.27,0.02,10.04,11.9,2.38,26.45,28.28,3.1
1777824000,2026-05-03 16:00:00,3,620.05,0.03,10.13,10,2.14,25.78,27.25,2.76
1777827600,2026-05-03 17:00:00,2,608.49,0.02,10.4,9.19,1.91,24.71,25.75,2.26
1777831200,2026-05-03 18:00:00,2,580.38,0.01,9.97,10.44,1.71,22.54,23.28,1.96
1777834800,2026-05-03 19:00:00,2,539.36,0,8.41,22.8,1.45,19.7,20.16,1.64
1777838400,2026-05-03 20:00:00,2,501.95,0,6.88,27.43,1.28,18.26,18.68,1.64
1777842000,2026-05-03 21:00:00,2,473.44,0,6.03,29.08,1.21,17.22,17.66,1.76
1777845600,2026-05-03 22:00:00,2,444.48,0,5.47,30.55,1.21,16.26,16.76,1.92
1777849200,2026-05-03 23:00:00,2,417.82,0,5.01,32.24,1.26,15.15,15.74,2.04
1777852800,2026-05-04 00:00:00,2,394.94,0.05,4.64,34.12,1.31,13.81,14.55,2.11
1777856400,2026-05-04 01:00:00,2,364.58,0.19,4.14,38.47,1.3,11.72,12.5,2.03
1777860000,2026-05-04 02:00:00,2,336.48,0.25,3.66,42.99,1.24,10.5,11.28,2
1777863600,2026-05-04 03:00:00,2,314.97,0.28,3.25,47.1,1.22,10.2,10.99,2.07
1777867200,2026-05-04 04:00:00,2,299.6,0.25,2.91,52.13,1.29,10.44,11.3,2.27
1777870800,2026-05-04 05:00:00,2,288,0.21,2.74,58.54,1.49,11.11,12.05,2.59
1777874400,2026-05-04 06:00:00,2,282.99,0.18,2.62,66.97,1.79,12.99,14.02,3.01
1777878000,2026-05-04 07:00:00,2,284.78,0.08,2.66,74.54,2.05,15.43,16.58,3.45
1777881600,2026-05-04 08:00:00,2,289.23,0.03,2.86,77.38,2.36,17.32,18.66,3.99
1777885200,2026-05-04 09:00:00,2,297.77,0.01,3.11,80.07,2.84,19.64,21.24,4.65
1777888800,2026-05-04 10:00:00,2,320.8,0.01,3.84,72.26,3.28,23.04,25.27,5.86
1777892400,2026-05-04 11:00:00,3,356.06,0,5.01,59.63,3.64,27.08,30.29,7.09
1777896000,2026-05-04 12:00:00,3,389.39,0,5.94,51.21,3.88,30.83,35.08,7.43
1777899600,2026-05-04 13:00:00,3,437.01,0,7.22,43.39,3.68,34.93,40.63,7.76
1777903200,2026-05-04 14:00:00,3,493.86,0,8.27,34.92,3.22,39.34,46.63,7.92
1777906800,2026-05-04 15:00:00,3,535.74,0,8.69,27.48,2.85,42.59,51.1,8.07
1777910400,2026-05-04 16:00:00,3,559.94,0.01,8.79,21.54,2.54,44.52,53.6,8.61
1777914000,2026-05-04 17:00:00,3,573.24,0.01,8.81,17.21,2.19,46,54.99,9.62
1777917600,2026-05-04 18:00:00,3,586.55,0.03,8.88,14.23,2,47.59,56.38,11.27
1777921200,2026-05-04 19:00:00,3,592.97,0.06,8.77,12.79,1.92,48.62,56.99,12.84
1777924800,2026-05-04 20:00:00,3,589.72,0.09,8.27,11.56,1.8,49.03,56.8,12.6
1777928400,2026-05-04 21:00:00,3,584.4,0.09,7.71,10.56,1.68,49.62,56.52,11.3
1777932000,2026-05-04 22:00:00,3,568.13,0.05,6.89,10.42,1.63,49.39,55.62,9.23
1777935600,2026-05-04 23:00:00,3,549.29,0.04,5.94,11.05,1.66,48.62,54.54,7.29
1777939200,2026-05-05 00:00:00,3,538.1,0.49,4.9,16.1,2.01,49,54.99,6.27
1777942800,2026-05-05 01:00:00,4,517.78,0.88,4.27,38.69,3.03,51.43,57.33,6.13
1777946400,2026-05-05 02:00:00,4,506.32,0.81,4.23,52.49,3.7,56.24,62.37,6.53
1777950000,2026-05-05 03:00:00,4,494.27,0.49,3.58,71.8,4.45,65.43,71.65,7.19
1777953600,2026-05-05 04:00:00,3,384.8,0.15,2.13,98.02,3.79,47.14,50.8,4.99
1777957200,2026-05-05 05:00:00,3,351.45,0.12,1.89,97.33,3.34,37.8,40.74,4.46
1777960800,2026-05-05 06:00:00,3,352.36,0.12,1.95,98.8,3.6,39.46,42.57,4.68
1777964400,2026-05-05 07:00:00,3,358.74,0.13,1.95,102.21,3.68,42.26,45.53,4.88
1777968000,2026-05-05 08:00:00,3,360.9,0.12,2.05,102.54,3.55,43.61,46.9,4.88
1777971600,2026-05-05 09:00:00,3,364.06,0.1,2.34,101.86,3.5,44.53,47.92,4.96
1777975200,2026-05-05 10:00:00,3,372.29,0.09,3.05,98.33,3.59,45.96,49.66,5.34
1777978800,2026-05-05 11:00:00,3,384.65,0.04,4.06,91.85,3.64,47.25,51.39,5.72
1777982400,2026-05-05 12:00:00,3,392.68,0,4.56,84.87,3.49,47.4,51.94,5.32
1777986000,2026-05-05 13:00:00,3,397.97,0,4.79,75.86,3.13,46.66,51.59,4.55
1777989600,2026-05-05 14:00:00,3,408.69,0,4.84,65.77,2.71,46.28,51.71,4.18
1777993200,2026-05-05 15:00:00,3,415.69,0,4.64,56.53,2.35,45.83,51.63,4.11
1777996800,2026-05-05 16:00:00,3,415.52,0,4.37,47.68,1.98,44.62,50.4,4.08
1778000400,2026-05-05 17:00:00,3,411.22,0,4.12,39.95,1.63,43.25,48.69,3.97
1778004000,2026-05-05 18:00:00,3,406.59,0,3.92,34.49,1.41,42.13,47.19,3.98
1778007600,2026-05-05 19:00:00,3,401.55,0,3.81,28.25,1.26,41.33,45.99,4.08
1778011200,2026-05-05 20:00:00,3,400.91,0.01,3.82,21.35,1.14,41.14,45.5,4.18
1778014800,2026-05-05 21:00:00,3,402.32,0.02,3.89,16.81,1.11,41.23,45.4,4.39
1778018400,2026-05-05 22:00:00,3,403.56,0.04,3.93,14.07,1.14,41.2,45.31,4.44
1778022000,2026-05-05 23:00:00,3,402.57,0.05,3.79,12.86,1.25,40.63,44.79,4.17
1778025600,2026-05-06 00:00:00,3,401.59,0.34,3.34,15,1.51,40.33,44.7,3.93
1778029200,2026-05-06 01:00:00,3,394.09,0.66,2.67,26.32,1.81,39.08,43.46,3.61
1778032800,2026-05-06 02:00:00,3,389.33,0.63,2.28,34.59,1.97,39.51,44.07,3.84
1778036400,2026-05-06 03:00:00,3,381.58,0.38,1.69,48.36,2.03,42.47,47.1,4.22
1778040000,2026-05-06 04:00:00,3,355.69,0.15,1,72.69,1.47,32.82,35.67,3.23
1778043600,2026-05-06 05:00:00,3,345.93,0.14,0.9,71.19,1.27,29.62,31.99,3.14
1778047200,2026-05-06 06:00:00,3,340.89,0.14,0.97,69.9,1.29,29.52,31.86,3.43
1778050800,2026-05-06 07:00:00,3,338.35,0.15,1.09,69.57,1.36,29.59,31.98,3.66
1778054400,2026-05-06 08:00:00,3,330.61,0.14,1.25,68.55,1.45,28.83,31.25,3.68
1778058000,2026-05-06 09:00:00,3,320.5,0.12,1.47,67.96,1.52,27.03,29.48,3.58
1778061600,2026-05-06 10:00:00,3,309.68,0.1,1.87,60.79,1.54,25.04,27.79,3.52
1778065200,2026-05-06 11:00:00,2,305.69,0.04,2.45,48.89,1.54,24.16,27.48,3.36
1778068800,2026-05-06 12:00:00,2,305.37,0,2.79,40.03,1.54,23.42,27.32,3.09
1778072400,2026-05-06 13:00:00,2,307.5,0,3.15,32.35,1.58,23.09,27.75,3.64
1778076000,2026-05-06 14:00:00,2,318.86,0,3.68,26.57,1.68,23.51,29,5.21
1778079600,2026-05-06 15:00:00,2,334.51,0,4.21,23.54,1.8,24.07,29.91,7.24
1778083200,2026-05-06 16:00:00,2,350.6,0,4.69,21.92,1.86,24.33,30.01,9.43
1778086800,2026-05-06 17:00:00,2,362.33,0,5.01,20.54,1.79,24.5,29.68,11.21
1778090400,2026-05-06 18:00:00,2,371.68,0.01,5.26,19.29,1.7,24.66,29.43,12.73
1778094000,2026-05-06 19:00:00,2,386.26,0.02,5.53,16.17,1.6,24.55,29.08,14.49
1778097600,2026-05-06 20:00:00,2,405.06,0.07,5.71,11.13,1.58,24.59,29,15.97
1778101200,2026-05-06 21:00:00,2,425.26,0.16,6.07,6.99,1.73,24.93,29.32,17.59
1778104800,2026-05-06 22:00:00,3,444.29,0.31,6.61,4.47,2.03,25.74,30.15,20.55
1778108400,2026-05-06 23:00:00,3,457.3,0.54,6.59,3.76,2.2,26.39,31.15,21.65
1778112000,2026-05-07 00:00:00,3,473.68,1.47,5.22,5.97,2.12,26.98,32.41,15.91
1778115600,2026-05-07 01:00:00,2,423.31,1.02,4.53,17.42,2.05,23.8,29.08,7.24
1778119200,2026-05-07 02:00:00,2,412.39,1.37,3.64,22.36,2.15,23.39,28.85,5.75
1778122800,2026-05-07 03:00:00,3,409.61,1.07,3.24,32.41,2.18,25.1,30.77,5.7
1778126400,2026-05-07 04:00:00,2,357.61,0.3,1.87,68.52,1.93,22.89,26.8,3.94
1778130000,2026-05-07 05:00:00,2,348.47,0.16,1.53,72.59,1.84,24.91,28.35,3.66
1778133600,2026-05-07 06:00:00,3,353.07,0.12,1.83,71.12,1.93,26.87,30.27,3.67
1778137200,2026-05-07 07:00:00,3,353.95,0.1,2.26,66.47,1.99,26.83,30.04,3.49
1778140800,2026-05-07 08:00:00,3,354.46,0.11,2.58,62.19,1.96,26.17,29.19,3.32
1778144400,2026-05-07 09:00:00,3,353.63,0.09,2.84,58.27,1.91,25.67,28.62,3.21
1778148000,2026-05-07 10:00:00,3,362.45,0.07,3.33,44.71,1.73,25.99,29.21,3.34
1778151600,2026-05-07 11:00:00,3,382.01,0.02,4.13,29.61,1.62,27,30.78,3.7
1778155200,2026-05-07 12:00:00,3,404.04,0,4.76,20.74,1.66,28.09,32.38,4.12
1778158800,2026-05-07 13:00:00,3,438.84,0.02,5.75,14.08,1.83,29.8,35.11,5.41
1778162400,2026-05-07 14:00:00,3,484.41,0.07,6.74,8.45,1.99,32.27,39.02,7.06
1778166000,2026-05-07 15:00:00,3,521.27,0.22,7.36,4.9,2.16,34.18,41.96,9.14
1778169600,2026-05-07 16:00:00,3,538.82,0.43,7.54,3,2.09,34.95,42.42,10.12
1778173200,2026-05-07 17:00:00,3,539.69,0.45,7.48,2.48,1.63,34.85,40.69,8.53
1778176800,2026-05-07 18:00:00,3,542.61,0.32,7.74,2.58,1.32,34.87,39.47,7.29
1778180400,2026-05-07 19:00:00,3,520.42,0.19,7.56,3.49,1.2,33.61,37.01,5.85
1778184000,2026-05-07 20:00:00,3,509.91,0.2,7.31,3.32,1.14,32.88,35.5,4.81
1778187600,2026-05-07 21:00:00,3,507.59,0.24,7.5,2.86,1.19,32.84,34.93,4.02
1778191200,2026-05-07 22:00:00,3,502.68,0.25,8.23,3.03,1.36,32.05,33.7,3.17
1778194800,2026-05-07 23:00:00,3,519.82,0.25,9.37,2.58,1.48,31.91,33.3,2.82
1778198400,2026-05-08 00:00:00,3,545.23,0.26,10.69,2.65,1.58,31.55,32.92,2.62
1778202000,2026-05-08 01:00:00,3,568.46,0.39,11.75,15.54,1.68,27.81,29.2,2.48
1778205600,2026-05-08 02:00:00,3,599.66,0.75,12.22,16.06,1.79,28.03,29.6,2.56
1778209200,2026-05-08 03:00:00,3,632.12,1.27,12.35,14.73,1.91,28.8,30.58,2.78
1778212800,2026-05-08 04:00:00,2,574.02,1.79,11.8,28.1,1.86,20.75,22.29,2.56
1778216400,2026-05-08 05:00:00,2,530.11,1.41,12.88,28.1,2,17.09,18.5,2.52
1778220000,2026-05-08 06:00:00,2,507.47,1.08,14.3,26.38,2.3,15.89,17.21,2.53
1778223600,2026-05-08 07:00:00,2,476.8,0.99,13.94,27.41,2.3,14.94,16.16,2.47
1778227200,2026-05-08 08:00:00,2,472.49,0.68,14.49,25.56,2.5,15.35,16.66,2.79
1778230800,2026-05-08 09:00:00,2,485.75,0.61,15.87,22.46,2.79,16.68,18.14,3.18
1778234400,2026-05-08 10:00:00,2,503.92,0.65,16.81,18.28,2.98,18.49,20.24,3.73
1778238000,2026-05-08 11:00:00,2,522.34,0.29,17.4,14.15,3.09,20.53,22.76,3.94
1778241600,2026-05-08 12:00:00,2,534.41,0.01,17.2,12.1,3.05,22.39,25.15,3.79
1778245200,2026-05-08 13:00:00,2,548.55,0.02,16.35,11.03,2.95,24.49,28.05,3.95
1778248800,2026-05-08 14:00:00,3,575.68,0.03,15.32,10.1,2.83,27.26,31.73,4.62
1778252400,2026-05-08 15:00:00,3,598.46,0.06,14.13,9.7,2.71,30.02,35.33,5.42
1778256000,2026-05-08 16:00:00,3,615.47,0.1,12.95,9.2,2.52,32.48,38.47,6.16
1778259600,2026-05-08 17:00:00,3,625.99,0.15,11.74,8.61,2.17,34.83,40.96,6.47
1778263200,2026-05-08 18:00:00,3,634.47,0.2,10.61,8.11,1.85,37.27,43.14,6.64
1778266800,2026-05-08 19:00:00,3,636.69,0.24,9.5,7.22,1.61,39.21,44.08,6.44
1778270400,2026-05-08 20:00:00,3,629.92,0.26,8.7,7.25,1.47,40.22,44.37,5.93
1778274000,2026-05-08 21:00:00,3,619.03,0.26,8.31,7.98,1.45,40.88,44.54,5.55
1778277600,2026-05-08 22:00:00,3,605.98,0.21,8.14,8.67,1.47,41.14,44.31,5.05
1778281200,2026-05-08 23:00:00,3,597.63,0.12,7.9,8.86,1.51,41.29,44.34,4.66
1778284800,2026-05-09 00:00:00,3,584.48,0.37,7.39,11.42,1.76,41.79,45.15,4.46
1778288400,2026-05-09 01:00:00,3,472.71,0.34,6.18,41.55,2.6,44.57,48.08,3.88
1778292000,2026-05-09 02:00:00,3,446.61,0.27,5.91,49.1,3.13,46.77,50.27,3.73
1778295600,2026-05-09 03:00:00,3,443.82,0.13,6.36,50.27,3.7,48.97,52.25,3.63
1778299200,2026-05-09 04:00:00,3,439.8,0.03,6.65,51.12,4.23,49.93,52.47,2.71
1778302800,2026-05-09 05:00:00,4,453.67,0.03,7.22,51.02,4.49,51.71,53.88,2.55
1778306400,2026-05-09 06:00:00,4,471.54,0.04,7.96,51.83,4.84,53.62,55.62,2.65
1778310000,2026-05-09 07:00:00,4,489.13,0.09,8.48,53.32,5.21,55.78,57.71,2.82
1778313600,2026-05-09 08:00:00,4,504.14,0.17,8.77,54.01,5.58,58.78,60.82,3.11
1778317200,2026-05-09 09:00:00,4,517.81,0.2,9.03,54.71,5.88,62.23,64.4,3.33
1778320800,2026-05-09 10:00:00,4,529.68,0.12,9.51,55,5.59,67.12,69.59,3.82
1778324400,2026-05-09 11:00:00,4,544.2,0.02,9.97,54.65,5.4,72.34,75.25,4.35
1778328000,2026-05-09 12:00:00,5,553.98,0,9.87,54.52,5.23,76.61,79.93,4.61
1778331600,2026-05-09 13:00:00,5,565.01,0,9.36,51.22,4.89,80.17,84.23,4.91
1778335200,2026-05-09 14:00:00,5,582.1,0,8.84,44.81,4.44,83.09,88.12,5.79
1778338800,2026-05-09 15:00:00,5,599.22,0,8.5,40.15,4.2,85.74,91.63,7
1778342400,2026-05-09 16:00:00,5,609.24,0,8.24,36.5,3.77,87.82,94.21,8.01
1778346000,2026-05-09 17:00:00,5,613.49,0,7.83,32.94,3.13,89.96,96.39,7.57
1778349600,2026-05-09 18:00:00,5,618.42,0,7.48,30.07,2.7,92.4,98.84,7.13
1778353200,2026-05-09 19:00:00,5,628.84,0,7.23,25.7,2.31,94.77,101.17,7.16
1778356800,2026-05-09 20:00:00,5,638.56,0.01,7.08,20.18,1.96,96.9,103.19,7.62
1778360400,2026-05-09 21:00:00,5,644.84,0.01,6.98,17.22,1.84,99.07,104.98,8.07
1778364000,2026-05-09 22:00:00,5,628.37,0.01,6.5,17.73,1.94,100.52,105.55,7.58
1778367600,2026-05-09 23:00:00,5,620.75,0.01,5.93,16.26,1.79,101.2,105.91,5.93
1778371200,2026-05-10 00:00:00,5,619.33,0.05,5.6,18.03,1.96,101.63,106.51,4.97
1778374800,2026-05-10 01:00:00,5,556.85,0.09,5.23,50.84,2.76,89.45,94.56,4.12
1778378400,2026-05-10 02:00:00,5,529.64,0.13,5.54,53.78,2.96,81.78,87.07,4.57
1778382000,2026-05-10 03:00:00,5,510.07,0.15,5.83,56.15,3.49,77.07,82.43,5.11
1778385600,2026-05-10 04:00:00,4,431.75,0.18,4.62,67.67,3.92,66.46,70.77,3.51
1778389200,2026-05-10 05:00:00,4,413.2,0.15,4,72.95,4.03,63.35,67.28,3.51
1778392800,2026-05-10 06:00:00,4,418.15,0.17,3.68,78.85,4.38,65.95,69.94,4
1778396400,2026-05-10 07:00:00,4,428.97,0.15,3.48,85.54,4.62,70.86,74.81,4.45
1778400000,2026-05-10 08:00:00,4,437.21,0.12,3.64,88.97,4.69,74.85,78.68,4.84
1778403600,2026-05-10 09:00:00,5,442.74,0.09,4.01,91.54,4.74,78.33,82.08,5.11
1778407200,2026-05-10 10:00:00,5,448.7,0.04,4.49,93.39,4.75,82.05,85.99,5.39
1778410800,2026-05-10 11:00:00,5,456.16,0.01,4.93,92.43,4.66,84.73,89.05,5.48
1778414400,2026-05-10 12:00:00,5,461.6,0,5.02,90.15,4.45,86.45,91.12,5.25
1778418000,2026-05-10 13:00:00,5,471.16,0,5.31,84.57,4.19,87.73,92.93,5.19
1778421600,2026-05-10 14:00:00,5,491.67,0,5.68,78.1,3.85,88.81,94.72,5.72
1778425200,2026-05-10 15:00:00,5,508.82,0,5.84,72.5,3.5,89.05,95.5,6.49
1778428800,2026-05-10 16:00:00,5,519.53,0,5.95,58.6,2.85,88.39,95.04,7.96
1778432400,2026-05-10 17:00:00,5,526.48,0,6.04,44,2.28,88.27,94.8,9.59
1778436000,2026-05-10 18:00:00,5,536.19,0,6.24,37.1,2.16,88.83,95.36,11.84
1778439600,2026-05-10 19:00:00,5,550.02,0,6.54,34.41,2.19,90.56,97.18,14.17
1778443200,2026-05-10 20:00:00,5,567.99,0.01,6.66,31.05,2.08,92.44,99.05,14.54
1778446800,2026-05-10 21:00:00,5,584.59,0.04,6.72,27.44,1.94,93.16,99.09,13.85
1778450400,2026-05-10 22:00:00,5,599.66,0.11,6.66,23.21,1.77,93.89,99.44,12.33
1778454000,2026-05-10 23:00:00,5,612.5,0.19,6.46,19.39,1.66,95.06,100.93,10.08
1778457600,2026-05-11 00:00:00,5,627.38,0.62,6.07,19.55,1.83,95.14,101.78,8.53
1778547600,2026-05-12 01:00:00,2,254.44,0.12,2.62,21.95,1.26,16.82,20.48,2.47
1778551200,2026-05-12 02:00:00,2,239.54,0.16,2.24,25.16,1.16,13.95,17.21,2.48
1778554800,2026-05-12 03:00:00,2,232.18,0.18,1.96,28.98,1.17,12.11,15.05,2.73
1778558400,2026-05-12 04:00:00,1,216.25,0.05,1.67,44.19,1.07,9.18,11.17,2.43
1778562000,2026-05-12 05:00:00,1,206.65,0.02,1.54,49.1,0.97,7.62,9.09,2.31
1778565600,2026-05-12 06:00:00,1,202.43,0.02,1.54,49.89,0.94,7.19,8.49,2.35
1778569200,2026-05-12 07:00:00,1,204,0.02,1.68,50.76,1.01,6.93,8.13,2.51
1778572800,2026-05-12 08:00:00,1,205.4,0.02,1.89,50.76,1.13,6.55,7.72,2.73
1778576400,2026-05-12 09:00:00,1,206.8,0.02,2.03,50.4,1.18,6.22,7.4,2.84
1778580000,2026-05-12 10:00:00,1,212.72,0.03,2.4,38.8,1.25,6.27,7.85,3.29
1778583600,2026-05-12 11:00:00,1,227.72,0.01,2.94,25.93,1.37,6.81,9.05,3.51
1778587200,2026-05-12 12:00:00,1,242.96,0.01,3.27,19.02,1.46,7.46,10.37,3.76
1778590800,2026-05-12 13:00:00,1,254.58,0.02,3.5,15.52,1.54,8.13,11.75,4.43
1778594400,2026-05-12 14:00:00,1,265.05,0.03,3.6,13.53,1.54,8.84,13.02,4.35
1778598000,2026-05-12 15:00:00,1,275.55,0.04,3.64,12.29,1.5,9.55,14.11,4.02
1778601600,2026-05-12 16:00:00,2,283.23,0.04,3.83,11.79,1.48,10.15,14.79,4.83
1778605200,2026-05-12 17:00:00,2,292.13,0.03,4.28,11.78,1.47,10.69,15.2,6.81
1778608800,2026-05-12 18:00:00,2,303.75,0.03,4.75,11.71,1.47,11.28,15.67,8.68
1778612400,2026-05-12 19:00:00,2,315.75,0.03,5.06,11.49,1.46,11.8,16.02,10.27
1778616000,2026-05-12 20:00:00,2,326.1,0.03,5.28,11.11,1.45,12.28,16.28,11.42
1778619600,2026-05-12 21:00:00,2,334.43,0.03,5.42,10.57,1.44,12.77,16.51,12.09
1778623200,2026-05-12 22:00:00,2,334.32,0.04,5.02,8.91,1.34,13.05,16.56,9.59
1778626800,2026-05-12 23:00:00,2,333.9,0.09,4.35,7.3,1.25,13.01,16.5,5.83
1778630400,2026-05-13 00:00:00,2,337.88,0.82,3.05,9.7,1.35,12.99,16.61,4.43
1778634000,2026-05-13 01:00:00,2,338.97,1.13,2.52,20.22,1.58,12.81,16.42,4.17
1778637600,2026-05-13 02:00:00,2,345.23,0.84,2.52,28.64,1.77,15.22,18.97,4.43
1778641200,2026-05-13 03:00:00,2,344.41,0.41,2.01,42.38,1.92,20.9,24.57,4.69
1778644800,2026-05-13 04:00:00,2,312.58,0.14,0.98,64.48,1.38,15.81,17.48,2.77
1778648400,2026-05-13 05:00:00,2,306.82,0.1,0.75,62.91,1.05,13.19,14.32,2.36
1778652000,2026-05-13 06:00:00,2,307.37,0.1,0.73,60.56,0.95,12.74,13.76,2.35
1778655600,2026-05-13 07:00:00,2,318.86,0.12,0.93,58.51,1.01,12.79,13.88,2.82
1778659200,2026-05-13 08:00:00,2,336.74,0.15,1.33,55.53,1.22,13.45,14.82,3.75
1778662800,2026-05-13 09:00:00,2,353.7,0.17,1.85,52.39,1.38,13.79,15.41,4.56
1778666400,2026-05-13 10:00:00,2,366.82,0.17,2.54,45.27,1.51,13.92,15.87,5.26
1778670000,2026-05-13 11:00:00,2,377.73,0.08,3.21,35.59,1.53,13.66,15.91,5.15
1778673600,2026-05-13 12:00:00,2,386.69,0.01,3.41,28.61,1.51,13.28,15.81,4.72
1778677200,2026-05-13 13:00:00,2,392.85,0.01,3.4,24.57,1.46,13.44,16.17,4.45
1778680800,2026-05-13 14:00:00,2,401.56,0.01,3.46,22.07,1.42,13.95,16.82,4.55
1778684400,2026-05-13 15:00:00,2,408.95,0.02,3.54,20.08,1.4,14.01,16.92,4.74
1778688000,2026-05-13 16:00:00,2,410.45,0.02,3.56,18.27,1.31,13.43,16.27,4.88
1778691600,2026-05-13 17:00:00,2,410.06,0.03,3.54,16.77,1.17,12.6,15.22,5.05
1778695200,2026-05-13 18:00:00,2,408,0.04,3.45,15.76,1.06,11.66,14.01,5.31
1778698800,2026-05-13 19:00:00,2,403.94,0.05,3.3,14.81,0.95,10.63,12.75,5.71
1778702400,2026-05-13 20:00:00,1,401.24,0.05,3.23,13.62,0.87,9.9,11.88,6.12
1778706000,2026-05-13 21:00:00,1,399.55,0.06,3.21,12.52,0.84,9.47,11.39,6.28
1778709600,2026-05-13 22:00:00,1,396.84,0.06,3.22,11.29,0.84,9.21,11.13,6.07
1778713200,2026-05-13 23:00:00,1,393.78,0.06,3.12,10.6,0.88,8.89,10.83,5.41
1778716800,2026-05-14 00:00:00,1,395.44,0.33,2.77,11.91,1.05,8.74,10.96,4.98
1778720400,2026-05-14 01:00:00,1,400.86,0.67,2.44,18.4,1.31,8.55,10.98,4.93
1778724000,2026-05-14 02:00:00,1,401.94,0.61,2.36,26.42,1.55,9.66,12.31,5.58
1778727600,2026-05-14 03:00:00,2,391.71,0.35,1.9,39.2,1.74,12.63,15.24,5.74
1778731200,2026-05-14 04:00:00,1,318.27,0.08,0.76,57.8,0.8,5.36,6.04,1.95
1778734800,2026-05-14 05:00:00,1,280.45,0.06,0.66,56.21,0.58,3.24,3.62,1.45
1778738400,2026-05-14 06:00:00,1,266.77,0.06,0.69,54.91,0.58,2.96,3.31,1.45
1778742000,2026-05-14 07:00:00,1,264.06,0.07,0.73,54.33,0.6,3.07,3.4,1.45
1778745600,2026-05-14 08:00:00,1,265.36,0.08,0.74,53.76,0.6,3.4,3.71,1.42
1778749200,2026-05-14 09:00:00,1,266.67,0.08,0.77,53.05,0.58,3.63,3.93,1.39
1778752800,2026-05-14 10:00:00,1,276.52,0.13,1.24,44.46,0.8,4.34,4.94,2.39
1778756400,2026-05-14 11:00:00,1,297.65,0.08,2.2,34.59,1.15,5.42,6.58,3.56
1778760000,2026-05-14 12:00:00,1,318.92,0.01,2.84,28.75,1.33,6.38,8.09,4.18
1778763600,2026-05-14 13:00:00,1,335.41,0,3.13,25.93,1.4,7.3,9.5,4.83
1778767200,2026-05-14 14:00:00,1,350.39,0.01,3.15,23.99,1.34,7.86,10.29,4.82
1778770800,2026-05-14 15:00:00,1,359.39,0.01,2.93,22.6,1.2,7.9,10.36,4.47
1778774400,2026-05-14 16:00:00,1,365.88,0.02,2.86,20.82,1.07,7.86,10.25,4.61
1778778000,2026-05-14 17:00:00,1,373.52,0.02,2.97,18.59,0.95,7.97,10.17,5.1
1778781600,2026-05-14 18:00:00,1,376.47,0.02,3.06,16.68,0.86,8.08,10.09,5.18
1778785200,2026-05-14 19:00:00,1,376.75,0.02,3.08,14.86,0.81,8.09,10,5.13
1778788800,2026-05-14 20:00:00,1,375.01,0.03,3.05,13.37,0.79,8.03,9.87,5.37
1778792400,2026-05-14 21:00:00,1,373.61,0.04,3.09,12.79,0.81,7.95,9.75,6.12
1778796000,2026-05-14 22:00:00,1,374.01,0.04,3.22,12.43,0.87,7.87,9.67,7.01
1778799600,2026-05-14 23:00:00,1,372.52,0.06,3.09,11.36,0.9,7.65,9.49,6.03
1778803200,2026-05-15 00:00:00,1,375.74,0.42,2.56,12.42,1.06,7.6,9.7,4.97
1778806800,2026-05-15 01:00:00,1,367.21,0.56,2.19,26.17,1.32,6.71,8.7,4.38
1778810400,2026-05-15 02:00:00,1,364.41,0.5,2.12,34.15,1.6,8.01,10.19,5.01
1778814000,2026-05-15 03:00:00,2,359.64,0.3,1.71,45.91,1.9,12.35,14.63,5.54
1778817600,2026-05-15 04:00:00,2,354.49,0.19,1.86,60.49,2.08,16.42,18.7,5.93
1778821200,2026-05-15 05:00:00,2,376.24,0.22,2.65,61.03,2.4,20.51,23.58,8.31
1778824800,2026-05-15 06:00:00,3,404.77,0.25,3.23,66.49,2.86,25.78,29.68,11.33
1778828400,2026-05-15 07:00:00,3,431.2,0.23,3.74,75.27,3.39,31.37,35.8,14.47
1778832000,2026-05-15 08:00:00,3,431.75,0.2,3.96,72.5,3.26,32.3,36.56,13.7
1778835600,2026-05-15 09:00:00,3,406.06,0.15,4.01,64.1,2.89,27.87,31.47,11
1778839200,2026-05-15 10:00:00,2,365.46,0.11,4.06,49.93,2.61,20.81,23.79,8.79
1778842800,2026-05-15 11:00:00,2,362.11,0.06,4.88,35.26,2.45,17,20.31,9.12
1778846400,2026-05-15 12:00:00,2,367.33,0.01,5.43,24.89,2.27,14.63,18.49,9.08
1778850000,2026-05-15 13:00:00,2,367.05,0.01,5.62,18.69,2.08,12.99,17.32,8.35
1778853600,2026-05-15 14:00:00,2,359.9,0.01,5.45,15.22,1.91,11.54,15.88,8.02
1778857200,2026-05-15 15:00:00,1,343.05,0.02,4.95,13.06,1.73,9.68,13.59,7.43
1778860800,2026-05-15 16:00:00,1,314.87,0.03,4.22,11.89,1.46,7.6,10.71,6.22
1778864400,2026-05-15 17:00:00,1,303.45,0.04,3.92,10.63,1.24,6.65,9.23,6.09
1778868000,2026-05-15 18:00:00,1,296.01,0.05,3.63,9.76,1.05,6.08,8.23,6.24
1778871600,2026-05-15 19:00:00,1,300.26,0.06,3.62,8.26,0.88,6.16,8.18,7.26
1778875200,2026-05-15 20:00:00,1,314.86,0.09,3.88,6.51,0.78,6.8,8.88,7.57
1778878800,2026-05-15 21:00:00,1,328.48,0.13,4.1,5.38,0.75,7.5,9.7,7.02
1778882400,2026-05-15 22:00:00,1,339.99,0.17,4.26,4.47,0.76,8.16,10.49,6.77
1778886000,2026-05-15 23:00:00,1,344.69,0.21,4.11,4.26,0.79,8.4,10.74,6.36
1778889600,2026-05-16 00:00:00,1,343.69,0.6,3.35,5.86,0.93,8.29,10.74,5.77
1778893200,2026-05-16 01:00:00,1,330.05,0.74,2.83,10.35,1.08,7.41,9.68,5.09
1778896800,2026-05-16 02:00:00,1,330.24,0.71,2.95,14.5,1.35,7.56,10.03,5.87
1778900400,2026-05-16 03:00:00,1,329.75,0.52,2.92,22.59,1.66,8.72,11.32,6.58
1778904000,2026-05-16 04:00:00,1,285.08,0.17,2.57,36.09,1.77,7.69,9.46,5.17
1778907600,2026-05-16 05:00:00,1,280.01,0.12,3.15,36.12,1.86,8.27,10.21,6.1
1778911200,2026-05-16 06:00:00,1,293.12,0.11,3.81,35.69,1.95,9.37,11.53,7.05
1778914800,2026-05-16 07:00:00,2,311.34,0.11,4.46,32.58,2.08,10.66,13.01,7.87
1778918400,2026-05-16 08:00:00,2,325.8,0.13,4.68,27.96,2.09,12.27,14.78,7.67
1778922000,2026-05-16 09:00:00,2,329.68,0.2,4.45,26.14,1.98,13.94,16.43,6.56
1778925600,2026-05-16 10:00:00,2,340.6,0.33,4.46,26.03,1.89,15.98,18.57,6.78
1778929200,2026-05-16 11:00:00,2,377.01,0.12,5.84,21.63,2.01,18.26,21.38,8.57
1778932800,2026-05-16 12:00:00,2,418.91,0.01,7.11,17.21,2.33,20.39,24.2,11.18
1778936400,2026-05-16 13:00:00,2,464.59,0.01,8.25,13.98,2.73,23.15,27.93,14.47
1778940000,2026-05-16 14:00:00,3,496.89,0.03,8.53,10.71,2.7,25.48,30.99,14.77
1778943600,2026-05-16 15:00:00,3,510.4,0.06,8.32,7.64,2.45,26.48,32.23,13.2
1778947200,2026-05-16 16:00:00,3,512.8,0.12,8.06,5.09,2.17,26.47,32.03,12.28
1778950800,2026-05-16 17:00:00,3,517.2,0.22,8.02,3.26,1.98,26.77,31.53,13.67
1778954400,2026-05-16 18:00:00,3,525.66,0.35,8.07,2.09,1.94,27.51,31.81,16.53
1778958000,2026-05-16 19:00:00,3,527.11,0.54,7.89,1.36,1.89,27.77,31.6,18.61
1778961600,2026-05-16 20:00:00,3,517.84,0.73,7.12,0.97,1.61,27.13,30.34,16.33
1778965200,2026-05-16 21:00:00,3,502.49,0.85,6.44,0.82,1.34,26.07,28.77,13.11
1778968800,2026-05-16 22:00:00,2,482.46,0.75,6.04,0.88,1.17,24.57,26.84,10.29
1778972400,2026-05-16 23:00:00,2,468.58,0.66,5.7,1,1.12,23.14,25.33,8.69
1778976000,2026-05-17 00:00:00,2,459.43,1.26,4.63,2.63,1.25,21.95,24.49,7.87
1778979600,2026-05-17 01:00:00,2,414,0.88,4.8,7.57,1.61,18.99,21.39,5.94
1778983200,2026-05-17 02:00:00,2,394.65,0.62,5.03,10.2,1.84,17.64,20.09,4.83
1778986800,2026-05-17 03:00:00,2,383.08,0.42,5.26,13,2.06,16.96,19.43,4.46
1778990400,2026-05-17 04:00:00,2,330.63,0.25,4.58,27.57,1.89,12.99,14.77,3.78
1778994000,2026-05-17 05:00:00,2,326.98,0.26,4.49,29.68,1.78,12.62,14.54,4.4
1778997600,2026-05-17 06:00:00,2,338.71,0.23,4.73,30.73,1.85,13.72,15.85,5.52
1779001200,2026-05-17 07:00:00,2,355.93,0.19,5.45,28.47,2.18,15,17.41,8.1
1779004800,2026-05-17 08:00:00,2,382.42,0.22,6.65,24.76,2.66,16.55,19.42,11.82
1779008400,2026-05-17 09:00:00,2,414.04,0.35,7.7,24.23,3.16,18.47,21.82,15.77
1779012000,2026-05-17 10:00:00,2,440.86,0.55,8.4,26.89,3.53,20.85,24.52,18.84
1779015600,2026-05-17 11:00:00,2,442.63,0.13,8.97,25.26,3.48,21.35,24.98,18.22
1779019200,2026-05-17 12:00:00,2,412.42,0.01,7.46,22.62,2.91,19.58,22.7,13.5
1779022800,2026-05-17 13:00:00,2,360.6,0,5.32,21.29,2.05,16.65,19.1,6.51
1779026400,2026-05-17 14:00:00,2,353.89,0.01,4.71,18.99,1.75,16.59,19.15,5.1
1779030000,2026-05-17 15:00:00,2,355.27,0.01,4.43,16.81,1.56,16.84,19.54,4.64
1779033600,2026-05-17 16:00:00,2,361.17,0.02,4.34,13.79,1.36,17.26,20.04,4.57
1779037200,2026-05-17 17:00:00,2,372.91,0.03,4.45,10.39,1.16,18.08,20.88,5.23
1779040800,2026-05-17 18:00:00,2,386.35,0.06,4.71,8.16,1.12,19.06,21.96,6.53
1779044400,2026-05-17 19:00:00,2,400.52,0.08,5.22,6.89,1.18,19.85,22.83,8.82
1779048000,2026-05-17 20:00:00,2,420.19,0.11,5.77,6.16,1.28,20.68,23.57,11.32
1779051600,2026-05-17 21:00:00,2,441.21,0.16,6.29,5.77,1.39,21.61,24.47,13.7
1779055200,2026-05-17 22:00:00,2,458.75,0.2,6.74,5.78,1.49,22.44,25.32,15.25
1779058800,2026-05-17 23:00:00,2,464.03,0.23,6.82,6.01,1.55,22.86,25.85,14.64
1779062400,2026-05-18 00:00:00,2,465.93,0.53,6.22,6.86,1.73,23.11,26.5,11.75
1779066000,2026-05-18 01:00:00,2,433.5,0.51,5.7,12.47,2.05,21.72,24.89,6.43
1779069600,2026-05-18 02:00:00,2,428.19,0.73,5.29,15.41,2.2,21.21,24.47,5.27
1779073200,2026-05-18 03:00:00,2,416.2,0.74,4.74,18.9,2.23,20.39,23.47,4.77
1779076800,2026-05-18 04:00:00,2,331.95,0.33,3.03,39.29,1.72,13.85,15.58,2.95
1779080400,2026-05-18 05:00:00,1,281.27,0.11,2.05,45.79,1.23,9.38,10.38,2.11
1779084000,2026-05-18 06:00:00,1,258.75,0.05,1.66,47.38,0.98,7.42,8.12,1.75
1779087600,2026-05-18 07:00:00,1,255.05,0.04,1.8,46.63,1.05,7.05,7.75,1.97
1779091200,2026-05-18 08:00:00,1,265.48,0.07,2.28,44.35,1.28,7.9,8.81,2.55
1779094800,2026-05-18 09:00:00,1,277.61,0.1,2.72,43.13,1.42,9.28,10.39,2.89
1779098400,2026-05-18 10:00:00,2,292.87,0.15,3.31,39.09,1.5,10.99,12.38,3.31
1779102000,2026-05-18 11:00:00,2,312.3,0.05,4.12,32.38,1.57,12.74,14.53,3.58
1779105600,2026-05-18 12:00:00,2,330.14,0,4.53,26.87,1.61,14.26,16.51,3.78
1779109200,2026-05-18 13:00:00,2,343.19,0,4.69,22.95,1.67,15.68,18.44,4.13
1779112800,2026-05-18 14:00:00,2,345.69,0,4.49,20.18,1.64,16.42,19.49,4.13
1779116400,2026-05-18 15:00:00,2,340.09,0.01,4.13,18.07,1.55,16.27,19.33,3.99
1779120000,2026-05-18 16:00:00,2,329.49,0.01,3.8,16.09,1.41,15.66,18.49,3.86
1779123600,2026-05-18 17:00:00,2,325.04,0.02,3.68,13.9,1.27,15.3,17.84,3.93
1779127200,2026-05-18 18:00:00,2,323.97,0.04,3.73,12.23,1.21,15.27,17.64,4.15
1779130800,2026-05-18 19:00:00,2,330,0.06,3.92,10.33,1.17,15.59,17.93,4.49
1779134400,2026-05-18 20:00:00,2,342.11,0.08,4.15,8.02,1.1,16.15,18.53,4.74
1779138000,2026-05-18 21:00:00,2,354.55,0.11,4.36,6.07,1.06,16.74,19.16,4.95
1779141600,2026-05-18 22:00:00,2,364.61,0.14,4.56,4.66,1.08,17.14,19.61,5.1
1779145200,2026-05-18 23:00:00,2,371.26,0.16,4.7,3.96,1.18,17.15,19.67,5.07
1779148800,2026-05-19 00:00:00,2,377.24,0.43,4.59,4.62,1.45,16.99,19.71,5
1779238800,2026-05-20 01:00:00,2,369.38,0.81,3.76,6.82,1.47,14.08,16.53,3.73
1779242400,2026-05-20 02:00:00,2,390.18,1.14,3.86,8.69,1.67,14.92,17.81,4.09
1779246000,2026-05-20 03:00:00,2,411.56,1.07,4.22,13.31,1.89,16.95,20.24,5.01
1779249600,2026-05-20 04:00:00,2,383.97,0.48,3.89,33.53,1.85,18.18,20.76,4.76
1779253200,2026-05-20 05:00:00,2,361.86,0.25,3.04,42.68,1.66,20.18,22.18,3.76
1779256800,2026-05-20 06:00:00,2,338.83,0.15,2.25,48,1.47,21.39,22.77,2.86
1779260400,2026-05-20 07:00:00,2,303.98,0.08,1.26,49.64,0.84,18.19,18.86,1.56
1779264000,2026-05-20 08:00:00,2,297.28,0.06,1.16,50.01,0.67,16.56,17.09,1.44
1779267600,2026-05-20 09:00:00,2,298.23,0.05,1.24,50.65,0.65,15.72,16.24,1.5
1779271200,2026-05-20 10:00:00,2,311.15,0.06,1.78,48.92,0.89,17.38,18.11,2.12
1779274800,2026-05-20 11:00:00,2,330.46,0.03,2.69,43.63,1.21,20.56,21.64,2.79
1779278400,2026-05-20 12:00:00,2,346.55,0,3.27,38.17,1.36,22.28,23.7,2.81
1779282000,2026-05-20 13:00:00,2,355.79,0,3.59,32.22,1.43,23.04,24.83,2.66
1779285600,2026-05-20 14:00:00,2,363.17,0,3.66,26.48,1.41,23.11,25.13,2.66
1779289200,2026-05-20 15:00:00,2,365.87,0.01,3.56,22.14,1.32,22.57,24.75,2.81
1779292800,2026-05-20 16:00:00,2,364.61,0.01,3.46,18.9,1.17,20.97,23.04,2.96
1779296400,2026-05-20 17:00:00,2,365.14,0.02,3.5,16.56,1.02,19.29,21.08,3.37
1779300000,2026-05-20 18:00:00,2,368.7,0.03,3.76,14.94,0.99,18.15,19.74,4.3
1779303600,2026-05-20 19:00:00,2,374.9,0.03,4.24,13.69,1.05,17.3,18.85,5.72
1779307200,2026-05-20 20:00:00,2,383.74,0.04,4.63,12.49,1.12,16.66,18.25,6.66
1779310800,2026-05-20 21:00:00,2,393.26,0.04,4.97,11.35,1.17,16.25,17.89,7.26
1779314400,2026-05-20 22:00:00,2,401.69,0.04,5.07,10.08,1.21,16.25,17.95,6.98
1779318000,2026-05-20 23:00:00,2,404.64,0.06,4.6,8.57,1.22,16.18,17.94,5.06
1779321600,2026-05-21 00:00:00,2,409.62,0.49,3.81,9.36,1.37,16.21,18.19,4.04
1779325200,2026-05-21 01:00:00,2,415.61,0.85,3.31,13.88,1.58,16.63,18.78,3.58
1779328800,2026-05-21 02:00:00,2,417.55,0.77,3.27,18.36,1.78,17.61,19.92,3.46
1779332400,2026-05-21 03:00:00,2,417.12,0.55,3.19,23.7,1.93,19.26,21.61,3.45
1779336000,2026-05-21 04:00:00,2,357.69,0.13,2.28,31.96,1.19,13.96,15.24,2.07
1779339600,2026-05-21 05:00:00,1,318.59,0.07,1.87,32.59,0.83,9.22,10.03,1.55
1779343200,2026-05-21 06:00:00,1,307.04,0.07,1.83,33.15,0.75,7.47,8.16,1.51
1779346800,2026-05-21 07:00:00,1,304.52,0.07,1.98,34.34,0.83,6.61,7.31,1.75
1779350400,2026-05-21 08:00:00,1,309.98,0.07,2.41,34.5,1.03,7.24,8.07,2.29
1779354000,2026-05-21 09:00:00,1,319.08,0.08,2.9,34.19,1.19,8.25,9.21,2.76
1779357600,2026-05-21 10:00:00,1,331.66,0.09,3.43,33.5,1.32,9.55,10.66,3.2
1779361200,2026-05-21 11:00:00,2,341.47,0.03,3.92,30.72,1.39,10.64,11.94,3.27
1779364800,2026-05-21 12:00:00,2,347.32,0,4,27.95,1.37,11.27,12.82,2.91
1779368400,2026-05-21 13:00:00,2,348.51,0,3.89,22.65,1.32,11.76,13.93,2.63
1779372000,2026-05-21 14:00:00,2,354.77,0.01,3.81,17.15,1.3,12.38,15.34,2.86
1779375600,2026-05-21 15:00:00,2,363.74,0.03,3.83,13.54,1.32,12.88,16.42,3.28
1779379200,2026-05-21 16:00:00,2,370.15,0.05,3.99,11.07,1.32,13.05,16.82,3.98
1779382800,2026-05-21 17:00:00,2,376.69,0.06,4.27,9.39,1.28,13.01,16.64,4.86
1779386400,2026-05-21 18:00:00,2,382.9,0.07,4.65,8.23,1.27,13.02,16.46,6.14
1779390000,2026-05-21 19:00:00,2,389.15,0.07,5.04,7.64,1.3,13.06,16.3,7.58
1779393600,2026-05-21 20:00:00,2,392.41,0.07,5.18,7.5,1.3,12.93,15.9,8.34
1779397200,2026-05-21 21:00:00,2,390.6,0.07,5.12,7.69,1.28,12.72,15.41,8.57
1779400800,2026-05-21 22:00:00,2,385.18,0.07,4.85,7.91,1.25,12.37,14.83,7.94
1779404400,2026-05-21 23:00:00,2,376.49,0.08,4.32,8.21,1.2,11.82,14.1,6.1
1779408000,2026-05-22 00:00:00,2,367.82,0.34,3.49,10.54,1.23,11.17,13.43,4.67
1779411600,2026-05-22 01:00:00,1,352.68,0.36,2.85,21.44,1.21,9.12,10.92,3.43
1779415200,2026-05-22 02:00:00,1,337.6,0.24,2.51,28.48,1.21,7.65,9.23,3.21
1779418800,2026-05-22 03:00:00,1,324.31,0.16,2.16,34.39,1.17,6.88,8.3,3.15
1779422400,2026-05-22 04:00:00,1,295,0.07,1.42,47.82,0.71,4.41,5.13,2
1779426000,2026-05-22 05:00:00,1,281.24,0.05,1.27,49.24,0.61,3.69,4.26,1.82
1779429600,2026-05-22 06:00:00,1,274.81,0.05,1.28,48.16,0.62,3.7,4.27,1.87
1779433200,2026-05-22 07:00:00,1,273.24,0.06,1.38,47.83,0.69,3.88,4.49,2.01
1779436800,2026-05-22 08:00:00,1,272.53,0.06,1.57,48.53,0.82,4.1,4.77,2.23
1779440400,2026-05-22 09:00:00,1,272.81,0.06,1.74,50.87,0.91,4.12,4.83,2.36
1779444000,2026-05-22 10:00:00,1,276.11,0.06,2.06,48.23,1.02,4.37,5.25,2.83
1779447600,2026-05-22 11:00:00,1,285.78,0.02,2.56,40.62,1.14,4.85,6.09,3.46
1779451200,2026-05-22 12:00:00,1,295.83,0,2.79,35.62,1.19,5.2,6.8,3.68
1779454800,2026-05-22 13:00:00,1,305.88,0,2.88,31.7,1.18,5.47,7.42,3.74
1779458400,2026-05-22 14:00:00,1,318.95,0,3.02,27.65,1.2,5.75,7.99,4.04
1779462000,2026-05-22 15:00:00,1,331.74,0.01,3.14,24.19,1.22,6.02,8.42,4.39
1779465600,2026-05-22 16:00:00,1,337.27,0.01,3.12,21.79,1.14,6.07,8.38,4.73
1779469200,2026-05-22 17:00:00,1,338.2,0.01,3.05,20.94,1.02,6,8.01,5.31
1779472800,2026-05-22 18:00:00,1,336.78,0.01,2.97,21.2,0.89,5.97,7.69,6.18
1779476400,2026-05-22 19:00:00,1,333.62,0.01,2.9,22,0.8,5.93,7.41,7.06
1779480000,2026-05-22 20:00:00,1,329.73,0.01,2.8,22.12,0.74,5.81,7.12,7.44
1779483600,2026-05-22 21:00:00,1,326.17,0.01,2.71,21.53,0.72,5.65,6.85,7.44
1779487200,2026-05-22 22:00:00,1,323.1,0.01,2.64,20.39,0.72,5.44,6.59,7.14
1779490800,2026-05-22 23:00:00,1,320.52,0.02,2.51,19.32,0.73,5.16,6.28,6.38
1779494400,2026-05-23 00:00:00,1,320.97,0.26,2.11,20.37,0.79,5.06,6.33,5.57
1779498000,2026-05-23 01:00:00,1,320.81,0.39,1.71,27.14,0.86,5.26,6.62,4.47
1779501600,2026-05-23 02:00:00,1,315.68,0.3,1.4,34.54,0.89,6.07,7.36,3.69
1779505200,2026-05-23 03:00:00,1,307.92,0.2,1.06,42.68,0.85,7.15,8.23,3.19
1779508800,2026-05-23 04:00:00,1,283.27,0.1,0.8,55.52,0.6,6.38,6.88,1.9
1779512400,2026-05-23 05:00:00,1,264.31,0.08,0.82,55.72,0.52,5.64,6.01,1.62
1779516000,2026-05-23 06:00:00,1,253.37,0.07,0.83,54.72,0.5,5.56,5.89,1.59
1779519600,2026-05-23 07:00:00,1,238.15,0.08,0.82,53.29,0.5,5.67,5.98,1.58
1779523200,2026-05-23 08:00:00,1,220.94,0.09,0.83,51.08,0.53,5.86,6.19,1.69
1779526800,2026-05-23 09:00:00,1,211.3,0.1,0.89,49.79,0.57,6.35,6.72,1.86
1779530400,2026-05-23 10:00:00,1,211.62,0.1,1.2,45.84,0.66,7.11,7.64,2.46
1779534000,2026-05-23 11:00:00,1,221.59,0.05,1.81,39.84,0.81,8.11,8.93,3.43
1779537600,2026-05-23 12:00:00,1,233.95,0,2.26,35.43,0.92,8.85,10,4.06
1779541200,2026-05-23 13:00:00,1,244.25,0,2.53,31.83,0.98,9.33,10.81,4.27
1779544800,2026-05-23 14:00:00,1,257.13,0,2.68,28.44,0.99,9.25,10.91,4.4
1779548400,2026-05-23 15:00:00,1,267.73,0,2.62,26.04,0.91,8.5,10.19,4.27
1779552000,2026-05-23 16:00:00,1,273.56,0.01,2.44,25.05,0.78,7.41,8.97,4.07
1779555600,2026-05-23 17:00:00,1,278.61,0.01,2.34,24.75,0.67,6.56,7.91,4.15
1779559200,2026-05-23 18:00:00,1,281.66,0.01,2.32,24.39,0.62,6.07,7.27,4.52
1779562800,2026-05-23 19:00:00,1,281.3,0.01,2.32,23.95,0.6,5.72,6.83,4.99
1779566400,2026-05-23 20:00:00,1,280.22,0.01,2.32,23.56,0.6,5.47,6.5,5.37
1779570000,2026-05-23 21:00:00,1,278.47,0.01,2.34,23.22,0.61,5.31,6.29,5.77
1779573600,2026-05-23 22:00:00,1,274.8,0.01,2.33,22.59,0.63,5.07,6.02,5.81
1779577200,2026-05-23 23:00:00,1,268.21,0.01,2.21,21.55,0.63,4.64,5.57,4.96
1779580800,2026-05-24 00:00:00,1,262.31,0.13,1.97,21.63,0.68,4.26,5.29,4.12
1779670800,2026-05-25 01:00:00,1,198.11,0.38,1.31,26.77,0.83,4.33,5.43,3.28
1779674400,2026-05-25 02:00:00,1,195.91,0.27,1.15,34.57,0.85,5.3,6.35,3.2
1779678000,2026-05-25 03:00:00,1,192.9,0.18,1.01,41.23,0.83,6.28,7.2,3.02
1779681600,2026-05-25 04:00:00,1,178.25,0.12,0.82,48.88,0.69,5.79,6.3,2.24
1779685200,2026-05-25 05:00:00,1,161.28,0.12,0.73,48.24,0.61,5.2,5.57,1.85
1779688800,2026-05-25 06:00:00,1,153.89,0.12,0.71,48.57,0.57,5.16,5.48,1.67
1779692400,2026-05-25 07:00:00,1,155.95,0.14,0.75,49.97,0.57,5.55,5.86,1.67
1779696000,2026-05-25 08:00:00,1,162.21,0.16,0.88,51.39,0.69,6.46,6.85,1.97
1779699600,2026-05-25 09:00:00,1,168.63,0.18,1.06,52.38,0.79,7.27,7.75,2.3
1779703200,2026-05-25 10:00:00,1,175.53,0.2,1.38,48.84,0.89,7.55,8.18,2.81
1779706800,2026-05-25 11:00:00,1,181.47,0.15,1.9,41.21,0.97,7.01,7.87,3.45
1779710400,2026-05-25 12:00:00,1,185.97,0.01,2.35,33.56,0.97,6.17,7.27,3.69
1779714000,2026-05-25 13:00:00,1,189.74,0,2.49,28.06,0.96,5.73,7.1,3.57
1779717600,2026-05-25 14:00:00,1,194.78,0,2.62,23.84,0.97,5.6,7.2,3.6
1779721200,2026-05-25 15:00:00,1,197.84,0.01,2.68,20.55,0.96,5.5,7.26,3.61
1779724800,2026-05-25 16:00:00,1,196.88,0.01,2.67,18.02,0.92,5.28,7.02,3.66
1779728400,2026-05-25 17:00:00,1,195.72,0.02,2.67,16.17,0.85,5.02,6.57,3.88
1779732000,2026-05-25 18:00:00,1,195.07,0.02,2.65,14.7,0.82,4.81,6.2,4.14
1779735600,2026-05-25 19:00:00,1,193.55,0.03,2.59,13.75,0.8,4.54,5.83,4.37
1779739200,2026-05-25 20:00:00,1,191.67,0.03,2.56,13.4,0.79,4.23,5.44,4.66
1779742800,2026-05-25 21:00:00,1,190.8,0.02,2.56,13.35,0.81,3.99,5.14,5.03
1779746400,2026-05-25 22:00:00,1,190.14,0.02,2.57,13.3,0.84,3.76,4.89,5.24
1779750000,2026-05-25 23:00:00,1,187.7,0.05,2.39,13.54,0.86,3.44,4.53,4.77
1779753600,2026-05-26 00:00:00,1,185.42,0.41,1.71,16.55,0.92,3.17,4.35,4.07
1779757200,2026-05-26 01:00:00,1,180.34,0.48,1.32,24.49,0.96,3.15,4.3,3.33
1779760800,2026-05-26 02:00:00,1,177.16,0.35,1.14,33.87,1.03,4.01,5.13,3.13
1779764400,2026-05-26 03:00:00,1,171.86,0.23,0.91,43.05,1.03,5.31,6.31,2.85
1779768000,2026-05-26 04:00:00,1,150.9,0.12,0.52,49.4,0.61,4.05,4.5,1.52
1779771600,2026-05-26 05:00:00,1,140.77,0.1,0.43,49.11,0.5,3.36,3.69,1.21
1779775200,2026-05-26 06:00:00,1,137.89,0.1,0.43,48.67,0.5,3.23,3.52,1.17
1779778800,2026-05-26 07:00:00,1,139.84,0.11,0.48,49.11,0.54,3.17,3.47,1.25
1779782400,2026-05-26 08:00:00,1,144.2,0.12,0.6,49.84,0.66,3.25,3.6,1.49
1779786000,2026-05-26 09:00:00,1,148.39,0.14,0.76,50.51,0.77,3.37,3.79,1.77
1779789600,2026-05-26 10:00:00,1,159.52,0.2,1.23,44.87,0.97,3.8,4.49,2.78
1779793200,2026-05-26 11:00:00,1,176.67,0.18,2.05,36.56,1.21,4.36,5.48,4.09
1779796800,2026-05-26 12:00:00,1,189.66,0.02,2.76,29.48,1.32,4.6,6.16,4.57
1779800400,2026-05-26 13:00:00,1,197.37,0,2.92,25.08,1.33,4.81,6.75,4.54
1779804000,2026-05-26 14:00:00,1,200.57,0.01,2.84,22.52,1.25,4.96,7.05,4.41
1779807600,2026-05-26 15:00:00,1,199.97,0.01,2.67,20.84,1.14,5.06,7.14,4.14
1779811200,2026-05-26 16:00:00,1,196.41,0.01,2.5,19.85,0.99,5.11,7.03,3.91
1779814800,2026-05-26 17:00:00,1,195.37,0.01,2.46,19.04,0.88,5.23,6.88,4.09
1779818400,2026-05-26 18:00:00,1,195.33,0.02,2.45,18.21,0.83,5.4,6.88,4.44
1779822000,2026-05-26 19:00:00,1,197.13,0.02,2.5,17.03,0.81,5.59,7,5.11
1779825600,2026-05-26 20:00:00,1,202.8,0.03,2.66,15.53,0.82,5.84,7.28,6.14
1779829200,2026-05-26 21:00:00,1,208.98,0.03,2.86,14.05,0.85,6.1,7.6,7.03
1779832800,2026-05-26 22:00:00,1,213.74,0.04,3,12.41,0.89,6.24,7.8,7.07
1779836400,2026-05-26 23:00:00,1,215.04,0.08,2.85,11.31,0.92,6.17,7.77,5.91
1779840000,2026-05-27 00:00:00,1,216.84,0.62,2.05,13.3,1.06,6.14,7.91,5.06
1779843600,2026-05-27 01:00:00,1,209.09,0.67,1.74,24.73,1.26,5.87,7.56,4.47
1779847200,2026-05-27 02:00:00,1,209.85,0.51,1.64,35.19,1.48,7.37,9.2,4.74
1779850800,2026-05-27 03:00:00,2,207.3,0.3,1.36,48.17,1.68,10.76,12.62,4.72
1779854400,2026-05-27 04:00:00,2,188.63,0.19,1.09,64.79,1.61,11.53,12.88,3.82
1779858000,2026-05-27 05:00:00,2,200.84,0.19,1.28,71.4,1.72,13.4,15.05,4.91
1779861600,2026-05-27 06:00:00,2,217.55,0.2,1.56,75.04,1.89,15.34,17.38,6.14
1779865200,2026-05-27 07:00:00,2,231.03,0.21,1.82,75.66,1.98,16.36,18.61,6.77
1779868800,2026-05-27 08:00:00,2,227.66,0.2,1.83,71.53,1.85,15.19,17.24,6.02
1779872400,2026-05-27 09:00:00,2,214.15,0.18,1.77,66.35,1.63,12.47,14.11,4.77
1779876000,2026-05-27 10:00:00,1,203.01,0.18,1.83,56.43,1.41,9.93,11.35,4.06
1779879600,2026-05-27 11:00:00,2,215.28,0.13,2.49,45.5,1.4,10.07,11.92,4.75
1779883200,2026-05-27 12:00:00,2,229.66,0.01,3.06,37.1,1.4,10.94,13.31,4.95
1779886800,2026-05-27 13:00:00,2,240.42,0,3.28,31.92,1.4,12.11,15.04,5.31
1779890400,2026-05-27 14:00:00,2,250.81,0,3.48,28.94,1.42,12.99,16.37,5.97
1779894000,2026-05-27 15:00:00,2,259.23,0.01,3.69,26.33,1.48,13.11,16.7,6.8
1779897600,2026-05-27 16:00:00,2,268.95,0.01,4.11,23.89,1.55,12.81,16.37,8.47
1779901200,2026-05-27 17:00:00,2,281.66,0.01,4.69,22.38,1.58,12.6,15.94,10.99
1779904800,2026-05-27 18:00:00,2,293.38,0,5.14,21.42,1.57,12.42,15.5,13.23
1779908400,2026-05-27 19:00:00,2,301.15,0,5.35,20.44,1.53,12.2,15.04,15
1779912000,2026-05-27 20:00:00,2,304.93,0.01,5.36,19.25,1.45,12.07,14.71,16.07
1779915600,2026-05-27 21:00:00,2,304.69,0.01,5.19,17.6,1.36,12.04,14.54,15.62
1779919200,2026-05-27 22:00:00,2,301.03,0.02,4.71,14.5,1.2,11.93,14.33,11.98
1779922800,2026-05-27 23:00:00,2,298.34,0.06,4.23,12.17,1.13,11.76,14.15,8.41
1779926400,2026-05-28 00:00:00,2,301.69,0.68,3.28,14.38,1.31,11.91,14.57,7.07
1779930000,2026-05-28 01:00:00,2,290.1,0.96,2.63,30.87,1.73,11.51,14.02,6.45
1779933600,2026-05-28 02:00:00,2,298.39,0.79,2.68,41.75,2.12,14.65,17.51,7.15
1779937200,2026-05-28 03:00:00,3,314.87,0.42,2.3,60.16,2.57,25.18,28.53,8.22
1779940800,2026-05-28 04:00:00,3,318.72,0.24,1.93,84.65,2.79,35.07,38.58,8.62
1779944400,2026-05-28 05:00:00,3,347.99,0.23,2.15,95.47,3,43.97,48.36,10.66
1779948000,2026-05-28 06:00:00,4,374.49,0.22,2.46,103.85,3.27,50.43,55.55,12.79
1779951600,2026-05-28 07:00:00,4,391.16,0.21,2.87,108.19,3.46,53.16,58.62,14.1
1779955200,2026-05-28 08:00:00,3,385.58,0.19,3.15,102.17,3.2,49.75,54.73,12.11
1779958800,2026-05-28 09:00:00,3,349.31,0.14,3.14,93.3,2.8,39.89,43.72,8.93
1779962400,2026-05-28 10:00:00,3,305.82,0.13,3,76.74,2.56,30.73,33.6,6.27
1779966000,2026-05-28 11:00:00,3,317.01,0.09,3.71,57.38,2.41,29.65,32.9,5.79
1779969600,2026-05-28 12:00:00,3,329.62,0,4.14,42.84,2.26,29.4,33.26,5.48
1779973200,2026-05-28 13:00:00,3,343.38,0,4.53,34.17,2.23,29.83,34.53,6.46
1779976800,2026-05-28 14:00:00,3,366.95,0,5.22,30.57,2.34,31.46,37.16,8.43
1779980400,2026-05-28 15:00:00,3,388.22,0,5.89,29.17,2.48,32.92,39.43,10.61
1779984000,2026-05-28 16:00:00,3,399.59,0,6.25,28.43,2.5,33.43,40.29,12.23
1779987600,2026-05-28 17:00:00,3,392.28,0,5.92,26.06,2.15,33.38,40.02,11.52
1779991200,2026-05-28 18:00:00,3,382.27,0,5.35,22.57,1.7,33.26,39.67,8.73
1779994800,2026-05-28 19:00:00,3,379.48,0.01,5.09,18.65,1.44,32.99,39.28,7.73
1779998400,2026-05-28 20:00:00,3,390.32,0.03,5.45,15.64,1.59,33.13,39.58,11.27
1780002000,2026-05-28 21:00:00,3,408.95,0.04,6.19,13.72,1.92,33.89,40.54,15.97
1780005600,2026-05-28 22:00:00,3,432.67,0.06,7.07,12.27,2.27,35.2,41.71,20.38
1780009200,2026-05-28 23:00:00,3,446.6,0.08,7.45,11.47,2.49,35.85,42.59,21.66
1780012800,2026-05-29 00:00:00,3,445.01,0.68,6.36,13.28,2.56,35.35,42.32,17.11
1780016400,2026-05-29 01:00:00,3,412.84,0.81,5.14,26.01,2.51,33.38,39.66,9.22
1780020000,2026-05-29 02:00:00,3,426.2,0.83,5.45,32.05,2.76,34.38,40.76,8.11
1780023600,2026-05-29 03:00:00,3,448.24,0.61,6.17,37.75,3.09,36.17,42.55,8.31
1780027200,2026-05-29 04:00:00,3,397.85,0.41,5.21,56.37,2.98,28.85,33.75,6.95
1780030800,2026-05-29 05:00:00,3,368.37,0.33,3.89,64.4,2.69,27.36,31.41,5.79
1780034400,2026-05-29 06:00:00,3,346,0.21,2.71,72.71,2.45,28.72,32.14,4.88
1780038000,2026-05-29 07:00:00,3,323.78,0.15,2,76.52,1.99,27.89,30.6,4.09
1780041600,2026-05-29 08:00:00,3,326.64,0.16,2.17,79.05,2.07,29.21,32,4.68
1780045200,2026-05-29 09:00:00,3,335.13,0.17,2.56,81.56,2.24,30.85,33.89,5.36
1780048800,2026-05-29 10:00:00,3,354.38,0.17,3.48,75.51,2.49,33.42,36.93,6.21
1780052400,2026-05-29 11:00:00,3,369.57,0.08,4.35,62.28,2.53,35.26,39.18,5.77
1780056000,2026-05-29 12:00:00,3,374.81,0,4.57,50.64,2.44,35.29,39.49,5.02
1780059600,2026-05-29 13:00:00,3,392.34,0,5.27,41.28,2.51,35.46,40.27,6.5
1780063200,2026-05-29 14:00:00,3,436.08,0,6.72,34.48,2.76,37.11,43.08,9.68
1780066800,2026-05-29 15:00:00,3,478.3,0,7.96,29.8,3.08,38.34,45.2,13.78
1780070400,2026-05-29 16:00:00,3,507.44,0,8.83,26.39,3.23,38.44,45.13,17.07
1780074000,2026-05-29 17:00:00,3,515.24,0,8.9,23.66,2.76,38.09,43.6,15.82
1780077600,2026-05-29 18:00:00,3,509.47,0,8.36,21.07,2.28,38.16,42.46,13.53
1780081200,2026-05-29 19:00:00,3,498.99,0.01,7.33,15.99,1.66,38.49,41.58,8.13
1780084800,2026-05-29 20:00:00,3,500.13,0.03,6.67,12.32,1.2,38.85,41.16,5.44
1780088400,2026-05-29 21:00:00,3,501.95,0.02,6.11,11.24,0.95,39.08,40.95,4.28
1780092000,2026-05-29 22:00:00,3,476.91,0.01,5.08,15.42,0.93,38.23,39.68,3.33
1780095600,2026-05-29 23:00:00,3,484.29,0.02,4.88,15.62,1,39.56,40.85,3.08
1780099200,2026-05-30 00:00:00,3,520.95,0.15,5.46,14.9,1.21,42.71,44.12,3.05
1780102800,2026-05-30 01:00:00,3,545.33,0.52,5.86,21.25,1.56,45.22,46.98,3.11
1780106400,2026-05-30 02:00:00,3,580.43,0.61,6.68,27.03,1.96,48.68,50.85,3.48
1780110000,2026-05-30 03:00:00,4,616,0.61,7.01,33,2.24,51.74,54.18,4.21
1780113600,2026-05-30 04:00:00,3,432.66,0.16,3.5,65.28,1.2,27.13,28.41,2.61
1780117200,2026-05-30 05:00:00,2,351.09,0.06,2.34,65.67,0.86,16.49,17.32,2.07
1780120800,2026-05-30 06:00:00,2,345.03,0.06,2.53,64.69,1.01,15.08,15.88,2.27
1780124400,2026-05-30 07:00:00,2,354.18,0.07,2.94,58.8,1.25,15.44,16.43,3.2
1780128000,2026-05-30 08:00:00,2,363.51,0.1,3.36,56.92,1.53,15.97,17.24,4.97
1780131600,2026-05-30 09:00:00,2,377.87,0.13,3.8,60.55,1.85,16.92,18.45,6.92
1780135200,2026-05-30 10:00:00,2,412.58,0.16,4.95,63.27,2.37,19.67,21.67,9.95
1780138800,2026-05-30 11:00:00,2,457.46,0.1,6.66,59.83,2.81,23.67,26.44,12.76
1780142400,2026-05-30 12:00:00,3,489.5,0,7.46,50.46,2.87,27.07,30.64,12.54
1780146000,2026-05-30 13:00:00,3,505.92,0,7.24,36.54,2.61,29.9,33.85,8.53
1780149600,2026-05-30 14:00:00,3,521.49,0,7.09,28.96,2.5,32.28,36.52,8.14
1780153200,2026-05-30 15:00:00,3,533.04,0,7.11,25.16,2.45,33.79,38.12,8.8
1780156800,2026-05-30 16:00:00,3,534.33,0,7.12,23.33,2.26,33.46,37.49,9.76
1780160400,2026-05-30 17:00:00,3,536.88,0,7.07,19.25,1.91,32.96,36.56,10.13
1780164000,2026-05-30 18:00:00,3,537.39,0.01,6.88,14.65,1.6,32.62,35.81,9.82
1780167600,2026-05-30 19:00:00,3,542.85,0.02,6.9,12.92,1.5,32.17,34.82,11.28
1780171200,2026-05-30 20:00:00,3,551.9,0.04,7.03,13.62,1.51,31.59,33.87,13.57
1780174800,2026-05-30 21:00:00,3,560.28,0.05,7.08,14.41,1.52,31.07,32.99,15.38
1780178400,2026-05-30 22:00:00,3,567.51,0.06,7.06,15.44,1.52,30.42,32.11,16.68
1780182000,2026-05-30 23:00:00,3,566.1,0.08,6.79,17.41,1.56,29.36,31.11,17.38
1780185600,2026-05-31 00:00:00,3,559.93,0.8,5.49,23.15,1.75,28.92,31.08,17.32
1780189200,2026-05-31 01:00:00,3,517.69,0.93,3.87,35.39,2.01,28.42,30.83,8.7
1780192800,2026-05-31 02:00:00,3,500.6,0.65,3.24,46.77,2.29,32.24,34.95,6.64
1780196400,2026-05-31 03:00:00,3,500.42,0.35,2.45,64.48,2.5,42.1,45.06,7.13
1780200000,2026-05-31 04:00:00,3,391.35,0.13,1.15,90.74,1.68,36.09,37.72,3.82
1780203600,2026-05-31 05:00:00,3,341.2,0.11,0.88,91.68,1.33,33.04,34.34,3.04
1780207200,2026-05-31 06:00:00,3,330.27,0.11,0.88,93.32,1.38,34.97,36.32,3.13
1780210800,2026-05-31 07:00:00,3,330.94,0.11,0.97,95.97,1.46,37.84,39.29,3.4
1780214400,2026-05-31 08:00:00,3,333.21,0.13,1.15,98.23,1.59,41.08,42.68,3.88
1780218000,2026-05-31 09:00:00,3,337.48,0.14,1.41,100.35,1.74,44.35,46.16,4.34
1780221600,2026-05-31 10:00:00,3,344.48,0.14,1.96,97.29,1.91,48.07,50.2,4.98
1780225200,2026-05-31 11:00:00,4,354.63,0.07,2.78,88.56,2.04,51.8,54.39,5.62
1780228800,2026-05-31 12:00:00,4,360.82,0,3.29,79.33,2.02,54.31,57.37,5.49
1780232400,2026-05-31 13:00:00,4,365.69,0,3.6,66.56,1.84,55.78,59.43,4.7
1780236000,2026-05-31 14:00:00,4,376.61,0,3.91,52.65,1.64,57.17,61.5,4.55
1780239600,2026-05-31 15:00:00,4,385.55,0,4.06,41.92,1.51,57.76,62.62,4.75
1780243200,2026-05-31 16:00:00,4,386.18,0,4.05,34.1,1.4,57.35,62.41,5.01
1780246800,2026-05-31 17:00:00,4,382.18,0,3.88,28.44,1.24,56.71,61.61,4.9
1780250400,2026-05-31 18:00:00,4,376.48,0.01,3.74,23.92,1.17,55.92,60.7,4.75
1780254000,2026-05-31 19:00:00,4,369.98,0.02,3.64,20.27,1.15,54.4,59.05,4.73
1780257600,2026-05-31 20:00:00,4,367.09,0.03,3.68,17.76,1.16,52.91,57.38,5.05
1780261200,2026-05-31 21:00:00,4,365.55,0.04,3.82,15.94,1.19,51.67,55.79,5.57
1780264800,2026-05-31 22:00:00,4,364.3,0.04,3.95,14.45,1.24,50.44,54.47,5.61
1780268400,2026-05-31 23:00:00,3,360.63,0.06,3.89,13.55,1.33,48.83,52.95,4.72
1780272000,2026-06-01 00:00:00,3,356.98,0.5,3.3,16.83,1.6,47.13,51.41,4.36
1780275600,2026-06-01 01:00:00,3,346.81,0.69,2.74,39.36,2.02,44.67,48.69,3.92
1780279200,2026-06-01 02:00:00,3,345.97,0.59,2.46,48.85,2.24,45.19,49.26,3.92
1780282800,2026-06-01 03:00:00,3,346.47,0.33,1.93,60.08,2.35,49.69,53.82,4.03
1780286400,2026-06-01 04:00:00,3,290.29,0.13,0.85,69.26,1.26,27.93,29.83,2.36
1780290000,2026-06-01 05:00:00,2,267.82,0.11,0.68,66.34,0.94,18.27,19.48,1.78
1780293600,2026-06-01 06:00:00,2,262.01,0.12,0.75,66.06,0.99,16.68,17.85,1.82
1780297200,2026-06-01 07:00:00,2,263.34,0.13,0.87,67.39,1.11,16.63,17.88,1.99
1780300800,2026-06-01 08:00:00,2,265.53,0.15,1.04,68.86,1.28,17.1,18.5,2.21
1780304400,2026-06-01 09:00:00,2,268.06,0.17,1.27,70.05,1.42,17.44,19.02,2.44
1780308000,2026-06-01 10:00:00,2,278.92,0.23,1.98,61.4,1.61,18.3,20.3,3.01
1780311600,2026-06-01 11:00:00,2,296.22,0.17,3.08,48.51,1.76,19.26,21.9,3.48
1780315200,2026-06-01 12:00:00,2,310.96,0.01,3.89,37.75,1.78,19.76,23.06,3.19
1780318800,2026-06-01 13:00:00,2,322.51,0,4.26,30.75,1.78,20.21,24.21,2.99
1780322400,2026-06-01 14:00:00,2,337.54,0,4.57,26.11,1.77,20.95,25.6,3.06
1780326000,2026-06-01 15:00:00,2,349.25,0.01,4.72,22.7,1.75,21.66,26.81,3.16
1780329600,2026-06-01 16:00:00,2,361.83,0.01,5.15,21.36,1.81,22.19,27.57,4.12
1780333200,2026-06-01 17:00:00,2,381.63,0.01,5.98,21.09,1.85,22.89,28.23,5.54
1780336800,2026-06-01 18:00:00,2,402.48,0.01,6.67,20.32,1.86,23.66,28.94,6.74
1780340400,2026-06-01 19:00:00,2,420.94,0.01,7.18,19.12,1.87,24.28,29.48,7.78
1780344000,2026-06-01 20:00:00,2,435.66,0.01,7.54,17.94,1.89,24.76,29.89,8.64
1780347600,2026-06-01 21:00:00,3,450.4,0.01,7.91,16.84,1.92,25.22,30.31,9.45
1780351200,2026-06-01 22:00:00,3,461.37,0.01,8.26,15.95,1.97,25.54,30.64,10.14
1780354800,2026-06-01 23:00:00,3,461.48,0.05,8.24,15.28,2.07,25.48,30.63,10.49
1780358400,2026-06-02 00:00:00,3,450.83,1.03,6.41,17.45,2.28,25.09,30.42,9.51
1780362000,2026-06-02 01:00:00,2,377.95,0.77,4.11,33.88,2.25,21.03,25.35,4.63
1780365600,2026-06-02 02:00:00,2,365.97,0.7,3.25,41.21,2.26,21.37,25.58,4.15
1780369200,2026-06-02 03:00:00,3,357.75,0.43,2.38,54.47,2.25,25.09,29.22,4.06
1780372800,2026-06-02 04:00:00,2,319.17,0.18,1.36,69.95,1.76,22.41,25.3,3.05
1780376400,2026-06-02 05:00:00,2,300.55,0.11,1.12,69.99,1.4,18.92,20.97,2.41
1780380000,2026-06-02 06:00:00,2,296.15,0.08,1.2,68.9,1.29,17.69,19.46,2.21
1780383600,2026-06-02 07:00:00,2,299.2,0.1,1.37,67.93,1.33,17.26,18.98,2.25
1780387200,2026-06-02 08:00:00,2,307.38,0.15,1.48,69.61,1.5,18.43,20.34,2.5
1780390800,2026-06-02 09:00:00,2,314.9,0.18,1.56,72.07,1.58,19.72,21.83,2.68
1780394400,2026-06-02 10:00:00,2,326.82,0.22,2.08,65.08,1.64,21.46,24,3.01
1780398000,2026-06-02 11:00:00,2,340.59,0.14,2.92,52.02,1.66,23,26.13,2.96
1780401600,2026-06-02 12:00:00,2,353.81,0.01,3.48,40.33,1.61,24,27.71,2.4
1780405200,2026-06-02 13:00:00,2,359.96,0,3.63,31.91,1.54,24.68,28.58,2.18
1780408800,2026-06-02 14:00:00,3,369.33,0.01,3.75,26.56,1.49,25.57,29.67,2.26
1780412400,2026-06-02 15:00:00,3,377.4,0.03,3.82,22.97,1.48,26.17,30.44,2.5
1780416000,2026-06-02 16:00:00,3,386.15,0.04,4.11,20.38,1.47,26.54,30.94,3.09
1780419600,2026-06-02 17:00:00,3,398.94,0.05,4.61,18.36,1.41,27.1,31.55,3.91
1780423200,2026-06-02 18:00:00,3,411.06,0.04,5.11,17.23,1.39,27.66,32.22,5
1780426800,2026-06-02 19:00:00,3,427.61,0.04,5.77,16.18,1.47,28.13,32.9,6.41
1780430400,2026-06-02 20:00:00,3,453.62,0.03,6.59,14.81,1.58,28.69,33.64,7.74
1780434000,2026-06-02 21:00:00,3,482,0.03,7.46,13.2,1.69,29.42,34.53,8.82
1780437600,2026-06-02 22:00:00,3,506.68,0.04,8.18,11.7,1.78,30.14,35.41,9.49
1780441200,2026-06-02 23:00:00,3,512.16,0.09,8.17,10.81,1.8,30.17,35.55,9
1780444800,2026-06-03 00:00:00,3,503.55,1.17,6.13,13.36,1.95,29.55,35.13,6.96
1780448400,2026-06-03 01:00:00,3,461.82,1.36,4.4,28.68,2.29,27.08,32.12,4.43
1780452000,2026-06-03 02:00:00,3,446.69,1.04,3.69,42.8,2.53,28.23,33.15,4.16
1780455600,2026-06-03 03:00:00,3,427.74,0.49,2.59,63.61,2.65,34.59,39.12,4.15
1780459200,2026-06-03 04:00:00,3,375.6,0.19,1.29,79.43,1.88,29.53,32.27,3.11
1780462800,2026-06-03 05:00:00,3,346.3,0.14,0.98,77.23,1.37,25.01,26.93,2.63
1780466400,2026-06-03 06:00:00,2,333.85,0.13,0.93,75.46,1.22,24.04,25.73,2.55
1780470000,2026-06-03 07:00:00,2,332.85,0.14,1.08,74.76,1.27,24.13,25.78,2.7
1780473600,2026-06-03 08:00:00,2,335.74,0.15,1.36,74.05,1.44,24.67,26.36,2.95
1780477200,2026-06-03 09:00:00,2,337.66,0.14,1.66,72.5,1.49,24.45,26.1,3.05
1780480800,2026-06-03 10:00:00,2,346.5,0.15,2.44,66.33,1.59,24.17,26.05,3.76
1780484400,2026-06-03 11:00:00,2,371.59,0.09,3.83,60.62,1.84,24.66,27.18,5.2
1780488000,2026-06-03 12:00:00,3,400.79,0,5.07,54.96,2.09,25.19,28.46,6.53
1780491600,2026-06-03 13:00:00,3,427.64,0,6.02,50.59,2.32,25.93,30.06,7.85
1780495200,2026-06-03 14:00:00,3,444.43,0,6.57,47.15,2.45,26.46,31.24,8.87
1780498800,2026-06-03 15:00:00,3,447.26,0,6.66,42.41,2.42,26.28,31.39,9.16
1780502400,2026-06-03 16:00:00,3,436.49,0,5.99,30.87,1.96,25.5,30.52,5.76
1780506000,2026-06-03 17:00:00,3,434.83,0,5.82,22.94,1.59,25.11,29.81,4.3
1780509600,2026-06-03 18:00:00,3,439.19,0.01,5.97,18.2,1.39,25.12,29.53,3.96
1780513200,2026-06-03 19:00:00,3,442.23,0.03,6.11,14.63,1.27,25.12,29.27,3.88
1780516800,2026-06-03 20:00:00,3,444.62,0.04,6.2,12.18,1.19,25.01,28.87,4
1780520400,2026-06-03 21:00:00,2,445.66,0.05,6.26,10.75,1.13,24.82,28.41,4.23
1780524000,2026-06-03 22:00:00,2,446.18,0.06,6.17,9.75,1.1,24.44,27.77,4.2
1780527600,2026-06-03 23:00:00,2,441.48,0.09,5.65,9.64,1.09,23.52,26.63,3.7
1780531200,2026-06-04 00:00:00,2,434.78,0.84,4.19,13.35,1.28,22.39,25.56,3.51
1780534800,2026-06-04 01:00:00,2,417.28,1.01,3.3,30.71,1.58,20.13,22.87,3.39
1780538400,2026-06-04 02:00:00,2,411.05,0.77,2.99,43.47,1.85,21.61,24.34,3.67
1780542000,2026-06-04 03:00:00,3,407.5,0.41,2.32,60.47,2.09,28.83,31.58,3.99
1780545600,2026-06-04 04:00:00,2,333.56,0.14,0.94,75.49,1.28,19.26,20.36,1.93
1780549200,2026-06-04 05:00:00,2,300.72,0.1,0.68,75.48,0.89,14.27,14.9,1.39
1780552800,2026-06-04 06:00:00,2,291.56,0.1,0.69,75.97,0.86,14.14,14.71,1.38
1780556400,2026-06-04 07:00:00,2,320.75,0.21,1.43,79.06,1.3,17.26,18.39,2.82
1780560000,2026-06-04 08:00:00,2,378.87,0.31,2.63,85.83,1.98,24.02,26.2,5.24
1780563600,2026-06-04 09:00:00,3,438.42,0.35,4.04,92.54,2.68,31.53,34.65,7.87
1780567200,2026-06-04 10:00:00,3,494.56,0.35,6.22,85.66,3.48,36.97,41.05,10.74
1780570800,2026-06-04 11:00:00,3,550.71,0.18,8.66,66.22,3.78,39.84,45,11.58
1780574400,2026-06-04 12:00:00,3,603.19,0.01,10.14,48.74,3.75,41.66,48.08,10.53
1780578000,2026-06-04 13:00:00,3,653.54,0,11.11,37.64,3.66,43.95,51.69,9.09
1780581600,2026-06-04 14:00:00,3,689.12,0,11.41,30.71,3.49,45.92,54.55,8.15
1780585200,2026-06-04 15:00:00,3,699.52,0,11.18,25.65,3.24,46.31,55.23,7.53
1780588800,2026-06-04 16:00:00,3,685.01,0.01,10.65,20.83,2.82,45.04,53.47,6.75
1780592400,2026-06-04 17:00:00,3,675.02,0.02,10.26,15.12,2.3,43.94,51.44,5.83
1780596000,2026-06-04 18:00:00,3,662.32,0.05,9.73,11.1,1.91,42.62,48.9,5.15
1780599600,2026-06-04 19:00:00,3,643.24,0.08,9.13,8.43,1.58,40.73,45.84,4.78
1780603200,2026-06-04 20:00:00,3,633.94,0.13,8.93,6.21,1.41,39.54,44.09,5.49
1780606800,2026-06-04 21:00:00,3,634.73,0.26,8.99,4.68,1.49,38.94,43.29,7.35
1780610400,2026-06-04 22:00:00,3,647.47,0.48,9.2,3.48,1.66,38.88,43.24,9.35
1780614000,2026-06-04 23:00:00,3,653.35,0.69,8.84,2.85,1.65,38.46,42.87,8.65
1780617600,2026-06-05 00:00:00,3,657.88,1.44,7.85,3.96,1.8,37.89,42.75,7.38
1780621200,2026-06-05 01:00:00,3,557.51,0.95,6.75,11.86,1.96,31.48,35.35,4.84
1780624800,2026-06-05 02:00:00,3,531.07,0.99,6.35,18.87,2.36,29.73,33.58,4.24
1780628400,2026-06-05 03:00:00,3,536.12,1.06,6.19,28.94,2.88,31.24,35.2,4.49
1780632000,2026-06-05 04:00:00,3,550.29,0.71,6.23,52.69,3.14,34.93,39.08,5.23
1780635600,2026-06-05 05:00:00,3,601.51,0.44,7.39,61.25,3.5,43.39,48.69,6.91
1780639200,2026-06-05 06:00:00,4,663.23,0.43,8.33,70.35,4.39,58.05,64.66,9.08
1780642800,2026-06-05 07:00:00,5,713.95,0.39,8.94,82.54,5.46,76.52,83.85,10.71
1780646400,2026-06-05 08:00:00,5,731.83,0.37,8.1,93.02,5.58,90.88,98.21,10.05
1780650000,2026-06-05 09:00:00,5,707.38,0.3,6.99,102.19,5.36,95.19,101.94,8.83
1780653600,2026-06-05 10:00:00,5,657.75,0.2,6.46,101.24,4.98,92.1,97.95,6.95
1780657200,2026-06-05 11:00:00,5,620.82,0.07,6.66,85.76,4.23,84.29,89.76,5.71
1780660800,2026-06-05 12:00:00,4,572.73,0,6.12,69.46,3.52,72.6,77.72,4.73
1780664400,2026-06-05 13:00:00,4,536.91,0,5.98,53.71,2.92,61.67,66.65,4.53
1780668000,2026-06-05 14:00:00,4,537.25,0,6.71,39.86,2.63,55.48,60.97,5.26
1780671600,2026-06-05 15:00:00,4,541.62,0.01,7.66,30.2,2.63,51.03,57.11,6.67
1780675200,2026-06-05 16:00:00,3,545.25,0.01,8.6,23.37,2.66,47.54,53.99,8.07
1780678800,2026-06-05 17:00:00,3,540.06,0.03,8.88,17.35,2.23,44.86,50.95,7.37
1780682400,2026-06-05 18:00:00,3,530.83,0.05,8.67,12.47,1.73,42.52,48.02,6.06
1780686000,2026-06-05 19:00:00,3,507.36,0.08,8.08,9.35,1.35,38.76,43.51,5
1780689600,2026-06-05 20:00:00,3,466.98,0.09,7.48,8.35,1.16,33.23,37.14,4.82
1780693200,2026-06-05 21:00:00,3,413.81,0.08,6.76,9.08,1.1,26.77,29.87,5.23
1780696800,2026-06-05 22:00:00,2,343.45,0.06,5.62,11.54,1.14,19.61,21.79,5.53
1780700400,2026-06-05 23:00:00,2,313.43,0.06,5.08,11.61,1.14,15.95,17.88,5.52
1780704000,2026-06-06 00:00:00,2,290.82,0.27,4.2,12.59,1.16,13.06,14.96,4.89
1780707600,2026-06-06 01:00:00,2,265.94,0.45,3.25,17.44,1.16,10.23,11.98,3.77
1780711200,2026-06-06 02:00:00,1,247.31,0.42,2.67,23.39,1.17,8.51,10.1,3.19
1780714800,2026-06-06 03:00:00,1,233,0.28,2.15,30.57,1.15,8.42,9.82,2.78
1780718400,2026-06-06 04:00:00,1,210.54,0.13,1.52,33.8,0.63,5.95,6.79,1.74
1780722000,2026-06-06 05:00:00,1,195.45,0.12,1.24,34.77,0.44,4.15,4.68,1.24
1780725600,2026-06-06 06:00:00,1,181.57,0.11,1.03,37.64,0.37,3.54,3.88,0.96
1780729200,2026-06-06 07:00:00,1,161.91,0.1,0.95,41.37,0.37,3.36,3.59,0.76
1780732800,2026-06-06 08:00:00,1,154.56,0.11,1.14,40.24,0.52,3.53,3.83,1.01
1780736400,2026-06-06 09:00:00,1,155.61,0.13,1.4,39.16,0.66,3.69,4.09,1.3
1780740000,2026-06-06 10:00:00,1,167.33,0.15,1.92,34.45,0.85,4.29,4.93,1.95
1780743600,2026-06-06 11:00:00,1,186.37,0.06,2.74,27.47,1.06,5.01,5.99,2.54
1780747200,2026-06-06 12:00:00,1,205.52,0.01,3.28,22.59,1.2,5.59,6.91,2.71
1780750800,2026-06-06 13:00:00,1,219.73,0.01,3.48,19.23,1.24,6.04,7.66,2.7
1780754400,2026-06-06 14:00:00,1,229.62,0.01,3.31,17.07,1.13,6.29,8.02,2.54
1780758000,2026-06-06 15:00:00,1,233.2,0.02,2.88,16.27,0.9,6.5,8.18,2.24
1780761600,2026-06-06 16:00:00,1,230.69,0.03,2.5,16.43,0.68,6.6,8.1,1.96
1780765200,2026-06-06 17:00:00,1,229.6,0.03,2.36,16.64,0.56,6.57,7.83,1.85
1780768800,2026-06-06 18:00:00,1,229.69,0.04,2.31,16.32,0.52,6.45,7.54,1.83
1780772400,2026-06-06 19:00:00,1,229.74,0.05,2.27,15.85,0.51,6.19,7.18,1.84
1780776000,2026-06-06 20:00:00,1,230.44,0.05,2.3,15.48,0.52,5.9,6.82,1.9
1780779600,2026-06-06 21:00:00,1,230.81,0.05,2.34,15.33,0.55,5.62,6.51,1.97
1780783200,2026-06-06 22:00:00,1,230.97,0.05,2.42,15.34,0.6,5.38,6.26,2.07
1780786800,2026-06-06 23:00:00,1,230.43,0.04,2.49,15.82,0.65,5.06,5.96,2.17
1780790400,2026-06-07 00:00:00,1,230.38,0.13,2.45,17.42,0.74,4.77,5.82,2.28
1780794000,2026-06-07 01:00:00,1,227.43,0.19,2.43,20.48,0.85,4.43,5.56,2.25
1780797600,2026-06-07 02:00:00,1,219.45,0.21,2.25,23.81,0.89,4.01,5.07,2.05
1780801200,2026-06-07 03:00:00,1,206.75,0.18,1.92,28.69,0.85,3.6,4.47,1.82
1780804800,2026-06-07 04:00:00,1,178.39,0.11,1.19,37.27,0.46,2.38,2.83,1.09
1780808400,2026-06-07 05:00:00,1,161.39,0.09,0.93,41.47,0.38,1.89,2.2,0.89
1780812000,2026-06-07 06:00:00,1,153.01,0.08,0.84,43.61,0.36,1.76,2.01,0.82
1780815600,2026-06-07 07:00:00,1,151.25,0.08,0.87,45.52,0.4,1.8,2.03,0.83
1780819200,2026-06-07 08:00:00,1,153.31,0.09,0.98,46.66,0.5,2.03,2.3,0.99
1780822800,2026-06-07 09:00:00,1,156.68,0.1,1.11,47.86,0.57,2.12,2.43,1.14
1780826400,2026-06-07 10:00:00,1,164.48,0.09,1.46,44.14,0.64,2.23,2.67,1.53
1780830000,2026-06-07 11:00:00,1,174.82,0.04,1.89,37.78,0.7,2.38,3,1.94
1780833600,2026-06-07 12:00:00,1,184.43,0,2.1,33.31,0.71,2.55,3.36,2.07
1780837200,2026-06-07 13:00:00,1,192.95,0,2.25,29.66,0.71,2.85,3.88,2.02
1780840800,2026-06-07 14:00:00,1,203.84,0,2.45,26.61,0.74,3.24,4.47,2.1
1780844400,2026-06-07 15:00:00,1,212.96,0.01,2.59,24.22,0.73,3.54,4.89,2.16
1780848000,2026-06-07 16:00:00,1,216.99,0.01,2.61,22.45,0.68,3.6,4.91,2.1
1780851600,2026-06-07 17:00:00,1,217.73,0.01,2.54,21.47,0.6,3.5,4.59,1.96
1780855200,2026-06-07 18:00:00,1,217.81,0.01,2.52,20.68,0.6,3.43,4.39,1.87
1780858800,2026-06-07 19:00:00,1,215.34,0.01,2.43,20.23,0.6,3.26,4.14,1.78
1780862400,2026-06-07 20:00:00,1,212.81,0.01,2.35,19.78,0.59,3.08,3.9,1.76
1780866000,2026-06-07 21:00:00,1,211.12,0.02,2.3,19.18,0.59,2.96,3.76,1.76
1780869600,2026-06-07 22:00:00,1,209.79,0.02,2.32,18.61,0.62,2.85,3.67,1.8
1780873200,2026-06-07 23:00:00,1,208.34,0.02,2.39,18.83,0.69,2.66,3.52,1.92
1780876800,2026-06-08 00:00:00,1,206.89,0.13,2.36,20.66,0.83,2.46,3.52,2.08
1780880400,2026-06-08 01:00:00,1,197.15,0.33,1.93,26.95,0.97,2.17,3.21,2.04
1780884000,2026-06-08 02:00:00,1,187.54,0.35,1.54,33.45,1.04,2.81,3.79,1.99
1780887600,2026-06-08 03:00:00,1,173.74,0.25,1.1,41.08,0.99,4.26,5.07,1.73
1780891200,2026-06-08 04:00:00,1,150.38,0.09,0.87,44.28,0.73,3.15,3.63,1.14
1780894800,2026-06-08 05:00:00,1,139.77,0.08,0.84,44.14,0.64,2.07,2.44,0.97
1780898400,2026-06-08 06:00:00,1,136.88,0.08,0.81,44.59,0.63,1.83,2.17,0.94
1780902000,2026-06-08 07:00:00,1,142.18,0.1,0.99,46.12,0.75,2.1,2.5,1.15
1780905600,2026-06-08 08:00:00,1,155.1,0.11,1.49,48.15,1.04,2.91,3.52,1.65
1780909200,2026-06-08 09:00:00,1,170.59,0.1,2.14,49.84,1.26,3.87,4.71,2.14
1780912800,2026-06-08 10:00:00,1,192.12,0.02,3.09,47.48,1.63,4.95,6,2.43
1780916400,2026-06-08 11:00:00,1,223.8,0.01,4.23,42.79,2.1,6.49,7.71,2.47
1780920000,2026-06-08 12:00:00,1,256.83,0,5.27,38.02,2.36,8.37,9.74,2.11
1780923600,2026-06-08 13:00:00,2,283.54,0,6.06,32.9,2.25,10.31,11.77,1.83
1780927200,2026-06-08 14:00:00,2,308.73,0,6.67,28.94,2.11,12.24,13.75,1.81
1780930800,2026-06-08 15:00:00,2,324.55,0,6.81,26.09,1.97,13.68,15.18,1.87
1780934400,2026-06-08 16:00:00,2,327.98,0,6.55,24.25,1.91,14.26,15.58,1.84
1780938000,2026-06-08 17:00:00,2,332.79,0,6.42,22.83,1.89,14.7,15.75,1.7
1780941600,2026-06-08 18:00:00,2,343.69,0.01,6.57,21.7,1.93,15.26,16.14,1.6
1780945200,2026-06-08 19:00:00,2,348.82,0.01,6.57,20.93,1.9,15.28,16.06,1.54
1780948800,2026-06-08 20:00:00,2,346.8,0.01,6.33,20.5,1.82,14.65,15.39,1.57
1780952400,2026-06-08 21:00:00,2,341.72,0.01,5.99,20.28,1.74,13.81,14.54,1.64
1780956000,2026-06-08 22:00:00,2,329.82,0.01,5.39,21.48,1.62,12.56,13.25,1.57
1780959600,2026-06-08 23:00:00,2,322.63,0.01,4.83,23.41,1.52,11.79,12.46,1.37
1780963200,2026-06-09 00:00:00,2,331.04,0.05,4.84,26.34,1.57,12.11,12.87,1.23
1780966800,2026-06-09 01:00:00,2,358.6,0.34,4.99,37.69,1.6,13.9,14.66,1.12
1780970400,2026-06-09 02:00:00,2,386.96,0.54,5.29,45.68,1.65,15.47,16.26,1.14
1780974000,2026-06-09 03:00:00,2,400.02,0.57,5.03,54.46,1.59,16.68,17.43,1.16
1780977600,2026-06-09 04:00:00,2,400.43,0.41,4.1,66.19,1.47,18.81,19.52,1.18
1780981200,2026-06-09 05:00:00,2,399.73,0.27,3.18,78.18,1.47,23.1,23.82,1.28
1780984800,2026-06-09 06:00:00,3,401.74,0.21,2.65,89.2,1.58,27.67,28.41,1.43
1780988400,2026-06-09 07:00:00,3,404.5,0.19,2.35,97.98,1.72,31.68,32.46,1.62
1780992000,2026-06-09 08:00:00,3,408.01,0.18,2.38,102.57,1.92,34.31,35.21,1.91
1780995600,2026-06-09 09:00:00,3,413.21,0.18,2.72,104.83,2.22,35.87,36.94,2.29
1780999200,2026-06-09 10:00:00,3,421.86,0.13,3.55,102.13,2.55,36.6,37.92,2.75
1781002800,2026-06-09 11:00:00,3,434.32,0.04,4.57,93.36,2.77,36.44,38.1,3.25
1781006400,2026-06-09 12:00:00,3,444.79,0,5.11,84.71,2.87,36.26,38.28,3.7
1781010000,2026-06-09 13:00:00,3,452.85,0,5.45,77.62,2.98,36.2,38.69,4.19
1781013600,2026-06-09 14:00:00,3,458.84,0,5.67,71.89,3.14,36.14,39.01,4.54
1781017200,2026-06-09 15:00:00,3,460.76,0,5.72,68.11,3.2,35.83,38.9,4.81
1781020800,2026-06-09 16:00:00,3,472.74,0,6.13,62.62,3.15,36.09,39.48,5.67
1781024400,2026-06-09 17:00:00,3,500.26,0,7.17,54.44,3.04,37.44,41.24,7.2
1781028000,2026-06-09 18:00:00,3,533.95,0,8.4,49.79,3.05,39.01,43.2,8.85
1781031600,2026-06-09 19:00:00,3,560.11,0,9.11,44.48,3.04,40.21,44.46,9.07
1781035200,2026-06-09 20:00:00,3,563.04,0,8.61,36.38,2.72,39.71,43.55,6.8
1781038800,2026-06-09 21:00:00,3,544.12,0,7.44,37.45,2.48,38.09,41.17,4.54
1781042400,2026-06-09 22:00:00,3,455.4,0,4.65,61.45,2.27,31.3,33.11,2.77
1781046000,2026-06-09 23:00:00,3,431.75,0,4,62.09,2.07,29.02,30.68,2.48
1781049600,2026-06-10 00:00:00,3,427.55,0.02,3.99,59.23,2.07,28.32,30.16,2.5
1781053200,2026-06-10 01:00:00,3,428.37,0.1,4.13,57.11,2.14,27.73,29.69,2.49
1781056800,2026-06-10 02:00:00,3,423.96,0.19,4.02,57.77,2.07,26.9,28.8,2.42
1781060400,2026-06-10 03:00:00,3,410.07,0.23,3.47,62.94,1.9,25.86,27.61,2.27
1781064000,2026-06-10 04:00:00,2,364.33,0.14,2.41,80.03,1.52,21.94,23.32,1.88
1781067600,2026-06-10 05:00:00,2,344.7,0.12,2.06,86.22,1.57,20.73,22.07,1.9
1781071200,2026-06-10 06:00:00,2,342.34,0.11,2.11,90.44,1.91,21.95,23.41,2.17
1781074800,2026-06-10 07:00:00,2,351.82,0.07,2.61,93.95,2.44,24.35,26.06,2.68
1781078400,2026-06-10 08:00:00,3,370.12,0.05,3.48,95.78,3.17,27.45,29.57,3.45
1781082000,2026-06-10 09:00:00,3,391.75,0.03,4.41,97.6,3.97,31.29,33.88,4.23
1781085600,2026-06-10 10:00:00,3,417.67,0.01,5.39,99.72,4.85,35.96,39.09,4.95
1781089200,2026-06-10 11:00:00,3,442.29,0,6.12,101.27,5.72,41.03,44.7,5.43
1781092800,2026-06-10 12:00:00,3,461.63,0,6.16,103.26,6.33,46.47,50.58,5.51
1781096400,2026-06-10 13:00:00,4,487.74,0,6.25,100.75,6.49,51.87,56.37,5.6
1781100000,2026-06-10 14:00:00,4,526.76,0,6.67,93.19,6.07,56.64,61.6,5.71
1781103600,2026-06-10 15:00:00,4,556.43,0,6.84,85.17,5.44,59.7,65.04,5.53
1781107200,2026-06-10 16:00:00,4,569.3,0,6.84,73.39,4.45,60.89,66.3,5.23
1781110800,2026-06-10 17:00:00,4,576.16,0,6.88,61,3.57,61.6,66.81,5.07
1781114400,2026-06-10 18:00:00,4,585.75,0,7.08,53.36,3.15,62.67,67.76,5.29
1781118000,2026-06-10 19:00:00,4,606.29,0,7.55,47.83,2.87,64.42,69.29,5.5
1781121600,2026-06-10 20:00:00,4,632.35,0,8.01,38.8,2.41,66.11,70.82,5.18
1781125200,2026-06-10 21:00:00,4,655.71,0,8.36,30.09,2.05,67.47,72.04,4.94
1781128800,2026-06-10 22:00:00,4,677.12,0.02,8.62,22.79,1.92,68.28,72.71,4.75
1781132400,2026-06-10 23:00:00,4,697.28,0.05,8.68,18.76,1.92,68.95,73.23,4.3
1781136000,2026-06-11 00:00:00,4,712.69,0.12,8.71,20.41,2.17,69.46,73.73,3.91
1781139600,2026-06-11 01:00:00,4,614.1,0.06,6.45,64.19,2.58,61.96,64.89,2.78
1781143200,2026-06-11 02:00:00,4,591.13,0.13,6.22,67.11,2.61,55.03,57.82,2.89
1781146800,2026-06-11 03:00:00,4,598.86,0.26,6.51,62.89,2.84,51.85,54.92,3.63
1781150400,2026-06-11 04:00:00,3,598.52,0.26,6.74,60.22,3.02,49.72,52.88,4.12
1781154000,2026-06-11 05:00:00,3,579.94,0.16,6.58,59.12,2.94,46.68,49.54,3.51
1781157600,2026-06-11 06:00:00,3,550.67,0.14,6.23,60.45,2.92,43.06,45.46,2.83
1781161200,2026-06-11 07:00:00,3,506.75,0.13,4.98,65.21,2.42,36.64,38.41,2.13
1781164800,2026-06-11 08:00:00,3,488.57,0.17,4.44,66.28,2.19,31.08,32.71,2.18
1781168400,2026-06-11 09:00:00,3,482.56,0.2,4.38,65.62,2.19,27.56,29.18,2.38
1781172000,2026-06-11 10:00:00,3,483.58,0.22,4.63,64.22,2.25,25.78,27.46,2.56
1781175600,2026-06-11 11:00:00,3,488.96,0.12,5.24,59.77,2.33,25.47,27.32,2.57
1781179200,2026-06-11 12:00:00,3,494.37,0.01,5.64,54.78,2.36,25.01,27.12,2.56
1781182800,2026-06-11 13:00:00,3,517.17,0,6.25,43.19,2.28,25.9,28.74,2.91
1781186400,2026-06-11 14:00:00,3,561.54,0,7.22,29.43,2.17,28.43,32.42,3.47
1781190000,2026-06-11 15:00:00,3,600.6,0.01,7.94,20.05,2.12,30.85,35.87,4.02
1781193600,2026-06-11 16:00:00,3,626.32,0.03,8.34,14.13,1.99,32.5,38.02,4.33
1781197200,2026-06-11 17:00:00,3,635.2,0.06,8.34,11.7,1.69,33.25,38.44,4
1781200800,2026-06-11 18:00:00,3,642.72,0.11,8.25,11.21,1.5,33.99,38.88,3.75
1781204400,2026-06-11 19:00:00,3,652.95,0.2,8.33,12.05,1.41,34.93,39.63,4.11
1781208000,2026-06-11 20:00:00,3,672.03,0.48,8.46,11.68,1.41,36.3,40.94,5.22
1781211600,2026-06-11 21:00:00,3,693.83,0.96,8.39,11.41,1.48,37.79,42.43,6.53
1781215200,2026-06-11 22:00:00,3,719.48,1.59,8.2,11.5,1.58,39.08,43.79,7.55
1781218800,2026-06-11 23:00:00,3,719.65,2.02,7.78,11.64,1.66,39.1,43.83,7.58
1781222400,2026-06-12 00:00:00,3,700.77,2.49,6.65,11.78,1.81,37.8,42.7,6.34
1781226000,2026-06-12 01:00:00,3,550.09,0.94,5.89,20.19,2.14,29.41,32.9,3.35
1781229600,2026-06-12 02:00:00,3,511.22,0.96,5.14,23.43,2.21,27.38,30.59,2.89
1781233200,2026-06-12 03:00:00,3,479.32,0.74,4.46,27.67,2.15,27.15,30.01,2.79
1781236800,2026-06-12 04:00:00,2,318.43,0.18,2.19,41.72,1.14,18.01,19.22,1.52
1781240400,2026-06-12 05:00:00,2,252.35,0.11,1.44,44.18,0.78,13.41,14.11,1.18
1781244000,2026-06-12 06:00:00,2,233.5,0.11,1.25,45.68,0.71,12.57,13.15,1.14
1781247600,2026-06-12 07:00:00,2,231.71,0.12,1.38,42.53,0.75,12.68,13.39,1.47
1781251200,2026-06-12 08:00:00,2,234.9,0.13,1.74,38.18,0.85,12.81,13.81,2.08
1781254800,2026-06-12 09:00:00,2,239.6,0.14,2.19,37.21,0.95,12.93,14.18,2.81
1781258400,2026-06-12 10:00:00,2,256.54,0.15,3.04,38.82,1.26,14.29,15.94,4.09
1781262000,2026-06-12 11:00:00,2,283.66,0.06,4.31,38.6,1.66,16.23,18.43,5.53
1781265600,2026-06-12 12:00:00,2,308.25,0,5.23,36.37,1.92,17.26,20.04,6.56
1781269200,2026-06-12 13:00:00,2,326.07,0,5.78,33.93,2.07,17.67,21.05,7.43
1781272800,2026-06-12 14:00:00,2,338.72,0,6.13,31.75,2.16,17.53,21.41,8.29
1781276400,2026-06-12 15:00:00,2,343.31,0,6.24,28.26,2.15,16.9,20.79,8.6
1781280000,2026-06-12 16:00:00,2,336.54,0,5.46,20.32,1.79,15.79,19.47,5.62
1781283600,2026-06-12 17:00:00,2,334.92,0.02,5.18,15.01,1.55,14.98,18.31,4.49
1781287200,2026-06-12 18:00:00,2,334.32,0.03,5.15,12.1,1.38,14.27,17.37,4.39
1781290800,2026-06-12 19:00:00,2,329.35,0.05,4.96,10.39,1.19,13.32,16.05,4.33
1781294400,2026-06-12 20:00:00,2,321.68,0.06,4.55,9.56,1.02,12.28,14.6,4.04
1781298000,2026-06-12 21:00:00,2,314.69,0.08,4.13,9.36,0.9,11.45,13.45,3.74
1781301600,2026-06-12 22:00:00,2,308.16,0.09,3.79,9.45,0.84,10.78,12.56,3.42
1781305200,2026-06-12 23:00:00,2,301.76,0.08,3.49,9.92,0.83,10.03,11.69,3.03
1781308800,2026-06-13 00:00:00,1,298.07,0.29,3.04,11.72,0.92,9.39,11.14,2.82
1781312400,2026-06-13 01:00:00,1,286.3,0.3,2.87,18.17,1.04,8.16,9.83,2.71
1781316000,2026-06-13 02:00:00,1,278.62,0.37,2.59,22.77,1.17,7.76,9.43,2.84
1781319600,2026-06-13 03:00:00,1,267.97,0.3,2.15,30.11,1.25,8.09,9.64,2.8
1781323200,2026-06-13 04:00:00,1,227.5,0.11,1.15,43.75,0.73,6.8,7.54,1.49
1781326800,2026-06-13 05:00:00,1,220.56,0.11,1.1,46.55,0.72,7.26,7.9,1.54
1781330400,2026-06-13 06:00:00,1,220.61,0.12,1.18,47.13,0.79,7.94,8.61,1.77
1781334000,2026-06-13 07:00:00,1,222.02,0.12,1.26,47.58,0.83,8.13,8.81,1.91
1781337600,2026-06-13 08:00:00,1,217.54,0.11,1.4,46.83,0.87,7.19,7.84,1.92
1781341200,2026-06-13 09:00:00,1,207.81,0.09,1.57,45.02,0.89,5.61,6.24,1.89
1781344800,2026-06-13 10:00:00,1,204.35,0.08,1.98,38.22,0.96,4.73,5.48,2.19
1781348400,2026-06-13 11:00:00,1,209.1,0.05,2.56,29.2,1.07,4.69,5.71,2.68
1781352000,2026-06-13 12:00:00,1,210.74,0.01,2.88,22.88,1.12,4.6,5.88,2.78
1781355600,2026-06-13 13:00:00,1,209.91,0.01,2.97,18.68,1.11,4.58,6.16,2.81
1781359200,2026-06-13 14:00:00,1,211.77,0.02,2.96,15.72,1.07,4.7,6.48,2.86
1781362800,2026-06-13 15:00:00,1,214.31,0.03,2.81,13.7,0.98,4.89,6.74,2.8
1781366400,2026-06-13 16:00:00,1,215.5,0.04,2.65,12.57,0.87,5.06,6.82,2.77
1781370000,2026-06-13 17:00:00,1,219.7,0.05,2.62,12.11,0.78,5.27,6.82,2.93
1781373600,2026-06-13 18:00:00,1,225.07,0.06,2.67,11.9,0.73,5.55,6.94,3.19
1781377200,2026-06-13 19:00:00,1,228.58,0.06,2.68,11.92,0.71,5.71,6.98,3.39
1781380800,2026-06-13 20:00:00,1,230.72,0.06,2.67,11.98,0.69,5.79,6.96,3.43
1781384400,2026-06-13 21:00:00,1,232.18,0.06,2.68,11.81,0.7,5.87,6.99,3.44
1781388000,2026-06-13 22:00:00,1,232.15,0.06,2.71,11.31,0.72,5.84,6.94,3.39
1781391600,2026-06-13 23:00:00,1,228.62,0.07,2.64,11.08,0.75,5.56,6.66,3.16
1781395200,2026-06-14 00:00:00,1,223.08,0.3,2.23,12.16,0.82,5.21,6.43,2.86
1781398800,2026-06-14 01:00:00,1,209.79,0.4,1.86,16.22,0.87,4.67,5.9,2.42
1781402400,2026-06-14 02:00:00,1,197.72,0.34,1.65,21.29,0.95,4.9,6.1,2.3
1781406000,2026-06-14 03:00:00,1,184.25,0.23,1.37,28.22,1.01,5.98,7.06,2.2
1781409600,2026-06-14 04:00:00,1,136.78,0.11,0.68,33.13,0.54,3.47,3.92,1.14
1781413200,2026-06-14 05:00:00,1,116.4,0.09,0.52,33.13,0.41,2.44,2.73,0.88
1781416800,2026-06-14 06:00:00,1,109.6,0.09,0.48,33.4,0.39,2.23,2.48,0.84
1781420400,2026-06-14 07:00:00,1,111.52,0.09,0.6,33.13,0.45,2.16,2.44,0.96
1781424000,2026-06-14 08:00:00,1,120.31,0.09,0.93,31.11,0.6,2.18,2.56,1.29
1781427600,2026-06-14 09:00:00,1,129.09,0.08,1.31,28.96,0.72,2.22,2.7,1.6
1781431200,2026-06-14 10:00:00,1,142.25,0.05,1.91,25.32,0.87,2.48,3.15,2.13
1781434800,2026-06-14 11:00:00,1,159.91,0.02,2.6,20.87,1.05,3.05,4.03,2.67
1781438400,2026-06-14 12:00:00,1,175.54,0.01,2.98,17.83,1.15,3.7,5.01,2.84
1781442000,2026-06-14 13:00:00,1,186.33,0.02,3.13,16.09,1.18,4.39,6.05,3.01
1781445600,2026-06-14 14:00:00,1,193.37,0.02,3.14,15.01,1.16,4.67,6.51,3.17
1781449200,2026-06-14 15:00:00,1,192.62,0.03,2.96,14.11,1.06,4.4,6.24,3.16
1781452800,2026-06-14 16:00:00,1,185.8,0.04,2.72,13.39,0.91,3.9,5.59,3.02
1781456400,2026-06-14 17:00:00,1,182.23,0.05,2.6,12.61,0.78,3.64,5.09,2.95
1781460000,2026-06-14 18:00:00,1,182.33,0.07,2.63,11.67,0.77,3.6,4.94,2.98
1781463600,2026-06-14 19:00:00,1,182.35,0.08,2.64,10.74,0.78,3.57,4.84,2.98
1781467200,2026-06-14 20:00:00,1,183.63,0.09,2.67,10.03,0.78,3.53,4.75,2.95
1781470800,2026-06-14 21:00:00,1,185.75,0.1,2.72,9.45,0.8,3.52,4.71,2.95
1781474400,2026-06-14 22:00:00,1,188.34,0.1,2.82,8.9,0.86,3.52,4.72,2.96
1781478000,2026-06-14 23:00:00,1,188.21,0.09,2.87,8.91,0.92,3.38,4.6,2.89
1781481600,2026-06-15 00:00:00,1,187.4,0.28,2.63,9.98,1.04,3.19,4.6,2.75
1781485200,2026-06-15 01:00:00,1,183.35,0.58,2.22,12.82,1.16,2.93,4.47,2.54
1781488800,2026-06-15 02:00:00,1,178.59,0.65,2.03,17.28,1.33,3.02,4.6,2.56
1781492400,2026-06-15 03:00:00,1,169.74,0.48,1.77,25.58,1.47,4,5.46,2.5
1781496000,2026-06-15 04:00:00,1,133.29,0.13,1.19,31.31,0.96,2.94,3.63,1.43
1781499600,2026-06-15 05:00:00,1,119.86,0.09,1.06,30.48,0.77,1.93,2.43,1.16
1781503200,2026-06-15 06:00:00,1,117.63,0.08,1.07,30.1,0.73,1.59,2.04,1.14
1781506800,2026-06-15 07:00:00,1,120.45,0.08,1.21,29.9,0.79,1.48,1.95,1.23
1781510400,2026-06-15 08:00:00,1,127.35,0.09,1.51,29.76,0.97,1.57,2.12,1.48
1781514000,2026-06-15 09:00:00,1,134.75,0.12,1.77,29.83,1.11,1.67,2.3,1.71
1781517600,2026-06-15 10:00:00,1,165.22,0.28,2.75,25.25,1.44,2.61,3.81,2.9
1781521200,2026-06-15 11:00:00,1,220.76,0.19,5.05,17.31,1.93,4.32,6.64,4.72
1781524800,2026-06-15 12:00:00,1,271.78,0.05,6.98,11.95,2.35,6.15,9.74,6.64
1781528400,2026-06-15 13:00:00,1,315,0.08,8.23,9.33,2.7,8.03,12.86,8.45
1781532000,2026-06-15 14:00:00,1,346,0.16,8.68,7.04,2.67,9.6,15.19,8.54
1781535600,2026-06-15 15:00:00,2,359.42,0.28,8.23,5.24,2.37,10.44,16.14,7.34
1781539200,2026-06-15 16:00:00,2,350.21,0.34,7.27,4.22,1.93,10.27,15.4,5.84
1781542800,2026-06-15 17:00:00,1,329.67,0.28,6.44,3.85,1.51,9.5,13.67,5.05
1781546400,2026-06-15 18:00:00,1,305.76,0.2,5.64,3.96,1.25,8.61,11.97,4.78
1781550000,2026-06-15 19:00:00,1,265.75,0.15,4.51,5.16,1.11,7.07,9.62,4.38
1781553600,2026-06-15 20:00:00,1,241.45,0.13,3.96,6.1,1.05,6.16,8.25,4.59
1781557200,2026-06-15 21:00:00,1,232.89,0.12,3.92,6.6,1.08,5.8,7.68,5.21
1781560800,2026-06-15 22:00:00,1,231.6,0.11,4.1,6.69,1.15,5.7,7.5,5.78
1781564400,2026-06-15 23:00:00,1,230.2,0.12,4.01,6.45,1.19,5.62,7.4,5.18
1781568000,2026-06-16 00:00:00,1,231.82,0.43,3.55,7.29,1.31,5.65,7.66,4.17
1781571600,2026-06-16 01:00:00,1,227.23,0.77,3.13,11.44,1.51,5.35,7.51,3.64
1781575200,2026-06-16 02:00:00,1,236.84,1.06,3.11,14.8,1.83,6.01,8.58,3.93
1781578800,2026-06-16 03:00:00,1,248.42,0.99,3.27,22.32,2.23,7.99,11.04,4.36
1781582400,2026-06-16 04:00:00,1,193.57,0.38,2.45,35.77,2.09,8,9.97,3.09
1781586000,2026-06-16 05:00:00,1,173.63,0.19,2.13,37.78,1.9,8.17,9.82,2.7
1781589600,2026-06-16 06:00:00,1,169.53,0.14,2.06,37.93,1.81,8.19,9.79,2.68
1781593200,2026-06-16 07:00:00,1,162.36,0.12,1.91,36.64,1.6,7.22,8.69,2.54
1781596800,2026-06-16 08:00:00,1,153.6,0.12,1.81,34.62,1.4,5.86,7.18,2.38
1781600400,2026-06-16 09:00:00,1,149.81,0.13,1.81,33.52,1.28,5.06,6.3,2.33
1781604000,2026-06-16 10:00:00,1,161.74,0.15,2.31,30.75,1.33,5.44,6.88,2.69
1781607600,2026-06-16 11:00:00,1,188.65,0.09,3.32,26.15,1.51,6.91,8.91,3.14
1781611200,2026-06-16 12:00:00,1,213.68,0.02,4.05,22.22,1.63,8.45,11.06,3.26
1781614800,2026-06-16 13:00:00,2,235.74,0.02,4.45,19.76,1.69,10.06,13.31,3.46
1781618400,2026-06-16 14:00:00,2,252.8,0.02,4.74,17.93,1.72,11.1,14.81,3.98
1781622000,2026-06-16 15:00:00,2,263.23,0.03,4.96,15.7,1.73,11.08,14.99,4.66
1781625600,2026-06-16 16:00:00,1,263.12,0.04,5.01,13.5,1.67,9.97,13.67,5.22
1781629200,2026-06-16 17:00:00,1,253.47,0.05,4.77,11.88,1.49,8.47,11.6,5.27
1781632800,2026-06-16 18:00:00,1,241.47,0.06,4.39,10.83,1.33,7.28,9.91,5.1
1781636400,2026-06-16 19:00:00,1,231.54,0.08,4.05,10.15,1.19,6.57,8.84,5
1781640000,2026-06-16 20:00:00,1,230.04,0.08,4.02,9.57,1.11,6.39,8.47,5.28
1781643600,2026-06-16 21:00:00,1,231.23,0.09,4.08,9.18,1.08,6.4,8.36,5.57
1781647200,2026-06-16 22:00:00,1,233.31,0.09,4.15,8.71,1.08,6.44,8.34,5.59
1781650800,2026-06-16 23:00:00,1,232.58,0.09,4.07,8.45,1.11,6.33,8.19,4.99
1781654400,2026-06-17 00:00:00,1,232.19,0.27,3.82,8.97,1.26,6.17,8.24,4.31
1781658000,2026-06-17 01:00:00,1,225.87,0.52,3.43,12.42,1.39,5.57,7.57,3.54
1781661600,2026-06-17 02:00:00,1,221,0.69,3.13,16.25,1.49,5.32,7.22,3.18
1781665200,2026-06-17 03:00:00,1,210.48,0.6,2.78,22.52,1.56,5.48,7.2,2.95
1781668800,2026-06-17 04:00:00,1,173.41,0.27,2.08,32.71,1.47,4.93,6.09,2.27
1781672400,2026-06-17 05:00:00,1,154.16,0.18,1.77,35.77,1.47,4.7,5.66,2.05
1781676000,2026-06-17 06:00:00,1,144.96,0.15,1.57,37.39,1.42,4.66,5.52,1.9
1781679600,2026-06-17 07:00:00,1,135.25,0.12,1.28,36.56,1.04,3.83,4.47,1.55
1781683200,2026-06-17 08:00:00,1,136.64,0.14,1.39,34.42,0.97,3.44,4.05,1.64
1781686800,2026-06-17 09:00:00,1,142.47,0.16,1.61,33.06,1.01,3.34,4.01,1.84
1781690400,2026-06-17 10:00:00,1,154.16,0.17,2.09,29.37,1.12,3.5,4.41,2.28
1781694000,2026-06-17 11:00:00,1,169.99,0.09,2.79,24.3,1.29,3.99,5.32,2.79
1781697600,2026-06-17 12:00:00,1,186.41,0.01,3.27,20.93,1.41,4.89,6.7,3
1781701200,2026-06-17 13:00:00,1,202.37,0.01,3.46,19.62,1.46,6.4,8.7,3.11
1781704800,2026-06-17 14:00:00,1,217.37,0.02,3.58,18.62,1.47,7.88,10.48,3.27
1781708400,2026-06-17 15:00:00,1,225.93,0.02,3.59,17.07,1.42,8.58,11.28,3.34
1781712000,2026-06-17 16:00:00,1,226.33,0.03,3.49,15.4,1.26,8.41,10.92,3.32
1781715600,2026-06-17 17:00:00,1,225.56,0.04,3.42,14.34,1.1,7.98,10.12,3.46
1781719200,2026-06-17 18:00:00,1,225.79,0.04,3.41,13.82,1.01,7.6,9.47,3.78
1781722800,2026-06-17 19:00:00,1,223.63,0.04,3.33,13.7,0.95,7.17,8.81,3.98
1781726400,2026-06-17 20:00:00,1,219.75,0.05,3.14,13.86,0.89,6.69,8.16,3.74
1781730000,2026-06-17 21:00:00,1,216.03,0.05,2.94,14.04,0.85,6.27,7.6,3.36
1781733600,2026-06-17 22:00:00,1,212.38,0.05,2.82,14,0.85,5.84,7.1,3.06
1781737200,2026-06-17 23:00:00,1,210.15,0.04,2.83,14.01,0.9,5.41,6.67,2.94
1781740800,2026-06-18 00:00:00,1,210.61,0.14,2.84,14.49,1.05,5.06,6.54,2.89
1781744400,2026-06-18 01:00:00,1,208.27,0.27,2.83,16.54,1.24,4.56,6.25,2.81
1781748000,2026-06-18 02:00:00,1,201.67,0.34,2.67,18.95,1.41,4.12,5.83,2.69
1781751600,2026-06-18 03:00:00,1,187.65,0.3,2.23,23.89,1.49,4.03,5.55,2.5
1781755200,2026-06-18 04:00:00,1,137.89,0.11,1.11,32.28,0.72,2.09,2.67,1.16
1781758800,2026-06-18 05:00:00,1,121.73,0.07,0.89,33.37,0.52,1.38,1.74,0.85
1781762400,2026-06-18 06:00:00,1,119.3,0.07,0.86,33.85,0.48,1.25,1.56,0.8
1781766000,2026-06-18 07:00:00,1,125.79,0.08,1.08,33.3,0.59,1.36,1.72,0.99
1781769600,2026-06-18 08:00:00,1,138.24,0.1,1.58,31.14,0.83,1.66,2.18,1.43
1781773200,2026-06-18 09:00:00,1,149.4,0.12,2.02,29.33,1.01,1.93,2.6,1.78
1781776800,2026-06-18 10:00:00,1,163.02,0.16,2.54,26.48,1.21,2.39,3.38,2.27
1781780400,2026-06-18 11:00:00,1,178.5,0.09,3.27,21.69,1.42,2.89,4.31,2.68
1781784000,2026-06-18 12:00:00,1,189.25,0.02,3.56,18.07,1.49,3.27,5.09,2.85
1781787600,2026-06-18 13:00:00,1,195.17,0.02,3.47,16.14,1.46,3.59,5.74,2.87
1781791200,2026-06-18 14:00:00,1,195.89,0.02,3.15,15.53,1.3,3.71,5.87,2.66
1781794800,2026-06-18 15:00:00,1,192.78,0.02,2.75,15.43,1.09,3.64,5.64,2.35
1781798400,2026-06-18 16:00:00,1,188.05,0.03,2.48,15.13,0.9,3.5,5.23,2.1
1781802000,2026-06-18 17:00:00,1,187.22,0.04,2.39,14.38,0.77,3.48,4.92,2.04
1781805600,2026-06-18 18:00:00,1,188.07,0.05,2.36,13.62,0.7,3.59,4.84,2.06
1781809200,2026-06-18 19:00:00,1,188.85,0.06,2.33,13.13,0.66,3.73,4.84,2.06
1781812800,2026-06-18 20:00:00,1,189.75,0.06,2.33,13.01,0.67,3.85,4.86,2.07
1781816400,2026-06-18 21:00:00,1,190.98,0.05,2.37,12.93,0.7,3.94,4.91,2.11
1781820000,2026-06-18 22:00:00,1,191.84,0.05,2.43,12.77,0.75,3.94,4.89,2.16
1781823600,2026-06-18 23:00:00,1,191.48,0.04,2.49,12.78,0.82,3.79,4.77,2.24
1781827200,2026-06-19 00:00:00,1,192.12,0.13,2.5,13.36,0.96,3.62,4.83,2.36
1781830800,2026-06-19 01:00:00,1,191.73,0.35,2.34,15.33,1.11,3.46,4.9,2.38
1781834400,2026-06-19 02:00:00,1,186.64,0.44,2.13,19.25,1.24,3.38,4.89,2.28
1781838000,2026-06-19 03:00:00,1,175.62,0.36,1.79,26,1.28,3.54,4.9,2.15
1781841600,2026-06-19 04:00:00,1,143.79,0.17,1.02,33.72,0.79,2.93,3.61,1.3
1781845200,2026-06-19 05:00:00,1,138.51,0.15,0.9,36.23,0.72,3.57,4.15,1.24
1781848800,2026-06-19 06:00:00,1,142.64,0.15,0.91,38.68,0.76,4.78,5.38,1.36
1781852400,2026-06-19 07:00:00,1,150.7,0.16,1,41.25,0.86,6.22,6.89,1.58
1781856000,2026-06-19 08:00:00,1,160.07,0.18,1.28,41.53,1.03,7.11,7.91,1.92
1781859600,2026-06-19 09:00:00,1,168.12,0.18,1.65,39.69,1.18,7.33,8.27,2.22
1781863200,2026-06-19 10:00:00,1,177.77,0.15,2.24,34.6,1.3,7.23,8.38,2.55
1781866800,2026-06-19 11:00:00,1,187.58,0.08,2.9,27.59,1.42,6.87,8.29,2.69
1781870400,2026-06-19 12:00:00,1,195.63,0.01,3.27,21.78,1.48,6.36,8.07,2.66
1781874000,2026-06-19 13:00:00,1,202.82,0.02,3.44,17.76,1.52,6.07,8.14,2.79
1781877600,2026-06-19 14:00:00,1,211.63,0.03,3.58,14.89,1.53,5.96,8.32,3.09
1781881200,2026-06-19 15:00:00,1,216.14,0.04,3.51,12.97,1.45,5.86,8.33,3.33
1781884800,2026-06-19 16:00:00,1,214.31,0.05,3.33,11.74,1.3,5.7,8.07,3.46
1781888400,2026-06-19 17:00:00,1,211.31,0.06,3.2,11.1,1.14,5.56,7.62,3.52
1781892000,2026-06-19 18:00:00,1,208.64,0.07,3.06,10.7,0.97,5.48,7.24,3.59
1781895600,2026-06-19 19:00:00,1,204.95,0.07,2.9,10.58,0.83,5.33,6.86,3.61
1781899200,2026-06-19 20:00:00,1,202.27,0.07,2.81,10.75,0.76,5.14,6.48,3.62
1781902800,2026-06-19 21:00:00,1,200.76,0.07,2.78,10.92,0.73,4.97,6.19,3.63
1781906400,2026-06-19 22:00:00,1,200.42,0.07,2.77,10.92,0.73,4.83,5.98,3.54
1781910000,2026-06-19 23:00:00,1,200.25,0.07,2.74,10.96,0.76,4.66,5.79,3.2
1781913600,2026-06-20 00:00:00,1,201.09,0.2,2.58,11.68,0.85,4.55,5.83,2.87
1781917200,2026-06-20 01:00:00,1,200.06,0.35,2.41,14.07,0.96,4.34,5.74,2.58
1781920800,2026-06-20 02:00:00,1,195.18,0.34,2.25,17.38,1.03,4.15,5.54,2.41
1781924400,2026-06-20 03:00:00,1,186.35,0.28,1.89,23.06,1.02,4.23,5.44,2.25
1781928000,2026-06-20 04:00:00,1,150.86,0.13,1.02,32.15,0.47,2.69,3.14,1.08
1781931600,2026-06-20 05:00:00,1,139.64,0.11,0.85,33.91,0.37,2.3,2.62,0.9
1781935200,2026-06-20 06:00:00,1,138.16,0.12,0.79,35.32,0.36,2.45,2.76,0.94
1781938800,2026-06-20 07:00:00,1,139.96,0.1,0.86,36.26,0.39,2.63,2.96,1.03
1781942400,2026-06-20 08:00:00,1,142.24,0.07,1.07,35.23,0.43,2.53,2.91,1.19
1781946000,2026-06-20 09:00:00,1,144.84,0.06,1.25,34.66,0.48,2.53,2.98,1.36
1781949600,2026-06-20 10:00:00,1,157.91,0.05,1.83,32.18,0.68,3.23,4,2.05
1781953200,2026-06-20 11:00:00,1,179.09,0.03,2.67,28.15,0.98,4.47,5.76,2.95
1781956800,2026-06-20 12:00:00,1,197.44,0,3.27,25.48,1.19,5.49,7.28,3.74
1781960400,2026-06-20 13:00:00,1,210.31,0,3.62,23.92,1.32,6.23,8.48,4.47
1781964000,2026-06-20 14:00:00,1,219.48,0.01,3.75,22.09,1.35,6.49,8.98,4.62
1781967600,2026-06-20 15:00:00,1,225.35,0.01,3.76,19.62,1.32,6.32,8.84,4.41
1781971200,2026-06-20 16:00:00,1,225.41,0.02,3.62,17.29,1.2,5.8,8.09,4.13
1781974800,2026-06-20 17:00:00,1,223.99,0.02,3.48,16.21,1.05,5.33,7.24,4.17
1781978400,2026-06-20 18:00:00,1,224.57,0.02,3.41,15.94,0.95,5.18,6.8,4.4
1781982000,2026-06-20 19:00:00,1,225.81,0.03,3.39,15.87,0.89,5.22,6.65,4.74
1781985600,2026-06-20 20:00:00,1,230.07,0.03,3.47,15.11,0.89,5.44,6.79,5.06
1781989200,2026-06-20 21:00:00,1,235.35,0.04,3.59,13.92,0.91,5.74,7.07,5.32
1781992800,2026-06-20 22:00:00,1,239.48,0.05,3.66,12.31,0.95,5.98,7.33,5.23
1781996400,2026-06-20 23:00:00,1,240.42,0.08,3.5,11.04,0.96,6.01,7.36,4.34
1782000000,2026-06-21 00:00:00,1,239.35,0.35,2.95,11.81,1,5.94,7.39,3.5
1782003600,2026-06-21 01:00:00,1,227.32,0.44,2.44,18.43,1.03,5.39,6.73,2.88
1782007200,2026-06-21 02:00:00,1,221.86,0.38,2.25,22.81,1.12,5.84,7.23,2.82
1782010800,2026-06-21 03:00:00,1,214.45,0.26,1.98,28.92,1.17,7.2,8.56,2.74
1782014400,2026-06-21 04:00:00,1,170.78,0.11,1.24,33.97,0.63,4,4.65,1.5
1782018000,2026-06-21 05:00:00,1,153.91,0.11,1.08,33.02,0.5,2.43,2.94,1.26
1782021600,2026-06-21 06:00:00,1,150.29,0.11,1.09,32.2,0.5,2.19,2.72,1.28
1782025200,2026-06-21 07:00:00,1,149.39,0.1,1.21,31.8,0.56,2.2,2.75,1.38
1782028800,2026-06-21 08:00:00,1,149.38,0.09,1.4,32.22,0.65,2.29,2.88,1.57
1782032400,2026-06-21 09:00:00,1,146.41,0.06,1.51,33.78,0.68,2.37,2.95,1.65
1782036000,2026-06-21 10:00:00,1,158.15,0.07,2.07,30.81,0.81,3.06,3.97,2.41
1782039600,2026-06-21 11:00:00,1,185.86,0.06,3.12,24.31,1.03,4.16,5.73,3.55
1782043200,2026-06-21 12:00:00,1,210.88,0.01,3.89,19.68,1.2,4.99,7.21,4.21
1782046800,2026-06-21 13:00:00,1,228.67,0.01,4.23,16.78,1.31,5.55,8.31,4.61
1782050400,2026-06-21 14:00:00,1,234.18,0.02,4.15,14.73,1.32,5.43,8.26,4.49
1782054000,2026-06-21 15:00:00,1,222.33,0.03,3.56,13.7,1.18,4.66,7.1,3.76
1782057600,2026-06-21 16:00:00,1,201.75,0.04,2.76,13.78,0.93,3.78,5.67,2.84
1782061200,2026-06-21 17:00:00,1,201.93,0.05,2.7,13.03,0.84,3.78,5.42,2.98
1782064800,2026-06-21 18:00:00,1,206.63,0.06,2.81,12.25,0.85,3.99,5.55,3.29
1782068400,2026-06-21 19:00:00,1,209.83,0.07,2.91,11.67,0.9,4.21,5.72,3.58
1782072000,2026-06-21 20:00:00,1,211.51,0.07,2.96,11.59,0.93,4.32,5.77,3.85
1782075600,2026-06-21 21:00:00,1,212.86,0.07,3.04,11.8,0.96,4.41,5.79,4.15
1782079200,2026-06-21 22:00:00,1,213.36,0.06,3.1,11.9,0.99,4.42,5.76,4.29
1782082800,2026-06-21 23:00:00,1,213.19,0.07,3.05,11.84,1.03,4.36,5.7,3.91
1782086400,2026-06-22 00:00:00,1,214.02,0.41,2.57,13.16,1.13,4.42,5.98,3.48
1782090000,2026-06-22 01:00:00,1,212.31,0.56,2.42,16.74,1.27,4.45,6.23,3.09
1782093600,2026-06-22 02:00:00,1,206.07,0.58,2.13,23.26,1.43,4.92,6.78,2.97
1782097200,2026-06-22 03:00:00,1,194.57,0.4,1.7,33.79,1.56,6.95,8.67,2.79
1782100800,2026-06-22 04:00:00,1,145.74,0.14,0.96,40.41,0.94,4.82,5.62,1.49
1782104400,2026-06-22 05:00:00,1,128.85,0.09,0.99,39.52,0.85,3.42,4.03,1.28
1782108000,2026-06-22 06:00:00,1,126.19,0.09,1.17,39.27,0.94,3.07,3.7,1.38
1782111600,2026-06-22 07:00:00,1,127.62,0.1,1.39,39.7,1.07,2.95,3.62,1.55
1782115200,2026-06-22 08:00:00,1,131.64,0.12,1.63,39.57,1.22,2.95,3.69,1.77
1782118800,2026-06-22 09:00:00,1,137.62,0.15,1.83,39.54,1.31,3.13,3.94,1.98
1782122400,2026-06-22 10:00:00,1,151.55,0.18,2.3,35.54,1.42,3.65,4.69,2.51
1782126000,2026-06-22 11:00:00,1,169.88,0.09,3.11,28.68,1.53,4.12,5.5,3.13
1782129600,2026-06-22 12:00:00,1,184.03,0.01,3.54,23.24,1.55,4.43,6.17,3.31
1782133200,2026-06-22 13:00:00,1,193.95,0.01,3.63,19.57,1.51,4.7,6.81,3.29
1782136800,2026-06-22 14:00:00,1,199.28,0.01,3.56,17.21,1.42,4.86,7.15,3.32
1782140400,2026-06-22 15:00:00,1,200.48,0.02,3.41,15.62,1.3,4.86,7.2,3.35
1782144000,2026-06-22 16:00:00,1,197.81,0.03,3.28,14.46,1.17,4.71,6.92,3.36
1782147600,2026-06-22 17:00:00,1,196.26,0.03,3.24,13.58,1.04,4.54,6.45,3.3
1782151200,2026-06-22 18:00:00,1,195.2,0.04,3.21,12.96,0.96,4.41,6.09,3.24
1782154800,2026-06-22 19:00:00,1,191.82,0.04,3.11,12.86,0.89,4.23,5.65,3.12
1782158400,2026-06-22 20:00:00,1,187.96,0.03,3,13.05,0.85,4.04,5.25,3.03
1782162000,2026-06-22 21:00:00,1,184.59,0.03,2.94,13.22,0.84,3.92,5.01,2.99
1782165600,2026-06-22 22:00:00,1,180.62,0.03,2.88,13.4,0.87,3.82,4.85,2.93
1782169200,2026-06-22 23:00:00,1,174.53,0.03,2.72,14.13,0.92,3.64,4.63,2.75
1782172800,2026-06-23 00:00:00,1,168.29,0.28,2.2,16.49,1.02,3.49,4.6,2.47
1782176400,2026-06-23 01:00:00,1,159.25,0.48,1.67,21.51,1.07,3.46,4.61,2.01
1782180000,2026-06-23 02:00:00,1,154.81,0.43,1.45,27.8,1.14,3.97,5.12,1.86
1782183600,2026-06-23 03:00:00,1,146.76,0.29,1.14,36.48,1.15,5.05,6.06,1.72
1782187200,2026-06-23 04:00:00,1,122.22,0.14,0.66,43.34,0.68,4.11,4.59,0.96
1782190800,2026-06-23 05:00:00,1,112.76,0.11,0.56,43.9,0.54,3.46,3.79,0.76
1782194400,2026-06-23 06:00:00,1,109.51,0.1,0.54,44.14,0.5,3.14,3.41,0.7
1782198000,2026-06-23 07:00:00,1,108.99,0.07,0.61,44.2,0.48,2.57,2.81,0.68
1782201600,2026-06-23 08:00:00,1,109.47,0.06,0.73,42.98,0.51,2.03,2.27,0.73
1782205200,2026-06-23 09:00:00,1,111.91,0.05,0.85,42.14,0.54,1.69,1.95,0.81
1782208800,2026-06-23 10:00:00,1,121.9,0.06,1.27,38.9,0.71,1.77,2.19,1.25
1782212400,2026-06-23 11:00:00,1,137.44,0.06,1.83,34.36,0.94,2.19,2.89,1.89
1782216000,2026-06-23 12:00:00,1,149.97,0.01,2.17,30.94,1.01,2.59,3.58,2.27
1782219600,2026-06-23 13:00:00,1,159.59,0,2.34,27.84,1.03,3.01,4.31,2.33
1782223200,2026-06-23 14:00:00,1,168.39,0,2.49,25.27,1.03,3.4,4.93,2.34
1782226800,2026-06-23 15:00:00,1,174.42,0.01,2.57,23.26,1,3.66,5.33,2.3
1782230400,2026-06-23 16:00:00,1,175.14,0.01,2.54,21.74,0.92,3.72,5.32,2.2
1782234000,2026-06-23 17:00:00,1,172.83,0.01,2.46,21.19,0.81,3.65,4.97,2.07
1782237600,2026-06-23 18:00:00,1,170.02,0.01,2.35,21,0.73,3.61,4.71,1.97
1782241200,2026-06-23 19:00:00,1,166.83,0.01,2.23,21.05,0.68,3.5,4.45,1.91
1782244800,2026-06-23 20:00:00,1,165.42,0.01,2.2,21.05,0.68,3.37,4.23,1.99
1782248400,2026-06-23 21:00:00,1,165.52,0.01,2.24,20.69,0.72,3.28,4.11,2.12
1782252000,2026-06-23 22:00:00,1,165.55,0.02,2.3,20.08,0.78,3.23,4.09,2.26
1782255600,2026-06-23 23:00:00,1,163.84,0.02,2.24,20.11,0.83,3.1,4,2.23
1782259200,2026-06-24 00:00:00,1,162.29,0.1,2.09,21.32,0.92,2.97,4.05,2.17
1782262800,2026-06-24 01:00:00,1,160.02,0.29,1.81,24.08,1.03,2.87,4.09,2.12
1782266400,2026-06-24 02:00:00,1,157.71,0.37,1.54,28.72,1.15,3.05,4.35,2.17
1782270000,2026-06-24 03:00:00,1,152.12,0.29,1.21,36.37,1.19,3.86,5.1,2.15
1782273600,2026-06-24 04:00:00,1,131.28,0.16,0.69,40.58,0.68,3.31,4.07,1.4
1782277200,2026-06-24 05:00:00,1,121.68,0.13,0.56,41.84,0.56,3.16,3.7,1.12
1782280800,2026-06-24 06:00:00,1,117.03,0.12,0.51,43.17,0.54,3.43,3.85,0.99
1782284400,2026-06-24 07:00:00,1,116.61,0.14,0.6,45.1,0.64,3.84,4.23,1.02
1782288000,2026-06-24 08:00:00,1,123.01,0.17,0.85,46.45,0.88,4.53,5.05,1.39
1782291600,2026-06-24 09:00:00,1,130.86,0.2,1.14,46.9,1.08,5.06,5.71,1.74
1782295200,2026-06-24 10:00:00,1,147.47,0.24,1.83,41.18,1.32,5.58,6.55,2.51
1782298800,2026-06-24 11:00:00,1,169.09,0.16,2.88,32.21,1.56,5.84,7.26,3.35
1782302400,2026-06-24 12:00:00,1,185.12,0.02,3.59,25.06,1.67,5.8,7.67,3.89
1782306000,2026-06-24 13:00:00,1,194.98,0.01,3.76,20.85,1.69,5.77,8.08,4.09
1782309600,2026-06-24 14:00:00,1,198.91,0.01,3.72,18.63,1.62,5.78,8.29,4.03
1782313200,2026-06-24 15:00:00,1,197.9,0.01,3.53,17.41,1.48,5.85,8.38,3.86
1782316800,2026-06-24 16:00:00,1,191.06,0.02,3.25,16.95,1.27,5.88,8.19,3.51
1782320400,2026-06-24 17:00:00,1,187,0.02,3.05,16.92,1.06,6.06,8,3.16
1782324000,2026-06-24 18:00:00,1,185.09,0.03,2.87,17.09,0.91,6.3,7.95,2.85
1782327600,2026-06-24 19:00:00,1,183.79,0.03,2.73,17.21,0.8,6.41,7.85,2.64
1782331200,2026-06-24 20:00:00,1,186.11,0.04,2.74,17.01,0.79,6.47,7.8,2.72
1782334800,2026-06-24 21:00:00,1,189.92,0.04,2.84,16.49,0.83,6.49,7.79,2.88
1782338400,2026-06-24 22:00:00,1,195.67,0.04,3.06,15.46,0.92,6.55,7.88,3.14
1782342000,2026-06-24 23:00:00,1,202.52,0.04,3.31,14.57,1.03,6.55,7.98,3.39
1782345600,2026-06-25 00:00:00,1,210.2,0.27,3.31,15.41,1.24,6.47,8.22,3.64
1782349200,2026-06-25 01:00:00,1,207.17,0.7,2.84,22.14,1.52,5.86,7.75,3.79
1782352800,2026-06-25 02:00:00,1,207.77,0.85,2.49,29.06,1.8,6.22,8.22,3.94
1782356400,2026-06-25 03:00:00,1,203.75,0.54,2.06,41.9,2.01,9.31,11.28,3.84
1782360000,2026-06-25 04:00:00,1,161.94,0.19,1.45,54.5,1.61,8.13,9.32,2.44
1782363600,2026-06-25 05:00:00,1,168.1,0.2,1.86,55.17,1.77,8.18,9.54,2.96
1782367200,2026-06-25 06:00:00,1,186.54,0.24,2.4,56.59,2.12,9.7,11.46,3.83
1782370800,2026-06-25 07:00:00,2,206.6,0.25,2.95,57.82,2.4,11.69,13.75,4.49
1782374400,2026-06-25 08:00:00,2,212.17,0.2,3.33,54.84,2.5,11.9,14.01,4.58
1782378000,2026-06-25 09:00:00,2,207.17,0.13,3.63,50.09,2.47,10.26,12.23,4.29
1782381600,2026-06-25 10:00:00,1,227.71,0.16,4.73,41.92,2.49,9.32,11.6,5.06
1782385200,2026-06-25 11:00:00,2,291.52,0.24,7,32.43,2.82,10.79,14.14,6.89
1782388800,2026-06-25 12:00:00,2,356.24,0.04,9.27,23.38,3.15,12.84,17.5,7.92
1782392400,2026-06-25 13:00:00,2,407.27,0.01,10.44,17.1,3.37,14.88,20.92,8.5
1782396000,2026-06-25 14:00:00,2,423.03,0.02,10.45,14.16,3.25,15.56,22.2,8.54
1782399600,2026-06-25 15:00:00,2,405.3,0.02,9.51,12.61,2.88,14.51,20.78,7.95
1782403200,2026-06-25 16:00:00,2,361.82,0.03,7.95,12.14,2.31,12.13,17.22,6.86
1782406800,2026-06-25 17:00:00,1,315.49,0.03,6.48,12.16,1.73,9.72,13.38,5.74
1782410400,2026-06-25 18:00:00,1,262.12,0.03,4.87,13.35,1.29,7.39,9.81,4.38
1782414000,2026-06-25 19:00:00,1,227.31,0.03,3.83,14.05,0.98,6.12,7.82,3.39
1782417600,2026-06-25 20:00:00,1,245.12,0.05,4.27,11.54,0.92,7.08,8.8,3.88
1782421200,2026-06-25 21:00:00,1,276.81,0.1,5.06,8.63,0.96,8.84,10.79,4.15
1782424800,2026-06-25 22:00:00,2,313.12,0.17,6.06,5.71,1.04,10.96,13.24,4.27
1782428400,2026-06-25 23:00:00,2,342.13,0.26,6.77,3.92,1.16,12.47,15.04,4.46
1782432000,2026-06-26 00:00:00,2,359.7,1.16,6.02,4.64,1.47,13.27,16.26,4.62
1782435600,2026-06-26 01:00:00,2,328.07,1.67,4.71,10.41,1.91,11.59,14.31,3.98
1782439200,2026-06-26 02:00:00,2,318.46,1.56,4.39,15.76,2.19,11.35,14.18,4.11
1782442800,2026-06-26 03:00:00,2,322.81,1.15,4.45,25.59,2.45,13.92,16.9,4.21
1782446400,2026-06-26 04:00:00,2,333.94,0.68,5.25,40.51,2.78,18.76,21.82,4.67
1782450000,2026-06-26 05:00:00,2,396.02,0.7,7.22,42.96,3.38,24.66,28.9,6.49
1782453600,2026-06-26 06:00:00,3,463.64,0.78,9.41,45.34,4.25,30.25,35.72,8.56
1782457200,2026-06-26 07:00:00,3,514.53,0.67,11.34,46.9,4.95,34.73,40.87,10.06
1782460800,2026-06-26 08:00:00,3,528.39,0.44,11.73,43.39,4.69,36.68,42.69,9.11
1782464400,2026-06-26 09:00:00,3,502.82,0.23,11.09,40.85,4.34,35.63,40.76,7.32
1782468000,2026-06-26 10:00:00,3,459.92,0.2,9.97,39.42,4.19,33.03,37.2,5.65
1782471600,2026-06-26 11:00:00,3,502.51,0.1,11.4,31.31,4.51,34.87,39.68,6.78
1782475200,2026-06-26 12:00:00,3,556.76,0.01,13.27,23.04,5.38,37.93,43.76,9.12
1782478800,2026-06-26 13:00:00,3,608.63,0.01,15.1,17.88,6.37,42.4,49.31,12.57
1782482400,2026-06-26 14:00:00,3,639.79,0.01,15.67,15.75,6.63,45.97,53.8,15.15
1782486000,2026-06-26 15:00:00,3,653.16,0.02,15.18,14.01,6.09,47.87,55.58,15.52
1782489600,2026-06-26 16:00:00,3,656.77,0.02,14.33,12.29,4.96,48.36,55.31,13.74
1782493200,2026-06-26 17:00:00,3,646.57,0.03,13.56,11.01,4.02,48.2,54.08,12.56
1782496800,2026-06-26 18:00:00,3,633,0.03,12.67,10.01,3.29,48.05,53.15,11.59
1782500400,2026-06-26 19:00:00,3,615.53,0.06,11.58,8.22,2.68,47.46,52.1,10.38
1782504000,2026-06-26 20:00:00,3,602.91,0.11,10.69,5.89,2.29,46.59,50.94,9.66
1782507600,2026-06-26 21:00:00,3,593.65,0.2,10.26,4.12,2.18,45.27,49.36,10.06
1782511200,2026-06-26 22:00:00,3,586.58,0.32,10.01,2.88,2.16,43.67,47.55,10.52
1782514800,2026-06-26 23:00:00,3,565.55,0.39,9.07,2.52,1.84,40.44,44.24,8.07
1782518400,2026-06-27 00:00:00,3,518.4,0.8,7.38,4.96,1.73,34.79,38.55,5.55
1782522000,2026-06-27 01:00:00,2,402.14,0.55,5.62,17.76,1.81,23.54,26.19,4.01
1782525600,2026-06-27 02:00:00,2,371.85,0.52,5.18,22.21,1.99,20.05,22.6,3.98
1782529200,2026-06-27 03:00:00,2,362.06,0.49,5.09,25.95,2.29,19.45,22.08,4.25
1782532800,2026-06-27 04:00:00,2,273.1,0.27,3.02,30.08,1.4,12.21,13.97,2.85
1782536400,2026-06-27 05:00:00,1,239.73,0.2,2.28,29,1.06,9.54,11.12,2.33
1782540000,2026-06-27 06:00:00,1,240.87,0.22,2.24,30.2,1.09,9.86,11.57,2.54
1782543600,2026-06-27 07:00:00,2,244.97,0.19,2.4,34.14,1.21,10.54,12.32,2.99
1782547200,2026-06-27 08:00:00,2,250.67,0.16,2.79,32.1,1.36,11.32,13.17,2.79
1782550800,2026-06-27 09:00:00,2,256.36,0.16,3.22,34.13,1.56,12.02,13.82,2.94
1782554400,2026-06-27 10:00:00,2,254.5,0.16,3.65,42.1,1.77,12.22,13.78,3.14
1782558000,2026-06-27 11:00:00,2,273.1,0.06,4.68,39.05,1.95,13.21,15.01,3.38
1782561600,2026-06-27 12:00:00,2,289.77,0,5.34,34.56,2.01,13.73,15.82,3.42
1782565200,2026-06-27 13:00:00,2,317.07,0,6.05,26.37,2.03,14.71,17.49,3.89
1782568800,2026-06-27 14:00:00,2,358.37,0.01,6.97,17.65,2.02,16.46,20.23,4.57
1782572400,2026-06-27 15:00:00,2,394.74,0.04,7.71,12.03,2,18.1,22.67,5.03
1782576000,2026-06-27 16:00:00,2,418.86,0.08,8.21,8.64,1.9,19.12,24.04,5.34
1782579600,2026-06-27 17:00:00,2,424.96,0.11,8.33,7.25,1.7,19.25,23.9,5.5
1782583200,2026-06-27 18:00:00,2,424.01,0.12,8.27,6.8,1.56,19.1,23.34,5.82
1782586800,2026-06-27 19:00:00,2,419.13,0.12,8.14,6.37,1.45,18.8,22.62,5.96
1782590400,2026-06-27 20:00:00,2,416.71,0.16,7.88,5.2,1.29,18.75,22.28,5.65
1782594000,2026-06-27 21:00:00,2,414.28,0.24,7.52,3.89,1.16,18.78,22.02,5.09
1782597600,2026-06-27 22:00:00,2,412.31,0.32,7.09,3.03,1.07,18.66,21.49,4.55
1782601200,2026-06-27 23:00:00,2,417.21,0.39,6.87,2.51,1.08,18.68,21.45,4.39
1782604800,2026-06-28 00:00:00,2,432.52,1.27,5.91,3.47,1.28,19.18,22.61,4.52
1782608400,2026-06-28 01:00:00,2,457.19,2.27,5.37,6.47,1.59,19.96,24,4.8
1782612000,2026-06-28 02:00:00,2,478.67,2.63,5.57,9.13,1.85,20.77,25.29,5.07
1782615600,2026-06-28 03:00:00,2,480.32,2.17,6.11,14.13,2.04,21.14,25.9,5.47
1782619200,2026-06-28 04:00:00,2,274.93,0.44,3.51,36.3,1.65,10.31,12.16,2.54
1782622800,2026-06-28 05:00:00,1,211.73,0.15,2.16,42.07,1.19,6.79,7.83,1.84
1782626400,2026-06-28 06:00:00,1,195.8,0.1,1.86,43.77,1.09,6.15,7.02,1.77
1782630000,2026-06-28 07:00:00,1,213.61,0.13,2.55,42.83,1.31,7.09,8.29,2.93
1782633600,2026-06-28 08:00:00,1,255.92,0.24,3.79,40.78,1.72,9.29,11.13,4.81
1782637200,2026-06-28 09:00:00,2,296.67,0.31,5.14,40.61,2.22,11.42,13.73,6.82
1782640800,2026-06-28 10:00:00,2,343.71,0.3,6.99,34.58,2.67,13.63,16.46,8.81
1782644400,2026-06-28 11:00:00,2,380.85,0.14,8.19,25.99,2.72,15.32,18.65,8.97
1782648000,2026-06-28 12:00:00,2,391.11,0.01,8.29,21.87,2.6,15.92,19.6,8.29
1782651600,2026-06-28 13:00:00,2,401.27,0.01,8.52,20.33,2.76,16.58,20.63,9.04
1782655200,2026-06-28 14:00:00,2,436.44,0.01,9.34,16.79,3.22,18.58,23.42,11.39
1782658800,2026-06-28 15:00:00,2,470.04,0.02,10.15,13.85,3.67,20.82,26.24,13.52
1782662400,2026-06-28 16:00:00,2,485.71,0.02,10.57,13.36,3.79,22.03,27.24,14.29
1782666000,2026-06-28 17:00:00,2,478.99,0.03,9.86,11.55,3.18,21.88,26.18,12.53
1782669600,2026-06-28 18:00:00,2,451.74,0.05,8.45,10.55,2.37,20.65,23.76,8.49
1782673200,2026-06-28 19:00:00,2,409.75,0.05,7.14,10.39,1.69,18.21,20.28,4.92
1782676800,2026-06-28 20:00:00,2,405.93,0.08,6.96,8.16,1.39,17.71,19.52,4.19
1782680400,2026-06-28 21:00:00,2,408.5,0.13,6.9,6.03,1.26,17.73,19.43,4.09
1782684000,2026-06-28 22:00:00,2,415.16,0.22,6.9,4.3,1.24,18.12,20.02,4.27
1782687600,2026-06-28 23:00:00,2,416.51,0.32,6.73,3.34,1.31,18.21,20.41,4.25
1782691200,2026-06-29 00:00:00,2,410.78,0.98,5.85,4.14,1.6,17.79,20.46,4.23
1782694800,2026-06-29 01:00:00,2,399.41,1.47,5.52,5.81,1.99,16.96,19.87,3.97
1782698400,2026-06-29 02:00:00,2,408.25,1.76,5.74,7.18,2.35,17.24,20.54,4.14
1782702000,2026-06-29 03:00:00,2,414.39,1.8,5.97,10.83,2.73,17.81,21.44,4.51
1782705600,2026-06-29 04:00:00,2,373.59,1.18,5.75,27.11,2.86,16.07,19.02,4.36
1782709200,2026-06-29 05:00:00,2,334.32,0.48,5.38,33.43,2.66,14.67,17.07,3.73
1782712800,2026-06-29 06:00:00,2,299.63,0.24,4.51,36.98,2.36,13.15,15.06,3.1
1782716400,2026-06-29 07:00:00,2,303.71,0.3,4.47,37.8,2.39,13.67,15.75,4.01
1782720000,2026-06-29 08:00:00,2,342.72,0.35,5.75,36.79,2.92,16.43,19.31,6.58
1782723600,2026-06-29 09:00:00,2,377.4,0.31,7.14,36.6,3.44,18.86,22.4,8.91
1782727200,2026-06-29 10:00:00,2,416.9,0.21,8.96,33.82,3.97,21.18,25.3,10.99
1782730800,2026-06-29 11:00:00,2,459.47,0.07,10.72,27.24,4.45,23.68,28.51,12.36
1782734400,2026-06-29 12:00:00,3,502.35,0.02,11.55,20.53,4.66,26.89,32.59,12.52
1782738000,2026-06-29 13:00:00,3,533.36,0.03,11.27,15.1,4.01,29.56,35.79,10.01
1782741600,2026-06-29 14:00:00,3,541.89,0.04,10.45,12.53,3.16,31,37.12,7.07
1782745200,2026-06-29 15:00:00,3,522.83,0.05,9.53,11.97,2.61,30.87,35.98,5.47
1782748800,2026-06-29 16:00:00,3,498.49,0.05,8.9,11.46,2.21,29.43,33.17,4.74
1782752400,2026-06-29 17:00:00,3,499.28,0.07,8.73,9.38,1.84,29.01,32.05,4.62
1782756000,2026-06-29 18:00:00,3,504.8,0.1,8.66,7.82,1.67,29.05,31.75,4.89
1782759600,2026-06-29 19:00:00,3,504.25,0.15,8.47,6.78,1.6,29.04,31.53,5.05
1782763200,2026-06-29 20:00:00,3,495.59,0.21,8.08,6.24,1.5,28.57,30.8,4.54
1782766800,2026-06-29 21:00:00,3,484.23,0.28,7.78,6.21,1.48,28.15,30.14,4.01
1782770400,2026-06-29 22:00:00,3,481.51,0.34,7.74,6.26,1.56,28.23,30.09,3.82
1782774000,2026-06-29 23:00:00,3,491.5,0.36,7.82,5.48,1.68,28.95,30.92,3.71
1782777600,2026-06-30 00:00:00,3,503.5,0.88,7.54,5.65,1.94,29.85,32.27,3.67
1782781200,2026-06-30 01:00:00,3,495.43,1.03,7.78,11.83,2.33,28.89,31.52,3.48
1782784800,2026-06-30 02:00:00,3,480.84,0.92,7.74,17.51,2.69,28.17,30.97,3.19
1782788400,2026-06-30 03:00:00,3,464.31,0.76,7.63,24.19,3.08,27.99,30.82,3.03
1782792000,2026-06-30 04:00:00,2,393.88,0.45,5.96,35.31,2.57,22.36,24.51,2.48
1782795600,2026-06-30 05:00:00,2,367.41,0.16,5.6,35.03,2.24,19.4,21.38,2.59
1782799200,2026-06-30 06:00:00,2,360.04,0.1,5.47,33.67,2.12,18.25,20.18,2.88
1782802800,2026-06-30 07:00:00,2,350.9,0.1,5.21,32.91,2.05,17.32,19.13,2.93
1782806400,2026-06-30 08:00:00,2,339.29,0.12,4.89,32.45,2,17.22,18.93,2.67
1782810000,2026-06-30 09:00:00,2,330.02,0.16,4.66,33.07,2.04,17.95,19.6,2.39
1782813600,2026-06-30 10:00:00,2,355.09,0.18,5.42,25.96,2.04,20.39,22.57,2.75
1782817200,2026-06-30 11:00:00,2,414.97,0.08,7.27,16.18,2.2,24.03,27.42,4
1782820800,2026-06-30 12:00:00,3,470.68,0.05,8.78,11.11,2.6,27.45,32,5.91
1782824400,2026-06-30 13:00:00,3,521.57,0.08,10.08,9.04,3.01,30.62,35.96,7.6
1782828000,2026-06-30 14:00:00,3,549.52,0.09,9.9,7.77,2.62,32.56,37.57,5.94
1782831600,2026-06-30 15:00:00,3,532.26,0.06,9.02,9.35,2.2,31.84,35.58,3.95
1782835200,2026-06-30 16:00:00,3,481.55,0.01,8.13,14.46,1.95,28.94,31.33,2.83
1782838800,2026-06-30 17:00:00,3,486.33,0.02,8.19,12.35,1.72,28.85,30.78,3
1782842400,2026-06-30 18:00:00,3,500.61,0.04,8.3,10.03,1.58,29.65,31.34,3.37
1782846000,2026-06-30 19:00:00,3,514.85,0.07,8.29,8,1.46,30.63,32.25,3.84
1782849600,2026-06-30 20:00:00,3,527.71,0.12,8.1,6.23,1.37,31.28,32.93,4.11
1782853200,2026-06-30 21:00:00,3,537.84,0.18,8,4.97,1.38,31.91,33.63,4.48
1782856800,2026-06-30 22:00:00,3,542.42,0.21,7.94,4.35,1.41,32.14,33.91,4.64
1782860400,2026-06-30 23:00:00,3,535.33,0.18,7.71,4.52,1.42,31.54,33.43,3.92
1782864000,2026-07-01 00:00:00,3,516.06,0.32,7.32,6.1,1.61,30.5,32.61,3.15
1782867600,2026-07-01 01:00:00,3,458.24,0.36,6.53,14.5,1.84,26.43,28.43,2.52
1782871200,2026-07-01 02:00:00,3,451.24,0.47,6.68,17.19,2.15,25.28,27.54,2.65
1782874800,2026-07-01 03:00:00,3,463.08,0.72,7.02,19.72,2.61,25.95,28.48,3.06
1782878400,2026-07-01 04:00:00,2,383.28,0.47,5.14,37.81,2.1,20.01,21.86,2.42
1782882000,2026-07-01 05:00:00,2,341.73,0.26,4,44.05,1.78,16.82,18.26,2.11
1782885600,2026-07-01 06:00:00,2,338,0.21,3.65,48.78,1.77,16.99,18.31,2.14
1782889200,2026-07-01 07:00:00,2,351.27,0.16,3.86,49.85,1.94,18.64,20.03,2.45
1782892800,2026-07-01 08:00:00,2,368.34,0.18,4.18,45.86,2.15,21.2,22.82,2.87
1782896400,2026-07-01 09:00:00,2,381.49,0.2,4.37,42.06,2.22,23.22,25.04,3.13
1782900000,2026-07-01 10:00:00,2,389.06,0.18,4.61,36.62,2.2,24.11,26.17,3.34
1782903600,2026-07-01 11:00:00,2,402.77,0.1,5.06,29.92,2.15,24.78,27.23,3.34
1782907200,2026-07-01 12:00:00,3,417.23,0.01,5.44,24.23,2.11,25.39,28.25,3.17
1782910800,2026-07-01 13:00:00,3,428.95,0,5.6,19.37,1.99,26.01,29.17,3.09
1782914400,2026-07-01 14:00:00,3,447.7,0.01,5.88,14.93,1.96,26.98,30.43,3.41
1782918000,2026-07-01 15:00:00,3,467.84,0.02,6.32,11.81,2,27.93,31.51,3.99
1782921600,2026-07-01 16:00:00,3,488.51,0.03,6.86,9.28,1.96,28.88,32.47,4.69
1782925200,2026-07-01 17:00:00,3,512.39,0.07,7.12,6.31,1.72,30.1,33.33,4.91
1782928800,2026-07-01 18:00:00,3,532.21,0.14,7.14,4.05,1.53,31.48,34.35,5.03
1782932400,2026-07-01 19:00:00,3,540.51,0.2,6.91,2.75,1.43,32.72,35.24,4.94
1782936000,2026-07-01 20:00:00,3,532.52,0.19,6.59,2.54,1.36,33.38,35.51,4.49
1782939600,2026-07-01 21:00:00,3,520.45,0.15,6.3,3.2,1.32,33.8,35.63,4.06
1782943200,2026-07-01 22:00:00,3,507.48,0.13,5.95,4.87,1.32,34.01,35.7,3.76
1782946800,2026-07-01 23:00:00,3,502.45,0.11,5.65,5.07,1.32,34.11,35.89,3.71
1782950400,2026-07-02 00:00:00,3,513.02,0.34,5.61,5.7,1.52,34.56,36.78,3.84
1782954000,2026-07-02 01:00:00,3,539.75,0.72,6.13,17.72,1.9,34.5,37.02,3.62
1782957600,2026-07-02 02:00:00,3,550.68,0.86,6.62,20.61,2.16,34.08,36.8,3.38
1782961200,2026-07-02 03:00:00,3,544.71,0.79,7.2,22.34,2.5,33.02,35.64,3.25
1782964800,2026-07-02 04:00:00,2,413.21,0.3,4.98,41.58,1.92,22.58,23.97,1.83
1782968400,2026-07-02 05:00:00,2,382.72,0.22,3.93,43.63,1.72,21.02,22.15,1.62
1782972000,2026-07-02 06:00:00,2,375.73,0.23,3.38,46.05,1.77,22.3,23.44,1.67
1782975600,2026-07-02 07:00:00,2,377.69,0.24,3.17,49.52,1.89,24.88,26.22,2.25
1782979200,2026-07-02 08:00:00,3,388.57,0.2,3.72,52.21,2.21,27.63,29.39,3.37
1782982800,2026-07-02 09:00:00,3,399.73,0.16,4.67,54.1,2.61,29.33,31.48,4.51
1782986400,2026-07-02 10:00:00,3,419.45,0.13,5.84,47.66,2.9,31.12,33.89,5.66
1782990000,2026-07-02 11:00:00,3,440.5,0.05,6.76,35.97,2.89,32.84,36.31,5.84
1782993600,2026-07-02 12:00:00,3,458.96,0,7.13,27.07,2.78,34.2,38.43,5.53
1782997200,2026-07-02 13:00:00,3,472.73,0,7.2,19.81,2.61,35.2,40.26,5.07
1783000800,2026-07-02 14:00:00,3,491.88,0.01,7.16,13.48,2.39,36.77,42.53,4.81
1783004400,2026-07-02 15:00:00,3,511.78,0.03,7.14,8.95,2.23,38.71,44.86,4.72
1783008000,2026-07-02 16:00:00,3,524.7,0.06,7.21,6.21,2.01,38.53,44.49,4.79
1783011600,2026-07-02 17:00:00,3,530.58,0.08,7.46,5.45,1.85,37.26,42.37,5.47
1783015200,2026-07-02 18:00:00,3,537.15,0.08,7.89,5.79,1.84,36.41,40.75,6.58
1783018800,2026-07-02 19:00:00,3,539.52,0.07,8.15,6.24,1.86,35.49,39.16,6.92
1783022400,2026-07-02 20:00:00,3,534.27,0.08,7.84,5.55,1.71,34.65,37.65,5.42
1783026000,2026-07-02 21:00:00,3,528.35,0.08,7.84,4.75,1.66,34.2,36.54,3.65
1783029600,2026-07-02 22:00:00,3,507.06,0.05,9.78,5.53,2.16,36.06,37.79,2.24
1783033200,2026-07-02 23:00:00,3,505.01,0.05,10.7,5.48,2.19,37.44,39.16,1.95
1783036800,2026-07-03 00:00:00,3,501.62,0.16,10.55,7.09,2.15,38.08,40.06,1.78
1783040400,2026-07-03 01:00:00,3,486.15,0.37,9.26,26.97,2.15,39.1,40.94,1.75
1783044000,2026-07-03 02:00:00,3,464.8,0.75,8.17,31.99,1.98,36.65,38.31,1.66
1783047600,2026-07-03 03:00:00,3,463.67,0.96,7.58,38.03,1.91,36.05,37.61,1.74
1783051200,2026-07-03 04:00:00,3,427.36,1.06,7.82,49.15,2.14,29.56,30.82,1.53
1783054800,2026-07-03 05:00:00,3,436.02,1.06,9.36,49.94,2.63,28.5,29.73,1.77
1783058400,2026-07-03 06:00:00,3,469.38,0.97,10.93,47.79,3.15,29.89,31.17,1.91
1783062000,2026-07-03 07:00:00,3,490.73,0.62,12.15,44.89,3.31,30.65,31.96,2.02
1783065600,2026-07-03 08:00:00,3,497.41,0.38,12.69,42.57,3.47,31.14,32.49,2.18
1783069200,2026-07-03 09:00:00,3,492.74,0.22,12.74,41.35,3.58,31.23,32.6,2.31
1783072800,2026-07-03 10:00:00,3,502.02,0.17,12.15,29.81,3.48,32.02,33.89,2.86
1783076400,2026-07-03 11:00:00,3,538.74,0.17,12.05,15.91,3.4,34.27,37.22,3.72
1783080000,2026-07-03 12:00:00,3,575.62,0.28,12.08,8.4,3.66,36.83,40.92,5.03
1783083600,2026-07-03 13:00:00,3,605.15,0.46,12.1,4.65,4.06,38.86,43.54,6.32
1783087200,2026-07-03 14:00:00,3,608.38,0.43,11.52,3.28,3.7,39.16,43.69,5.22
1783090800,2026-07-03 15:00:00,3,575.8,0.26,10.76,3.26,3.16,37.26,40.84,3.89
1783094400,2026-07-03 16:00:00,3,520.82,0.11,9.95,3.95,2.55,33.82,36.18,2.87
1783098000,2026-07-03 17:00:00,3,490.93,0.09,8.9,4.08,1.96,31.56,33.19,2.48
1783101600,2026-07-03 18:00:00,3,463.75,0.06,7.64,4.73,1.46,29.52,30.73,2.22
1783105200,2026-07-03 19:00:00,3,435.25,0.05,6.14,8.6,1.05,26.89,27.87,2.23
1783108800,2026-07-03 20:00:00,3,414.21,0.07,4.92,7.78,0.83,25.1,26.07,2.8
1783112400,2026-07-03 21:00:00,2,402.31,0.09,4.3,6.5,0.78,23.93,25.06,3.66
1783116000,2026-07-03 22:00:00,2,395.5,0.09,3.99,5.86,0.8,22.95,24.18,4.34
1783119600,2026-07-03 23:00:00,2,380.62,0.07,3.58,6.4,0.79,21.14,22.35,3.79
1783123200,2026-07-04 00:00:00,2,361.35,0.08,3.17,8.16,0.87,18.66,20.04,3.01
1783126800,2026-07-04 01:00:00,2,342,0.15,2.8,14.62,0.93,15.4,16.69,2.36
1783130400,2026-07-04 02:00:00,2,326,0.26,2.48,17.37,0.96,12.76,14.02,2.13
1783134000,2026-07-04 03:00:00,2,300.01,0.23,2.02,21.66,0.91,10.06,11.08,1.89
1783137600,2026-07-04 04:00:00,1,241.11,0.08,1.03,42.42,0.51,4.46,4.86,0.95
1783141200,2026-07-04 05:00:00,1,217.4,0.05,0.77,48.51,0.4,2.56,2.83,0.85
1783144800,2026-07-04 06:00:00,1,209.8,0.04,0.7,49.64,0.38,2.08,2.3,0.84
1783148400,2026-07-04 07:00:00,1,218.37,0.07,0.99,41.68,0.57,2.47,2.87,1.37
1783152000,2026-07-04 08:00:00,1,232.23,0.11,1.42,33.15,0.78,3.39,4.09,2.16
1783155600,2026-07-04 09:00:00,1,247.19,0.11,1.82,30.46,0.87,4.16,5.09,3.05
1783159200,2026-07-04 10:00:00,1,262.86,0.08,2.3,28.56,0.93,4.75,5.81,4.03
1783162800,2026-07-04 11:00:00,1,275.81,0.03,2.77,24.49,0.98,5.28,6.44,4.53
1783166400,2026-07-04 12:00:00,1,283.75,0,2.95,18.58,0.98,5.8,7.08,4.08
1783170000,2026-07-04 13:00:00,1,288.66,0.01,2.89,13.07,0.91,6.31,7.65,2.73
1783173600,2026-07-04 14:00:00,1,290.87,0.02,2.73,10.31,0.81,6.55,7.82,2.01
1783177200,2026-07-04 15:00:00,1,289.71,0.02,2.47,9.35,0.69,6.36,7.45,1.58
1783180800,2026-07-04 16:00:00,1,285.81,0.02,2.12,10.01,0.56,5.91,6.78,1.31
1783184400,2026-07-04 17:00:00,1,283.53,0.02,1.94,9.99,0.47,5.86,6.56,1.28
1783188000,2026-07-04 18:00:00,1,279.57,0.03,1.83,9.87,0.43,5.94,6.55,1.3
1783191600,2026-07-04 19:00:00,1,273.89,0.03,1.76,9.7,0.42,5.74,6.29,1.36
1783195200,2026-07-04 20:00:00,1,268.51,0.03,1.74,9.49,0.43,5.4,5.93,1.42
1783198800,2026-07-04 21:00:00,1,263.13,0.02,1.74,9.26,0.44,5.14,5.66,1.46
1783202400,2026-07-04 22:00:00,1,257.02,0.02,1.77,9.08,0.49,4.98,5.55,1.6
1783206000,2026-07-04 23:00:00,1,249.51,0.02,1.78,9.08,0.55,4.69,5.34,1.75
1783209600,2026-07-05 00:00:00,1,243.35,0.09,1.78,9.55,0.65,4.35,5.24,1.91
1783213200,2026-07-05 01:00:00,1,239.13,0.22,1.77,11.16,0.77,3.97,5.05,1.98
1783216800,2026-07-05 02:00:00,1,232.52,0.3,1.68,14.46,0.86,3.75,4.86,2.01
1783220400,2026-07-05 03:00:00,1,221.29,0.26,1.46,21.04,0.9,4.01,5,2.03
1783224000,2026-07-05 04:00:00,1,200.67,0.15,1.13,30.63,0.78,4.41,5.07,1.68
1783227600,2026-07-05 05:00:00,1,188.41,0.1,1.06,31.9,0.7,4.49,5.04,1.6
1783231200,2026-07-05 06:00:00,1,179.85,0.08,1.01,31.86,0.65,4.39,4.9,1.57
1783234800,2026-07-05 07:00:00,1,171.08,0.08,0.91,31.57,0.51,3.9,4.32,1.41
1783238400,2026-07-05 08:00:00,1,167.2,0.08,0.98,31.34,0.52,3.57,3.98,1.42
1783242000,2026-07-05 09:00:00,1,167.43,0.09,1.1,30.93,0.55,3.2,3.64,1.52
1783245600,2026-07-05 10:00:00,1,169.86,0.08,1.37,29.35,0.63,2.89,3.4,1.73
1783249200,2026-07-05 11:00:00,1,174.66,0.03,1.71,25.99,0.72,2.75,3.4,1.97
1783252800,2026-07-05 12:00:00,1,180.65,0,1.86,22.9,0.76,2.83,3.61,2.08
1783256400,2026-07-05 13:00:00,1,185.65,0,1.89,20.46,0.72,3.17,4.01,2
1783260000,2026-07-05 14:00:00,1,190.65,0,1.86,18.81,0.64,3.64,4.48,1.86
1783263600,2026-07-05 15:00:00,1,192.99,0,1.79,17.57,0.57,4.08,4.91,1.7
1783267200,2026-07-05 16:00:00,1,190.55,0.01,1.7,16.43,0.52,4.35,5.18,1.68
1783270800,2026-07-05 17:00:00,1,187.03,0.01,1.64,15.55,0.48,4.5,5.27,1.78
1783274400,2026-07-05 18:00:00,1,184.35,0.01,1.64,14.93,0.51,4.68,5.42,1.9
1783278000,2026-07-05 19:00:00,1,180.87,0.01,1.64,14.7,0.52,4.73,5.41,1.9
1783281600,2026-07-05 20:00:00,1,177.25,0.01,1.61,14.55,0.51,4.58,5.2,1.86
1783285200,2026-07-05 21:00:00,1,174.3,0.01,1.59,14.23,0.52,4.35,4.94,1.85
1783288800,2026-07-05 22:00:00,1,172.53,0.02,1.63,13.62,0.54,4.08,4.68,1.89
1783292400,2026-07-05 23:00:00,1,172.62,0.02,1.72,12.97,0.61,3.9,4.59,2.02
1783296000,2026-07-06 00:00:00,1,177.59,0.07,1.9,12.56,0.75,3.98,4.91,2.26
1783299600,2026-07-06 01:00:00,1,184.46,0.22,2.01,13.14,0.94,4.17,5.49,2.51
1783303200,2026-07-06 02:00:00,1,187.49,0.33,1.88,15.85,1.05,4.34,5.83,2.44
1783306800,2026-07-06 03:00:00,1,183.98,0.3,1.5,21.48,0.99,4.84,6.16,2.09
1783310400,2026-07-06 04:00:00,1,169.74,0.16,1.11,26.12,0.69,4.39,5.28,1.48
1783314000,2026-07-06 05:00:00,1,165.77,0.13,1.11,27.21,0.67,4.29,5.01,1.37
1783317600,2026-07-06 06:00:00,1,166.46,0.12,1.12,29.94,0.71,4.8,5.41,1.39
1783321200,2026-07-06 07:00:00,1,159.17,0.1,1.09,34.5,0.69,4.81,5.28,1.26
1783324800,2026-07-06 08:00:00,1,152.68,0.09,1.05,35.14,0.65,4.47,4.89,1.17
1783328400,2026-07-06 09:00:00,1,150.18,0.09,1.02,34.56,0.6,4.12,4.5,1.1
1783332000,2026-07-06 10:00:00,1,157.78,0.1,1.35,29.11,0.71,4.38,4.97,1.48
1783335600,2026-07-06 11:00:00,1,174.34,0.06,2,22.24,0.92,5.11,6.14,2.02
1783339200,2026-07-06 12:00:00,1,187.3,0.01,2.37,18.09,1.02,5.53,6.99,2.33
1783342800,2026-07-06 13:00:00,1,195.25,0.01,2.47,15.75,1.04,5.76,7.61,2.52
1783346400,2026-07-06 14:00:00,1,198.17,0.01,2.4,14.38,1.01,5.78,7.82,2.53
1783350000,2026-07-06 15:00:00,1,196.92,0.02,2.28,13.43,0.96,5.71,7.79,2.49
1783353600,2026-07-06 16:00:00,1,194.18,0.02,2.21,12.83,0.83,5.53,7.37,2.24
1783357200,2026-07-06 17:00:00,1,192.46,0.02,2.22,12.31,0.71,5.4,6.94,2.13
1783360800,2026-07-06 18:00:00,1,191.92,0.02,2.26,11.71,0.66,5.29,6.67,2.19
1783364400,2026-07-06 19:00:00,1,189.68,0.02,2.28,11.09,0.67,5.03,6.37,2.43
1783368000,2026-07-06 20:00:00,1,187.59,0.03,2.29,10.39,0.71,4.63,5.98,2.59
1783371600,2026-07-06 21:00:00,1,185.17,0.03,2.28,9.73,0.73,4.18,5.51,2.67
1783375200,2026-07-06 22:00:00,1,183.07,0.03,2.29,9.31,0.76,3.74,5.04,2.69
1783378800,2026-07-06 23:00:00,1,178.93,0.03,2.24,9.48,0.81,3.23,4.49,2.56
1783382400,2026-07-07 00:00:00,1,176.81,0.07,2.2,10.37,0.93,2.82,4.21,2.41
1783386000,2026-07-07 01:00:00,1,175.63,0.23,2.08,12.19,1.07,2.51,4.03,2.29
1783389600,2026-07-07 02:00:00,1,175.24,0.39,1.92,15.03,1.24,2.48,4.1,2.4
1783393200,2026-07-07 03:00:00,1,171.04,0.38,1.72,21.15,1.37,2.79,4.34,2.47
1783396800,2026-07-07 04:00:00,1,160.77,0.23,1.47,32.12,1.22,3.25,4.3,2.13
1783400400,2026-07-07 05:00:00,1,168.54,0.19,1.84,35.41,1.35,4.36,5.54,2.72
1783404000,2026-07-07 06:00:00,1,180.13,0.14,2.47,35.94,1.56,5.04,6.45,3.48
1783407600,2026-07-07 07:00:00,1,188.67,0.09,3.07,34.82,1.76,5.15,6.67,3.93
1783411200,2026-07-07 08:00:00,1,190.15,0.09,3.34,33.83,1.82,5.13,6.58,3.72
1783414800,2026-07-07 09:00:00,1,191.63,0.14,3.54,33.4,1.88,5.37,6.71,3.29
1783418400,2026-07-07 10:00:00,1,202.42,0.34,3.8,28.3,1.98,6.28,7.9,3.48
1783422000,2026-07-07 11:00:00,1,222.79,0.16,4.86,20.09,2.12,7.31,9.6,3.96
1783425600,2026-07-07 12:00:00,1,238.62,0.02,5.42,14.38,2.16,7.84,10.79,4.23
1783429200,2026-07-07 13:00:00,1,266.93,0.04,5.97,9.69,2.18,8.97,12.92,5.03
1783432800,2026-07-07 14:00:00,2,307.36,0.12,6.5,5.67,2.15,10.74,16,5.83
1783436400,2026-07-07 15:00:00,2,335.45,0.38,6.29,3.23,2.08,12.02,18.38,6.33
1783440000,2026-07-07 16:00:00,2,344.65,0.78,5.45,2.22,1.84,12.26,18.81,6.16
1783443600,2026-07-07 17:00:00,2,329.91,0.91,4.61,2.02,1.38,11.27,16.92,5.02
1783447200,2026-07-07 18:00:00,1,305.43,0.78,4.02,2.12,1.05,9.88,14.48,4.08
1783450800,2026-07-07 19:00:00,1,261.16,0.35,3.52,3,0.84,7.6,10.89,3.2
1783454400,2026-07-07 20:00:00,1,228.63,0.15,3.03,4.1,0.74,5.93,8.43,2.93
1783458000,2026-07-07 21:00:00,1,208.51,0.09,2.72,5.05,0.71,4.94,7.03,2.93
1783461600,2026-07-07 22:00:00,1,196.77,0.07,2.61,5.76,0.73,4.37,6.19,2.91
1783465200,2026-07-07 23:00:00,1,191.73,0.07,2.59,6.13,0.81,4.07,5.79,2.8
1783468800,2026-07-08 00:00:00,1,193.74,0.16,2.7,6.4,1.05,4.04,5.99,2.85
1783472400,2026-07-08 01:00:00,1,199.91,0.5,2.68,6.85,1.41,4.1,6.41,3.01
1783476000,2026-07-08 02:00:00,1,207.47,0.91,2.58,8.11,1.74,4.33,7,3.49
1783479600,2026-07-08 03:00:00,1,213.62,0.95,2.75,11.76,2.03,4.76,7.66,4.02
1783483200,2026-07-08 04:00:00,1,185.53,0.42,2.39,23.32,1.8,4.04,5.99,2.94
1783486800,2026-07-08 05:00:00,1,188.99,0.29,2.54,23.09,1.74,4.69,6.71,3.27
1783490400,2026-07-08 06:00:00,1,202.11,0.24,3.03,21.66,1.84,5.49,7.75,3.84
1783494000,2026-07-08 07:00:00,1,221.26,0.22,3.79,20.93,2.02,6.18,8.76,5.11
1783497600,2026-07-08 08:00:00,1,249.33,0.22,4.76,19.7,2.26,7.04,10.11,6.64
1783501200,2026-07-08 09:00:00,1,277.03,0.29,5.71,19.65,2.58,7.98,11.47,8.27
1783504800,2026-07-08 10:00:00,1,305.76,0.68,6.22,22.15,2.84,9.27,13.38,9.85
1783508400,2026-07-08 11:00:00,1,320.31,0.22,7.22,20.75,2.63,9.85,14.47,9.24
1783512000,2026-07-08 12:00:00,1,313.23,0.01,7.09,19.8,2.45,9.43,14.17,8.71
1783515600,2026-07-08 13:00:00,1,315.33,0.01,6.99,18.4,2.39,9.42,14.57,9.1
1783519200,2026-07-08 14:00:00,2,346.68,0.05,7.55,15.22,2.4,10.86,16.95,10.07
1783522800,2026-07-08 15:00:00,2,368.04,0.15,7.47,11.5,2.33,12.12,18.61,10.17
1783526400,2026-07-08 16:00:00,2,374.31,0.32,6.7,6.72,2.02,12.74,19.09,8.04
1783530000,2026-07-08 17:00:00,2,366.1,0.44,6.01,4.54,1.67,12.66,18.3,7.54
1783533600,2026-07-08 18:00:00,2,353.2,0.47,5.5,3.7,1.46,12.4,17.45,8.02
1783537200,2026-07-08 19:00:00,2,335.6,0.42,4.97,3.46,1.28,11.83,16.44,7.82
1783540800,2026-07-08 20:00:00,2,310.94,0.31,4.38,3.49,1.05,10.79,14.63,6.12
1783544400,2026-07-08 21:00:00,1,284.58,0.21,3.87,3.67,0.91,9.55,12.65,4.91
1783548000,2026-07-08 22:00:00,1,239.07,0.09,3.17,4.88,0.85,7.41,9.52,3.93
1783551600,2026-07-08 23:00:00,1,217.71,0.08,2.9,5.51,0.91,6.33,8.19,3.92
1783555200,2026-07-09 00:00:00,1,211.44,0.16,2.91,6.35,1.14,5.85,7.91,4.25
1783558800,2026-07-09 01:00:00,1,211.36,0.41,2.9,8.62,1.37,5.52,7.79,4.39
1783562400,2026-07-09 02:00:00,1,211.74,0.6,2.75,12.31,1.49,5.27,7.55,4.12
1783566000,2026-07-09 03:00:00,1,204.07,0.57,2.47,17.92,1.55,5.05,7.13,3.62
1783569600,2026-07-09 04:00:00,1,181.41,0.27,1.94,24.96,1.28,4.41,5.93,2.65
1783573200,2026-07-09 05:00:00,1,180.22,0.21,1.91,26.73,1.25,4.64,5.99,2.46
1783576800,2026-07-09 06:00:00,1,183.05,0.17,2.01,27.06,1.23,5.04,6.27,2.32
1783580400,2026-07-09 07:00:00,1,185.25,0.16,2.12,25.57,1.21,5.32,6.52,2.41
1783584000,2026-07-09 08:00:00,1,183.83,0.15,2.2,24.34,1.21,5.43,6.72,2.8
1783587600,2026-07-09 09:00:00,1,182.57,0.15,2.3,25.15,1.22,5.46,6.82,3.35
1783591200,2026-07-09 10:00:00,1,187.37,0.14,2.6,26.17,1.26,5.76,7.28,4.2
1783594800,2026-07-09 11:00:00,1,200.58,0.05,3.23,22.96,1.4,6.34,8.2,4.72
1783598400,2026-07-09 12:00:00,1,213.01,0.01,3.51,18.48,1.47,6.96,9.13,4.54
1783602000,2026-07-09 13:00:00,1,226.82,0.01,3.81,16.12,1.55,7.62,9.96,4.82
1783605600,2026-07-09 14:00:00,1,244.04,0.01,4.21,15.68,1.61,8.29,10.71,5.82
1783609200,2026-07-09 15:00:00,1,258.62,0.01,4.49,14.94,1.63,8.81,11.25,6.62
1783612800,2026-07-09 16:00:00,1,268.27,0.01,4.65,13.79,1.59,9.11,11.5,7.55
1783616400,2026-07-09 17:00:00,1,272.6,0.01,4.76,12.47,1.48,9.23,11.31,8.51
1783620000,2026-07-09 18:00:00,1,270.53,0.01,4.62,10.87,1.34,9.2,10.9,8.81
1783623600,2026-07-09 19:00:00,1,261.44,0.03,3.84,7.86,1.08,8.97,10.53,5.99
1783627200,2026-07-09 20:00:00,1,252.73,0.06,3.27,5.79,0.93,8.66,10.22,4.36
1783630800,2026-07-09 21:00:00,1,246.04,0.09,2.97,4.64,0.86,8.35,9.87,3.76
1783634400,2026-07-09 22:00:00,1,241.61,0.11,2.85,3.92,0.86,8.08,9.58,3.51
1783638000,2026-07-09 23:00:00,1,237.09,0.13,2.81,3.68,0.93,7.7,9.23,3.42
1783641600,2026-07-10 00:00:00,1,236.62,0.37,2.65,4.27,1.17,7.36,9.16,3.47
1783731600,2026-07-11 01:00:00,1,237.54,0.71,2.44,6.13,1.22,6.97,8.63,3.58
1783735200,2026-07-11 02:00:00,1,225.15,0.65,2.41,8.12,1.35,6.13,7.9,3.19
1783738800,2026-07-11 03:00:00,1,214.83,0.5,2.31,11.17,1.43,5.57,7.34,3.14
1783742400,2026-07-11 04:00:00,1,184.65,0.32,1.79,28.89,1.23,3.96,5.09,2.54
1783746000,2026-07-11 05:00:00,1,191.5,0.32,1.74,33.64,1.22,5.12,6.44,3.53
1783749600,2026-07-11 06:00:00,1,207.59,0.28,1.79,40.44,1.38,8.57,10.26,4.87
1783753200,2026-07-11 07:00:00,2,229.43,0.24,2.08,49.38,1.81,13.65,15.73,7.2
1783756800,2026-07-11 08:00:00,2,253.2,0.23,2.67,53.54,2.27,16.99,19.4,9.77
1783760400,2026-07-11 09:00:00,2,278.73,0.23,3.56,53.21,2.66,19.41,22.13,11.89
1783764000,2026-07-11 10:00:00,2,306.53,0.26,4.78,48.8,3,20.26,23.36,14.07
1783767600,2026-07-11 11:00:00,2,341.53,0.17,6.54,42.6,3.43,20.63,24.29,16.76
1783771200,2026-07-11 12:00:00,2,374.27,0.02,7.79,35.84,3.82,20.92,25.21,19.31
1783774800,2026-07-11 13:00:00,2,402.53,0.01,7.64,27.28,3.53,21.83,26.66,17.53
1783778400,2026-07-11 14:00:00,2,404.53,0.01,6.43,18.1,2.53,20.71,25.37,10.83
1783782000,2026-07-11 15:00:00,2,381.05,0.02,5.12,11.82,1.75,17.29,21.14,6.02
1783785600,2026-07-11 16:00:00,2,305.86,0.02,3.57,9.09,1.13,11.28,13.61,3.2
1783789200,2026-07-11 17:00:00,1,285.45,0.04,3.22,6.45,0.86,9.56,11.43,3.13
1783792800,2026-07-11 18:00:00,1,281.14,0.06,3.13,5.19,0.75,9.07,10.74,3.63
1783796400,2026-07-11 19:00:00,1,275.98,0.08,2.96,5.32,0.69,8.67,10.14,3.85
1783800000,2026-07-11 20:00:00,1,264.56,0.1,2.65,5.47,0.62,7.92,9.05,3.32
1783803600,2026-07-11 21:00:00,1,250.76,0.1,2.4,5.48,0.57,7.14,8.01,2.76
1783807200,2026-07-11 22:00:00,1,240.08,0.11,2.22,5.27,0.55,6.55,7.3,2.44
1783810800,2026-07-11 23:00:00,1,237.96,0.18,2.11,4.77,0.59,6.3,7.17,2.55
1783814400,2026-07-12 00:00:00,1,239.22,0.56,1.76,4.86,0.77,6.24,7.42,2.83
1783818000,2026-07-12 01:00:00,1,240.06,0.95,1.66,6.24,1.08,6.15,7.62,2.95
1783821600,2026-07-12 02:00:00,1,247.84,0.95,2.06,8.67,1.33,6.65,8.41,3.21
1783825200,2026-07-12 03:00:00,1,261.91,0.72,2.53,13.35,1.52,8.16,10.13,3.58
1783828800,2026-07-12 04:00:00,2,274.44,0.42,2.94,29.51,1.66,10.43,12.47,4.12
1783832400,2026-07-12 05:00:00,2,316.06,0.27,3.78,35.96,1.96,14.2,16.77,5.85
1783836000,2026-07-12 06:00:00,2,363.47,0.11,5.19,39.62,2.53,17.94,20.92,8.2
1783839600,2026-07-12 07:00:00,2,402.49,0.04,6.54,39.93,3.12,20.37,23.55,10.1
1783843200,2026-07-12 08:00:00,2,414.78,0.07,6.6,37.01,3.17,21.26,24.42,9.7
1783846800,2026-07-12 09:00:00,2,396.87,0.1,5.89,35.04,2.87,20.25,22.97,7.14
1783850400,2026-07-12 10:00:00,2,340.73,0.08,4.9,33.19,2.54,17.02,18.84,4.07
1783854000,2026-07-12 11:00:00,2,325.53,0.03,4.84,26.9,2.27,15.55,17.33,3.55
1783857600,2026-07-12 12:00:00,2,319.95,0,4.75,21.91,2.07,14.42,16.32,3.54
1783861200,2026-07-12 13:00:00,2,324.23,0.01,4.79,16.65,1.9,14.17,16.46,4.09
1783864800,2026-07-12 14:00:00,2,343.77,0.02,5.03,11.34,1.82,15.07,17.92,4.94
1783868400,2026-07-12 15:00:00,2,363.02,0.05,5.14,7.8,1.76,15.99,19.28,5.69
1783872000,2026-07-12 16:00:00,2,379.89,0.09,5.29,5.48,1.76,16.88,20.38,6.73
1783875600,2026-07-12 17:00:00,2,399.75,0.13,5.76,4.15,1.84,18.19,21.66,8.75
1783879200,2026-07-12 18:00:00,2,427.06,0.19,6.64,3.32,2.13,20.15,23.66,11.41
1783882800,2026-07-12 19:00:00,2,445.57,0.22,7.23,2.85,2.31,21.6,25.03,12.88
1783886400,2026-07-12 20:00:00,2,444.45,0.22,6.53,2.73,1.99,21.84,24.9,10.29
1783890000,2026-07-12 21:00:00,2,429.48,0.16,5.58,3.47,1.6,20.96,23.36,6.22
1783893600,2026-07-12 22:00:00,2,402.15,0.1,4.61,5.48,1.45,18.87,20.61,3.66
1783897200,2026-07-12 23:00:00,2,383.76,0.08,3.88,6.22,1.42,17.29,19,3.07
1783900800,2026-07-13 00:00:00,2,368.75,0.4,3.09,7.61,1.55,15.96,17.89,2.92
1783904400,2026-07-13 01:00:00,2,356.52,0.64,2.57,14.68,1.69,15.21,17.22,2.64
1783908000,2026-07-13 02:00:00,2,349.8,0.48,2.51,22.69,1.86,16.18,18.24,2.48
1783911600,2026-07-13 03:00:00,2,348.14,0.3,2.32,31.84,2.03,18.65,20.72,2.51
1783915200,2026-07-13 04:00:00,2,421.48,0.24,2.39,57.79,2.03,23.65,25.73,3.06
1783918800,2026-07-13 05:00:00,3,505.71,0.27,2.63,73.45,2.2,35.75,38.74,4.58
1783922400,2026-07-13 06:00:00,4,568.2,0.26,2.75,91.57,2.63,53.55,57.5,6.32
1783926000,2026-07-13 07:00:00,4,624.91,0.23,2.95,111.95,3.21,73.84,78.61,8.07
1783929600,2026-07-13 08:00:00,5,658.47,0.2,3.07,121.78,3.46,91,96.17,7.91
1783933200,2026-07-13 09:00:00,5,663.61,0.18,3.24,124.39,3.47,98.01,103.01,6.75
1783936800,2026-07-13 10:00:00,5,640.77,0.16,3.69,105.02,3.26,94.59,99.18,5.47
1783940400,2026-07-13 11:00:00,5,629.16,0.09,4.5,77.87,2.89,89.15,93.86,4.9
1783944000,2026-07-13 12:00:00,5,621.5,0,4.86,58.61,2.62,83.85,88.82,4.56
1783947600,2026-07-13 13:00:00,5,616.11,0,4.97,44.52,2.44,80.37,85.73,4.49
1783951200,2026-07-13 14:00:00,5,622.44,0,5.18,32.7,2.31,79.45,85.39,4.81
1783954800,2026-07-13 15:00:00,5,626.1,0.01,5.37,24.23,2.2,78.36,84.63,5.25
1783958400,2026-07-13 16:00:00,5,616.47,0.02,5.41,18.28,2.01,75.35,81.02,5.64
1783962000,2026-07-13 17:00:00,4,598.25,0.03,5.24,13.84,1.72,71.79,76.5,5.89
1783965600,2026-07-13 18:00:00,4,578.69,0.04,5,10.6,1.5,68.76,72.76,6.24
1783969200,2026-07-13 19:00:00,4,555.85,0.06,4.69,8.41,1.36,64.85,68.21,6.34
1783972800,2026-07-13 20:00:00,4,529.04,0.08,4.35,7.12,1.22,60.22,63.02,5.88
1783976400,2026-07-13 21:00:00,4,505.58,0.09,4.1,6.36,1.15,55.84,58.17,5.37
1783980000,2026-07-13 22:00:00,4,486.54,0.08,3.96,6.34,1.14,52.25,54.27,4.78
1783983600,2026-07-13 23:00:00,3,464.51,0.07,3.81,7.34,1.24,47.83,49.78,4.23
1783987200,2026-07-14 00:00:00,3,443.2,0.17,3.73,9.7,1.55,42.54,44.83,3.91
1783990800,2026-07-14 01:00:00,3,434.77,0.21,3.88,19.04,1.95,35.81,38.16,3.59
1783994400,2026-07-14 02:00:00,3,432.44,0.24,4.15,22.27,2.23,31.97,34.42,3.58
1783998000,2026-07-14 03:00:00,3,430.79,0.27,4.31,24.9,2.49,29.83,32.37,3.78
1784001600,2026-07-14 04:00:00,2,380.01,0.23,3.14,29.91,2.09,22.63,24.68,2.83
1784005200,2026-07-14 05:00:00,2,339.67,0.21,2.1,30.23,1.6,17.93,19.82,2.34
1784008800,2026-07-14 06:00:00,2,321.97,0.19,1.63,32.96,1.4,16.57,18.48,2.62
1784012400,2026-07-14 07:00:00,2,334.22,0.23,2.21,34.49,1.62,17.28,19.72,4.6
1784016000,2026-07-14 08:00:00,2,369.53,0.26,3.52,31.73,2.24,19.27,22.48,6.77
1784019600,2026-07-14 09:00:00,2,409.66,0.22,5.19,32.36,3.11,21.05,24.69,9.28
1784023200,2026-07-14 10:00:00,2,451.64,0.18,7.27,31.65,3.99,23.06,27,12.05
1784026800,2026-07-14 11:00:00,2,485.38,0.08,9.19,27.85,4.67,24.56,28.97,14.6
1784030400,2026-07-14 12:00:00,2,503.74,0.01,9.77,23.86,4.87,24.99,29.87,15.86
1784034000,2026-07-14 13:00:00,2,514.83,0,9.19,19.28,4.23,24.98,30.47,14.27
1784037600,2026-07-14 14:00:00,2,490.44,0.01,7.78,15.2,3.17,22.9,28.29,10.58
1784041200,2026-07-14 15:00:00,2,428.4,0.01,5.96,12.36,2.36,19.16,23.5,7.25
1784044800,2026-07-14 16:00:00,2,347.68,0.02,4.05,10.33,1.67,14.38,17.24,3.8
1784048400,2026-07-14 17:00:00,2,314.15,0.03,3.31,7.98,1.21,12.12,14.32,2.92
1784052000,2026-07-14 18:00:00,2,292.38,0.04,2.88,6.43,0.96,10.6,12.4,2.64
1784055600,2026-07-14 19:00:00,1,275.32,0.06,2.54,5.52,0.8,9.26,10.79,2.57
1784059200,2026-07-14 20:00:00,1,263.65,0.07,2.36,4.99,0.72,8.12,9.64,2.72
1784062800,2026-07-14 21:00:00,1,255.67,0.08,2.3,4.66,0.69,7.27,8.85,2.96
1784066400,2026-07-14 22:00:00,1,250.66,0.09,2.33,4.38,0.71,6.67,8.32,3.06
1784070000,2026-07-14 23:00:00,1,245.6,0.08,2.35,4.55,0.77,6.05,7.74,2.79
1784073600,2026-07-15 00:00:00,1,243.89,0.2,2.33,5.65,0.96,5.52,7.45,2.57
1784077200,2026-07-15 01:00:00,1,236.88,0.4,2.24,11.03,1.22,4.55,6.39,2.43
1784080800,2026-07-15 02:00:00,1,230.32,0.45,2.24,15.34,1.42,4.21,6.09,2.77
1784084400,2026-07-15 03:00:00,1,219.83,0.33,2.06,22.41,1.58,4.6,6.42,3.1
1784088000,2026-07-15 04:00:00,1,157.78,0.1,1.04,30.98,0.83,2.13,2.85,1.38
1784091600,2026-07-15 05:00:00,1,143.69,0.07,1.02,29.09,0.69,1.48,2.09,1.33
1784095200,2026-07-15 06:00:00,1,142,0.06,1.16,27.01,0.74,1.39,2.04,1.54
1784098800,2026-07-15 07:00:00,1,144.99,0.07,1.41,25.33,0.87,1.42,2.17,1.87
1784102400,2026-07-15 08:00:00,1,150.2,0.08,1.77,23.62,1.07,1.58,2.49,2.34
1784106000,2026-07-15 09:00:00,1,154.91,0.09,2.11,22.44,1.2,1.77,2.84,2.71
1784109600,2026-07-15 10:00:00,1,159.97,0.08,2.46,20.85,1.28,2.02,3.3,3.04
1784113200,2026-07-15 11:00:00,1,165.22,0.04,2.73,18.43,1.31,2.35,3.87,3.2
1784116800,2026-07-15 12:00:00,1,171,0.01,2.74,16.4,1.28,2.79,4.59,3.23
1784120400,2026-07-15 13:00:00,1,177.23,0.01,2.62,15,1.22,3.28,5.34,3.18
1784124000,2026-07-15 14:00:00,1,182.75,0.01,2.46,14.44,1.11,3.63,5.73,2.98
1784127600,2026-07-15 15:00:00,1,184.45,0.01,2.27,14.33,0.99,3.7,5.69,2.72
1784131200,2026-07-15 16:00:00,1,181.52,0.01,2.1,14.18,0.85,3.51,5.25,2.51
1784134800,2026-07-15 17:00:00,1,177.78,0.02,1.97,13.87,0.74,3.23,4.68,2.45
1784138400,2026-07-15 18:00:00,1,173.71,0.02,1.85,13.5,0.67,3,4.24,2.46
1784142000,2026-07-15 19:00:00,1,170.33,0.02,1.78,13.13,0.61,2.82,3.89,2.4
1784145600,2026-07-15 20:00:00,1,169.48,0.02,1.8,12.91,0.59,2.69,3.67,2.4
1784149200,2026-07-15 21:00:00,1,169.31,0.02,1.85,13.03,0.61,2.58,3.54,2.43
1784152800,2026-07-15 22:00:00,1,169.2,0.02,1.93,13.27,0.68,2.49,3.47,2.56
1784156400,2026-07-15 23:00:00,1,168.15,0.01,1.99,13.63,0.77,2.4,3.43,2.59
1784160000,2026-07-16 00:00:00,1,170.62,0.05,2.1,14.13,0.91,2.41,3.65,2.59
1784163600,2026-07-16 01:00:00,1,174.68,0.14,2.2,14.68,1.01,2.45,3.83,2.35
1784167200,2026-07-16 02:00:00,1,177.28,0.24,2.23,15.43,1.08,2.56,3.93,2.18
1784170800,2026-07-16 03:00:00,1,175.7,0.29,2.09,18.58,1.14,2.74,3.99,2.15
1784174400,2026-07-16 04:00:00,1,161.35,0.21,1.82,29.1,1.16,2.73,3.6,1.78
1784178000,2026-07-16 05:00:00,1,151.22,0.15,1.67,32.9,1.2,2.72,3.46,1.74
1784181600,2026-07-16 06:00:00,1,143.13,0.13,1.5,35.33,1.2,2.6,3.25,1.65
1784185200,2026-07-16 07:00:00,1,128.2,0.1,1.03,38,0.78,1.81,2.24,1.19
1784188800,2026-07-16 08:00:00,1,127.94,0.11,1.11,39.77,0.8,1.7,2.13,1.34
1784192400,2026-07-16 09:00:00,1,133.26,0.13,1.33,39.84,0.89,1.83,2.33,1.61
1784196000,2026-07-16 10:00:00,1,142.79,0.13,1.72,35.78,0.99,2.09,2.79,2.06
1784199600,2026-07-16 11:00:00,1,152.67,0.06,2.15,29.25,1.05,2.43,3.32,2.47
1784203200,2026-07-16 12:00:00,1,161.12,0.01,2.31,24.71,1.04,2.79,3.91,2.51
1784206800,2026-07-16 13:00:00,1,167.69,0,2.31,21.68,1.02,3.07,4.44,2.44
1784210400,2026-07-16 14:00:00,1,172.52,0,2.28,19.55,0.99,3.06,4.6,2.5
1784214000,2026-07-16 15:00:00,1,172.87,0,2.18,17.9,0.93,2.84,4.42,2.5
1784217600,2026-07-16 16:00:00,1,168.79,0.01,2.07,16.87,0.83,2.54,4,2.42
1784221200,2026-07-16 17:00:00,1,163.27,0.01,1.94,16.38,0.71,2.24,3.41,2.3
1784224800,2026-07-16 18:00:00,1,158.23,0.01,1.83,15.97,0.63,2.04,3,2.21
1784228400,2026-07-16 19:00:00,1,153.67,0.01,1.74,15.32,0.59,1.92,2.75,2.19
1784232000,2026-07-16 20:00:00,1,152.08,0.01,1.73,14.52,0.58,1.87,2.67,2.31
1784235600,2026-07-16 21:00:00,1,152.16,0.01,1.79,13.92,0.61,1.85,2.67,2.52
1784239200,2026-07-16 22:00:00,1,153.36,0.01,1.86,13.47,0.65,1.83,2.67,2.62
1784242800,2026-07-16 23:00:00,1,154,0.01,1.9,13.45,0.69,1.75,2.6,2.4
1784246400,2026-07-17 00:00:00,1,156.48,0.08,1.92,14.17,0.79,1.74,2.72,2.2
1784250000,2026-07-17 01:00:00,1,161.31,0.31,1.77,15.9,0.92,1.85,2.94,2.07
1784253600,2026-07-17 02:00:00,1,162.61,0.4,1.63,18.82,0.98,2.15,3.29,2
1784257200,2026-07-17 03:00:00,1,158.91,0.31,1.38,24.64,0.95,2.81,3.81,1.84
1784260800,2026-07-17 04:00:00,1,147.87,0.19,1.06,33.11,0.78,3.11,3.75,1.41
1784264400,2026-07-17 05:00:00,1,139.97,0.13,0.94,37.12,0.69,3.13,3.59,1.19
1784268000,2026-07-17 06:00:00,1,135.75,0.1,0.89,39.37,0.62,3.07,3.44,1.04
1784271600,2026-07-17 07:00:00,1,131.03,0.07,0.81,41.16,0.51,2.63,2.91,0.87
1784275200,2026-07-17 08:00:00,1,128.76,0.07,0.83,42.11,0.5,2.26,2.52,0.88
1784278800,2026-07-17 09:00:00,1,128.95,0.07,0.9,42.52,0.53,2.08,2.36,0.95
1784282400,2026-07-17 10:00:00,1,134.04,0.07,1.17,40.25,0.65,2.27,2.66,1.31
1784286000,2026-07-17 11:00:00,1,142.4,0.04,1.62,34.94,0.82,2.6,3.18,1.82
1784289600,2026-07-17 12:00:00,1,148.18,0,1.83,30.51,0.9,2.74,3.51,2.07
1784293200,2026-07-17 13:00:00,1,151.57,0,1.92,26.47,0.92,2.85,3.85,2.17
1784296800,2026-07-17 14:00:00,1,154.89,0,1.96,23.1,0.92,2.89,4.1,2.25
1784300400,2026-07-17 15:00:00,1,156.73,0,1.95,20.72,0.89,2.8,4.14,2.29
1784304000,2026-07-17 16:00:00,1,156.95,0,1.96,18.75,0.85,2.64,4,2.4
1784307600,2026-07-17 17:00:00,1,156.4,0.01,1.98,17.33,0.78,2.46,3.68,2.61
1784311200,2026-07-17 18:00:00,1,154.17,0.01,1.91,16.7,0.69,2.26,3.32,2.86
1784314800,2026-07-17 19:00:00,1,151.26,0.01,1.8,16.76,0.6,2.01,2.9,2.99
1784318400,2026-07-17 20:00:00,1,148.5,0.01,1.72,16.74,0.56,1.8,2.6,3
1784322000,2026-07-17 21:00:00,1,147.25,0.01,1.68,16.51,0.55,1.7,2.45,2.98
1784325600,2026-07-17 22:00:00,1,146.11,0.01,1.66,16.28,0.56,1.69,2.45,2.92
1784329200,2026-07-17 23:00:00,1,145.08,0.01,1.63,16.67,0.59,1.68,2.46,2.68
1784332800,2026-07-18 00:00:00,1,146.4,0.08,1.58,18.02,0.67,1.73,2.63,2.47
1784336400,2026-07-18 01:00:00,1,148.61,0.24,1.45,20.63,0.77,1.83,2.85,2.33
1784340000,2026-07-18 02:00:00,1,147.87,0.28,1.27,25.41,0.85,2.06,3.12,2.37
1784343600,2026-07-18 03:00:00,1,142,0.22,0.98,34.27,0.87,2.55,3.46,2.19
1784347200,2026-07-18 04:00:00,1,121.97,0.07,0.6,48.09,0.48,1.56,1.92,1.05
1784350800,2026-07-18 05:00:00,1,115.44,0.07,0.51,50.18,0.4,1.17,1.43,0.86
1784354400,2026-07-18 06:00:00,1,113.87,0.08,0.46,50.91,0.41,1.38,1.61,0.86
1784358000,2026-07-18 07:00:00,1,116.42,0.09,0.51,52.14,0.47,1.79,2.06,0.99
1784361600,2026-07-18 08:00:00,1,119.79,0.11,0.67,52.53,0.6,2.22,2.57,1.29
1784365200,2026-07-18 09:00:00,1,124.3,0.12,0.87,52.01,0.7,2.49,2.92,1.58
1784368800,2026-07-18 10:00:00,1,134.66,0.13,1.32,49.29,0.84,2.79,3.4,2.19
1784372400,2026-07-18 11:00:00,1,151.45,0.08,2.09,43.41,1.03,3.19,4.12,3.12
1784376000,2026-07-18 12:00:00,1,167.71,0,2.73,37.71,1.16,3.58,4.87,3.86
1784379600,2026-07-18 13:00:00,1,181.88,0,3.17,29.71,1.24,4.1,5.89,4.52
1784383200,2026-07-18 14:00:00,1,191.77,0,3.31,22.43,1.24,4.47,6.63,4.87
1784386800,2026-07-18 15:00:00,1,192.05,0.01,3.07,18.13,1.15,4.42,6.61,4.77
1784390400,2026-07-18 16:00:00,1,184.11,0.01,2.71,15.68,1,4.07,6.04,4.41
1784394000,2026-07-18 17:00:00,1,177.8,0.01,2.5,14.28,0.85,3.78,5.45,4.25
1784397600,2026-07-18 18:00:00,1,172.98,0.02,2.36,13.31,0.75,3.59,5.05,4.22
1784401200,2026-07-18 19:00:00,1,170.13,0.02,2.27,12.5,0.68,3.49,4.83,4.31
1784404800,2026-07-18 20:00:00,1,170.94,0.02,2.3,11.57,0.64,3.53,4.87,4.51
1784408400,2026-07-18 21:00:00,1,173.25,0.03,2.37,10.74,0.63,3.64,5.02,4.62
1784412000,2026-07-18 22:00:00,1,175.16,0.03,2.47,10.02,0.64,3.76,5.21,4.58
1784415600,2026-07-18 23:00:00,1,176.16,0.03,2.53,10.02,0.68,3.81,5.32,4.37
1784419200,2026-07-19 00:00:00,1,180.01,0.15,2.51,11.5,0.83,3.91,5.65,4.13
1784422800,2026-07-19 01:00:00,1,182.13,0.49,2.24,16.8,1.05,3.86,5.71,3.96
1784426400,2026-07-19 02:00:00,1,183.18,0.65,2.06,21.84,1.25,4.05,6,4.27
1784430000,2026-07-19 03:00:00,1,176.9,0.46,1.74,31.11,1.41,5.4,7.26,4.27
1784433600,2026-07-19 04:00:00,1,128.48,0.09,0.8,47.83,0.75,3.1,3.69,1.53
1784437200,2026-07-19 05:00:00,1,120.76,0.05,0.81,48.39,0.55,2.2,2.55,1.14
1784440800,2026-07-19 06:00:00,1,124.78,0.05,1.05,47.3,0.56,2.38,2.7,1.21
1784444400,2026-07-19 07:00:00,1,139.63,0.07,1.64,45.5,0.77,3.1,3.53,1.82
1784448000,2026-07-19 08:00:00,1,161.29,0.11,2.45,43.35,1.09,4.28,4.95,2.85
1784451600,2026-07-19 09:00:00,1,182.89,0.18,3.14,42.21,1.35,5.45,6.37,3.77
1784455200,2026-07-19 10:00:00,1,206.56,0.21,3.99,36.22,1.63,6.49,7.97,5.36
1784458800,2026-07-19 11:00:00,1,238.3,0.08,5.38,28.99,1.89,7.54,9.9,7.27
1784462400,2026-07-19 12:00:00,1,267.85,0.01,6.31,24.46,2.01,8.57,11.88,8.52
1784466000,2026-07-19 13:00:00,1,294.11,0,6.8,21.59,2.06,9.58,13.81,9.44
1784469600,2026-07-19 14:00:00,2,309.33,0.01,6.92,18.6,2.02,10.41,15.2,9.91
1784473200,2026-07-19 15:00:00,2,312.2,0.02,6.6,14.59,1.87,10.83,15.83,8.92
1784476800,2026-07-19 16:00:00,2,314.51,0.04,6.19,9.79,1.59,11.15,16.18,6.57
1784480400,2026-07-19 17:00:00,2,320.96,0.09,6.03,6.87,1.29,11.57,16.51,5.79
1784484000,2026-07-19 18:00:00,2,324.72,0.18,5.82,5.24,1.14,11.89,16.73,5.54
1784487600,2026-07-19 19:00:00,2,318.74,0.24,5.36,4.53,1.03,11.74,16.32,5.19
1784491200,2026-07-19 20:00:00,2,301.67,0.24,4.81,4.58,0.93,10.92,14.98,4.62
1784494800,2026-07-19 21:00:00,1,279.55,0.18,4.31,5.19,0.87,9.82,13.28,4.18
1784498400,2026-07-19 22:00:00,1,245.61,0.08,3.71,6.92,0.85,8.1,10.8,3.68
1784502000,2026-07-19 23:00:00,1,222.72,0.05,3.3,8.58,0.89,6.84,9.13,3.55
1784505600,2026-07-20 00:00:00,1,213.61,0.22,2.98,10.77,1.09,6.12,8.48,3.56
1784509200,2026-07-20 01:00:00,1,211.89,0.29,3.1,14.15,1.36,5.6,8.1,3.63
1784512800,2026-07-20 02:00:00,1,210.86,0.26,3.27,17.4,1.59,5.21,7.8,3.96
1784516400,2026-07-20 03:00:00,1,200.5,0.23,3.03,22.79,1.81,4.76,7.15,4
1784520000,2026-07-20 04:00:00,1,138.33,0.06,1.33,39.64,1.02,2.19,2.99,1.5
1784523600,2026-07-20 05:00:00,1,123.93,0.06,0.95,41.11,0.76,1.62,2.17,1.21
1784527200,2026-07-20 06:00:00,1,122,0.07,0.89,40.45,0.76,1.6,2.13,1.32
1784530800,2026-07-20 07:00:00,1,145.72,0.19,1.62,39.37,1.16,2.49,3.54,2.9
1784534400,2026-07-20 08:00:00,1,189.21,0.34,2.93,39.2,1.73,4.37,6.29,5.27
1784538000,2026-07-20 09:00:00,1,232.15,0.38,4.48,40.13,2.35,6.48,9.19,7.76
1784541600,2026-07-20 10:00:00,1,282.18,0.3,6.92,35.37,3.31,8.75,12.62,11.88
1784545200,2026-07-20 11:00:00,2,332.32,0.12,9.39,26.77,4.14,10.92,16.2,15.51
1784548800,2026-07-20 12:00:00,2,374.54,0.01,10.96,20.12,4.8,12.9,19.65,18.53
1784552400,2026-07-20 13:00:00,2,404.37,0.01,11.58,15.76,5.19,14.69,22.77,20.77
1784556000,2026-07-20 14:00:00,2,426.71,0.02,11.62,11.83,5.16,16.35,25.32,21.22
1784559600,2026-07-20 15:00:00,2,430.01,0.05,10.81,8.38,4.65,16.83,25.9,19.5
1784563200,2026-07-20 16:00:00,2,404.31,0.09,9.11,6.04,3.55,15.67,23.76,14.85
1784566800,2026-07-20 17:00:00,2,361.63,0.12,7.26,4.87,2.3,13.61,20.03,9.39
1784570400,2026-07-20 18:00:00,2,323.26,0.12,5.84,4.29,1.57,11.69,16.76,6.28
1784574000,2026-07-20 19:00:00,1,288.45,0.12,4.71,4.1,1.16,9.89,13.92,4.72
1784577600,2026-07-20 20:00:00,1,259.93,0.11,3.96,4.38,0.95,8.33,11.6,4.2
1784581200,2026-07-20 21:00:00,1,237.44,0.09,3.46,5.19,0.85,7.08,9.79,4.03
1784584800,2026-07-20 22:00:00,1,219.32,0.06,3.15,6.63,0.85,6.02,8.3,3.92
1784588400,2026-07-20 23:00:00,1,207.57,0.05,3.01,8.07,0.92,5.31,7.38,3.87
1784592000,2026-07-21 00:00:00,1,207.6,0.15,3.05,10.65,1.16,5.03,7.29,3.99
1784595600,2026-07-21 01:00:00,1,211.48,0.52,2.97,17.72,1.49,4.83,7.25,4.07
1784599200,2026-07-21 02:00:00,1,213.82,0.7,3.04,20.64,1.74,4.8,7.38,4.32
1784602800,2026-07-21 03:00:00,1,204.46,0.57,3.01,25.16,1.94,4.6,7.02,4.29
1784606400,2026-07-21 04:00:00,1,153.77,0.19,2.06,36.84,1.55,2.78,4,2.38
1784610000,2026-07-21 05:00:00,1,150.53,0.19,2.04,39.19,1.51,2.7,3.84,2.63
1784613600,2026-07-21 06:00:00,1,159.23,0.24,2.28,40.58,1.67,3.24,4.54,3.28
1784617200,2026-07-21 07:00:00,1,166.76,0.22,2.47,42.72,1.87,3.95,5.41,3.76
1784620800,2026-07-21 08:00:00,1,161.4,0.17,2.39,43.61,1.92,4.05,5.46,3.46
1784624400,2026-07-21 09:00:00,1,146.9,0.12,2.03,44.07,1.72,3.42,4.55,2.69
1784628000,2026-07-21 10:00:00,1,141.86,0.08,2.07,35.82,1.48,2.87,4,2.62
1784631600,2026-07-21 11:00:00,1,158.69,0.04,2.86,24.9,1.58,3.17,4.83,3.32
1784635200,2026-07-21 12:00:00,1,175.43,0.01,3.32,18.29,1.63,3.61,5.81,3.87
1784638800,2026-07-21 13:00:00,1,188.49,0.01,3.51,14.63,1.64,4.14,6.69,4.54
1784642400,2026-07-21 14:00:00,1,199.17,0.02,3.58,12.11,1.6,4.68,7.48,4.96
1784646000,2026-07-21 15:00:00,1,204.85,0.03,3.45,10.08,1.5,5.09,7.97,5.09
1784649600,2026-07-21 16:00:00,1,205.1,0.04,3.21,8.47,1.34,5.3,8.07,4.84
1784653200,2026-07-21 17:00:00,1,203.96,0.05,3.05,7.26,1.11,5.4,8,4.32
1784656800,2026-07-21 18:00:00,1,203.15,0.06,2.93,6.4,0.94,5.51,7.94,3.84
1784660400,2026-07-21 19:00:00,1,201.28,0.07,2.78,5.8,0.84,5.59,7.85,3.51
1784664000,2026-07-21 20:00:00,1,198.01,0.07,2.6,5.49,0.78,5.53,7.63,3.4
1784667600,2026-07-21 21:00:00,1,193.73,0.08,2.47,5.46,0.76,5.4,7.37,3.37
1784671200,2026-07-21 22:00:00,1,189.49,0.08,2.39,5.65,0.8,5.22,7.08,3.25
1784674800,2026-07-21 23:00:00,1,188.66,0.07,2.39,5.86,0.87,5.14,6.98,3.07
1784678400,2026-07-22 00:00:00,1,196.09,0.26,2.34,6.93,1.08,5.32,7.46,3.07
1784682000,2026-07-22 01:00:00,1,203.32,0.58,2.3,11.8,1.37,5.31,7.65,3.19
1784685600,2026-07-22 02:00:00,1,210.16,0.61,2.61,12.85,1.62,5.52,8.18,3.58
1784689200,2026-07-22 03:00:00,1,208.6,0.41,2.83,14.73,1.82,5.52,8.28,3.87
1784692800,2026-07-22 04:00:00,1,154.42,0.12,1.45,23.83,1.07,3.18,4.54,1.91
1784696400,2026-07-22 05:00:00,1,144.55,0.12,1.11,24.17,0.8,2.83,4.11,1.83
1784700000,2026-07-22 06:00:00,1,146.31,0.14,1.12,25.12,0.82,3.03,4.45,2.16
1784703600,2026-07-22 07:00:00,1,162.41,0.22,1.64,26.33,1.18,3.77,5.6,3.31
1784707200,2026-07-22 08:00:00,1,190.04,0.32,2.45,25.59,1.62,5.11,7.44,4.31
1784710800,2026-07-22 09:00:00,1,216.37,0.4,3.19,28.31,1.96,6.71,9.28,5.03
1784714400,2026-07-22 10:00:00,1,249.23,0.38,4.76,29.34,2.54,8.75,11.8,7.07
1784718000,2026-07-22 11:00:00,2,296.73,0.17,7.48,23.72,3.34,11.02,15.2,10.26
1784721600,2026-07-22 12:00:00,2,344.41,0.02,9.5,19.13,4.1,13.33,18.86,13.54
1784725200,2026-07-22 13:00:00,2,381.47,0.02,10.57,16.65,4.78,15.94,23.01,17.2
1784728800,2026-07-22 14:00:00,2,401.14,0.02,10.81,14.6,5.06,18.23,26.43,19.28
1784732400,2026-07-22 15:00:00,2,408.79,0.03,10.26,12.11,4.76,19.64,28.46,19
1784736000,2026-07-22 16:00:00,2,404.85,0.04,8.6,8.46,3.27,19.67,28.08,12.44
1784739600,2026-07-22 17:00:00,2,398.05,0.07,7.6,5.93,2.36,19.09,26.12,10.31
1784743200,2026-07-22 18:00:00,2,392.92,0.12,7.05,4.36,1.93,18.58,24.66,10.62
1784746800,2026-07-22 19:00:00,2,386.08,0.23,6.6,3.37,1.7,17.89,22.95,11.15
1784750400,2026-07-22 20:00:00,2,378.86,0.4,6.04,2.69,1.54,17.21,21.74,11.11
1784754000,2026-07-22 21:00:00,2,372.65,0.59,5.5,2.15,1.43,16.7,20.75,10.77
1784757600,2026-07-22 22:00:00,2,364.96,0.76,4.98,1.66,1.32,16.2,19.94,9.44
1784761200,2026-07-22 23:00:00,2,357.15,0.82,4.58,1.46,1.23,15.54,19.06,7.21
1784764800,2026-07-23 00:00:00,2,357.09,1.05,4.33,2.26,1.39,15.29,19.03,5.95
1784768400,2026-07-23 01:00:00,2,342.63,0.8,4.97,4.37,1.69,14.16,17.77,4.91
1784772000,2026-07-23 02:00:00,2,350.44,0.73,5.82,5.47,2.06,14.45,18.26,4.85
1784775600,2026-07-23 03:00:00,2,373.53,0.69,6.79,6.69,2.44,15.68,19.81,5.22
1784779200,2026-07-23 04:00:00,2,348.69,0.54,6.89,22.22,2.57,13.88,16.98,4.63
1784782800,2026-07-23 05:00:00,2,362.67,0.51,7.51,24.4,2.74,14.78,18.32,5.98
1784786400,2026-07-23 06:00:00,2,378.62,0.26,8.87,25.07,3.21,15.97,19.9,8.2
1784790000,2026-07-23 07:00:00,2,395.16,0.1,10.48,25.5,3.85,16.9,21.06,10.66
1784793600,2026-07-23 08:00:00,2,405.36,0.08,11.27,25.66,4.22,17.47,21.7,12.05
1784797200,2026-07-23 09:00:00,2,407.92,0.07,11.48,26.12,4.32,17.58,21.79,12.57
1784800800,2026-07-23 10:00:00,2,412.99,0.04,11.25,22.75,4.07,17.74,22.02,11.88
1784804400,2026-07-23 11:00:00,2,418.6,0.02,10.35,16.99,3.4,18,22.43,8.98
1784808000,2026-07-23 12:00:00,2,418.18,0.02,9.36,12.95,2.86,18.18,22.67,6.21
1784811600,2026-07-23 13:00:00,2,411.91,0.03,8.41,10.21,2.47,18.29,22.91,4.83
1784815200,2026-07-23 14:00:00,2,410.26,0.05,7.76,8.27,2.26,18.68,23.63,4.47
1784818800,2026-07-23 15:00:00,2,398.81,0.06,7.26,7.2,2.13,18.51,23.35,4.27
1784822400,2026-07-23 16:00:00,2,386.86,0.1,6.85,5.83,1.97,17.91,22.22,4.23
1784826000,2026-07-23 17:00:00,2,392.71,0.22,6.57,3.62,1.72,18.14,21.84,4.8
1784829600,2026-07-23 18:00:00,2,402.97,0.44,6.34,2.23,1.61,18.75,22.05,5.89
1784833200,2026-07-23 19:00:00,2,409.85,0.68,6.04,1.47,1.54,19.26,22.18,6.55
1784836800,2026-07-23 20:00:00,2,407.59,0.81,5.65,0.97,1.37,19.37,21.9,5.57
1784840400,2026-07-23 21:00:00,2,403.29,0.79,5.5,0.65,1.26,19.39,21.57,4.31
1784844000,2026-07-23 22:00:00,2,388.82,0.55,5.81,0.84,1.3,19.16,21,3.36
1784847600,2026-07-23 23:00:00,2,370.94,0.38,5.94,1.21,1.36,18.79,20.47,3.02
1784851200,2026-07-24 00:00:00,2,362.21,0.45,5.98,1.89,1.57,18.68,20.53,2.99
1784854800,2026-07-24 01:00:00,2,376.53,0.94,5.98,7.34,1.86,18.49,20.74,3.55
1784858400,2026-07-24 02:00:00,2,425.65,2.16,5.51,8.88,2.2,20.05,23.4,4.89
1784862000,2026-07-24 03:00:00,2,470.89,3.01,5.61,10.46,2.66,21.96,26.2,6.7
1784865600,2026-07-24 04:00:00,2,501.86,3.1,7.07,17.04,3.39,23.55,28.17,9.46
1784869200,2026-07-24 05:00:00,2,527.38,2.35,9.67,20.45,4.04,24.9,29.63,11.78
1784872800,2026-07-24 06:00:00,3,551.14,1.24,12.51,22.3,4.49,26.35,31.16,13.18
1784876400,2026-07-24 07:00:00,3,568.58,0.64,14.17,23.59,4.78,27.48,32.29,13.99
1784880000,2026-07-24 08:00:00,3,587.47,0.6,14.94,23.64,5.06,28.91,33.74,14.63
1784883600,2026-07-24 09:00:00,3,614.44,0.67,15.65,23.91,5.37,30.74,35.63,15.09
1784887200,2026-07-24 10:00:00,3,650.03,0.63,15.9,20.87,5.37,33.14,38.24,14.89
1784890800,2026-07-24 11:00:00,3,658.62,0.18,14.99,15.08,4.75,34.37,39.5,13.06
1784894400,2026-07-24 12:00:00,3,632.11,0.02,12.25,11.12,3.73,33.8,38.45,9.27
1784898000,2026-07-24 13:00:00,3,605.99,0.03,9.9,8.49,2.68,32.86,36.73,4.72
1784901600,2026-07-24 14:00:00,3,620.23,0.07,9.12,5.85,2.23,34.29,38.04,3.78
1784905200,2026-07-24 15:00:00,3,639.24,0.17,8.79,3.75,2.03,35.95,39.61,3.75
1784908800,2026-07-24 16:00:00,3,656.16,0.36,8.59,2.53,1.89,37.13,40.43,3.93
1784912400,2026-07-24 17:00:00,3,670.98,0.52,8.52,2.02,1.71,38.12,40.83,4.03
1784916000,2026-07-24 18:00:00,3,691.27,0.53,8.74,1.79,1.58,39.43,41.64,4.25
1784919600,2026-07-24 19:00:00,3,701.32,0.44,8.84,1.7,1.48,40.15,42.01,4.41
1784923200,2026-07-24 20:00:00,3,709.28,0.41,8.73,1.69,1.39,40.46,42.11,4.49
1784926800,2026-07-24 21:00:00,3,715.2,0.39,8.84,2.05,1.36,40.49,42.01,4.63
1784930400,2026-07-24 22:00:00,3,700.36,0.31,9.19,5.49,1.36,39.41,40.8,4.46
1784934000,2026-07-24 23:00:00,3,668.84,0.2,8.57,6.89,1.28,37.56,38.93,3.91
1784937600,2026-07-25 00:00:00,3,631.89,0.8,6.74,8.23,1.3,35.41,36.98,3.34
1784941200,2026-07-25 01:00:00,3,578.2,1.36,5.24,13.1,1.47,32.97,34.62,2.77
1784944800,2026-07-25 02:00:00,3,562.96,0.98,5.02,18.88,1.56,33.38,35.22,2.83
1784948400,2026-07-25 03:00:00,3,550.53,0.53,4.82,26.46,1.73,34.7,36.66,2.93
1784952000,2026-07-25 04:00:00,2,397.5,0.22,2.96,47.41,1.43,22.04,23.31,2.07
1784955600,2026-07-25 05:00:00,2,340.09,0.16,2.01,52.72,1.24,18.48,19.52,1.87
1784959200,2026-07-25 06:00:00,2,327.74,0.13,1.69,57.21,1.25,19.37,20.39,1.93
1784962800,2026-07-25 07:00:00,2,329.39,0.13,1.66,59.58,1.35,22.14,23.23,2.17
1784966400,2026-07-25 08:00:00,3,340.32,0.15,1.8,58.98,1.51,26.91,28.18,2.52
1784970000,2026-07-25 09:00:00,3,351.6,0.16,2.01,58.81,1.61,31.54,32.96,2.71
1784973600,2026-07-25 10:00:00,3,365.3,0.17,2.52,53.33,1.65,35.25,36.96,3.18
1784977200,2026-07-25 11:00:00,3,383.82,0.11,3.38,41.48,1.62,37.31,39.5,3.61
1784980800,2026-07-25 12:00:00,3,400.42,0.01,4.06,30.64,1.59,37.91,40.53,3.77
1784984400,2026-07-25 13:00:00,3,418.1,0,4.6,21.49,1.57,38.49,41.73,4.17
1784988000,2026-07-25 14:00:00,3,443.59,0.01,5.17,13.64,1.55,39.92,43.98,4.68
1784991600,2026-07-25 15:00:00,3,467.11,0.04,5.59,8.58,1.53,41.24,45.99,5.13
1784995200,2026-07-25 16:00:00,3,481.05,0.1,5.74,5.52,1.43,41.93,46.9,5.38
1784998800,2026-07-25 17:00:00,3,484.69,0.18,5.54,3.7,1.19,42.32,46.91,5.17
1785002400,2026-07-25 18:00:00,3,484.28,0.31,5.12,2.66,1,42.83,46.99,4.95
1785006000,2026-07-25 19:00:00,3,477.69,0.46,4.61,2.18,0.88,42.77,46.01,4.83
1785009600,2026-07-25 20:00:00,3,469,0.52,4.3,2.05,0.83,42.12,44.79,5.13
1785013200,2026-07-25 21:00:00,3,460.98,0.45,4.29,2.16,0.86,41.37,43.65,5.99
1785016800,2026-07-25 22:00:00,3,450.69,0.27,4.39,2.78,0.94,40.39,42.41,6.68
1785020400,2026-07-25 23:00:00,3,438.16,0.15,4.23,3.91,0.99,39.08,41.04,6.2
1785024000,2026-07-26 00:00:00,3,433.76,0.26,4.05,6.76,1.19,38.09,40.35,5.7
1785027600,2026-07-26 01:00:00,3,431.23,0.24,4.17,17.59,1.57,36.87,39.3,4.66
1785031200,2026-07-26 02:00:00,3,429.2,0.3,4.35,19.79,1.94,36.19,38.95,4.46
1785034800,2026-07-26 03:00:00,3,435.2,0.38,4.48,21.7,2.26,36.44,39.57,4.92
1785038400,2026-07-26 04:00:00,2,360.94,0.19,2.51,51.59,1.63,21.75,23.15,2.4
1785042000,2026-07-26 05:00:00,2,312.05,0.14,1.47,54.78,1.16,15.01,15.93,1.88
1785045600,2026-07-26 06:00:00,2,297.88,0.13,1.17,56.95,1.12,15.17,16.05,2
1785049200,2026-07-26 07:00:00,2,303.52,0.15,1.32,58.23,1.27,17.62,18.7,2.78
1785052800,2026-07-26 08:00:00,2,321.74,0.17,1.8,56.07,1.48,20.29,21.77,3.97
1785056400,2026-07-26 09:00:00,2,337.74,0.19,2.33,51.89,1.6,21.24,22.98,4.73
1785060000,2026-07-26 10:00:00,2,346.52,0.22,2.87,40.49,1.57,21.21,23.19,4.88
1785063600,2026-07-26 11:00:00,2,349.33,0.12,3.45,28.8,1.48,20.69,22.88,4.2
1785067200,2026-07-26 12:00:00,2,344.79,0.02,3.63,22.16,1.42,19.59,21.88,3.52
1785070800,2026-07-26 13:00:00,2,343.27,0.01,3.73,18.48,1.46,19.11,21.59,3.65
1785074400,2026-07-26 14:00:00,2,352.16,0.02,4.02,15.03,1.49,19.37,22.23,4.38
1785078000,2026-07-26 15:00:00,2,358.39,0.03,4.25,12.43,1.48,19.38,22.38,5.29
1785081600,2026-07-26 16:00:00,2,364.07,0.03,4.46,10.72,1.42,19,21.83,6.38
1785085200,2026-07-26 17:00:00,2,366.83,0.03,4.56,10.04,1.31,18.6,21.02,7.38
1785088800,2026-07-26 18:00:00,2,364.54,0.03,4.64,10.26,1.31,18.28,20.37,8.28
1785092400,2026-07-26 19:00:00,2,358.58,0.03,4.63,10.53,1.33,17.59,19.45,8.98
1785096000,2026-07-26 20:00:00,2,356.69,0.03,4.69,8.92,1.24,16.86,18.75,9.56
1785099600,2026-07-26 21:00:00,2,350.42,0.05,4.57,7.12,1.17,15.93,17.93,9.47
1785103200,2026-07-26 22:00:00,2,339.57,0.09,3.94,4.8,1.03,14.83,16.92,6
1785106800,2026-07-26 23:00:00,2,329.91,0.12,3.64,3.88,1.05,13.55,15.78,4.49
1785110400,2026-07-27 00:00:00,2,327.31,0.4,3.38,4.91,1.32,12.43,15.09,4.15
1785114000,2026-07-27 01:00:00,2,332.61,0.5,3.62,9.34,1.64,11.11,13.85,3.97
1785117600,2026-07-27 02:00:00,2,339.7,0.82,3.64,10.21,1.92,10.84,13.76,3.92
1785121200,2026-07-27 03:00:00,2,346.05,0.99,3.74,12.78,2.21,11.23,14.36,4.08
1785124800,2026-07-27 04:00:00,2,352.59,0.88,4.13,32.53,2.54,10.63,13.4,4.7
1785128400,2026-07-27 05:00:00,2,373.29,0.72,5.27,42.03,3.29,13.88,17.38,7.98
1785132000,2026-07-27 06:00:00,2,404.26,0.49,5.89,54.34,4,19.26,23.33,11.19
1785135600,2026-07-27 07:00:00,3,434.53,0.32,6.09,66.42,4.56,26.35,30.78,13.4
1785139200,2026-07-27 08:00:00,3,444.92,0.22,6.06,72.22,4.79,32.32,36.68,13.54
1785142800,2026-07-27 09:00:00,3,427.31,0.18,5.52,72.18,4.5,34.2,37.87,10.87
1785146400,2026-07-27 10:00:00,3,404.96,0.18,5.08,56.72,3.72,33.5,36.71,7.11
1785150000,2026-07-27 11:00:00,3,440.15,0.07,6.86,42.1,3.95,35.49,39.53,8.89
1785153600,2026-07-27 12:00:00,3,476.41,0.02,8.21,34.41,4.57,36.8,41.69,12.03
1785157200,2026-07-27 13:00:00,3,508.81,0.02,8.98,30.35,5.25,38.74,44.7,15.78
1785160800,2026-07-27 14:00:00,3,512.84,0.02,8.3,24.46,4.83,39.42,45.97,15.31
1785164400,2026-07-27 15:00:00,3,500.06,0.03,7.07,18.29,3.73,37.65,43.8,11.43
1785168000,2026-07-27 16:00:00,3,481.7,0.04,6.1,13.39,2.67,34.07,39.17,7.5
1785171600,2026-07-27 17:00:00,3,470.57,0.05,5.57,10.59,2.01,31.13,35.24,5.79
1785175200,2026-07-27 18:00:00,3,463.12,0.05,5.16,9.64,1.67,28.84,32.17,4.91
1785178800,2026-07-27 19:00:00,3,443.29,0.05,4.67,9.92,1.5,25.27,27.75,4.1
1785182400,2026-07-27 20:00:00,2,428.25,0.05,4.38,9.25,1.35,22.59,24.59,3.74
1785186000,2026-07-27 21:00:00,2,419.94,0.05,4.3,8.16,1.26,20.78,22.65,3.75
1785189600,2026-07-27 22:00:00,2,414.8,0.06,4.31,7.17,1.24,19.93,21.75,3.78
1785193200,2026-07-27 23:00:00,2,414.21,0.05,4.37,6.5,1.28,19.87,21.66,3.54
1785196800,2026-07-28 00:00:00,2,420.38,0.13,4.55,6.48,1.48,20.45,22.36,3.24
1785200400,2026-07-28 01:00:00,2,423.64,0.31,4.71,7.75,1.7,20.39,22.33,2.75
1785204000,2026-07-28 02:00:00,2,426.68,0.45,4.85,9.17,1.82,20.14,22.18,2.52
1785207600,2026-07-28 03:00:00,2,429.72,0.53,4.86,12.07,1.92,20.22,22.33,2.52
1785211200,2026-07-28 04:00:00,2,416.37,0.47,4.36,23.64,1.89,19.22,20.97,2.25
1785214800,2026-07-28 05:00:00,2,396.82,0.26,3.88,29.24,1.8,18.16,19.7,2.07
1785218400,2026-07-28 06:00:00,2,390.79,0.17,3.67,31.49,1.78,18.19,19.62,2.01
1785222000,2026-07-28 07:00:00,2,404.59,0.14,3.96,30.71,1.83,18.98,20.75,2.76
1785225600,2026-07-28 08:00:00,2,435.54,0.11,5.03,28.05,2.17,20.46,22.97,4.43
1785229200,2026-07-28 09:00:00,2,479.94,0.09,6.79,27.26,2.92,22.59,25.8,7.06
1785232800,2026-07-28 10:00:00,3,528.09,0.07,8.91,24.54,3.63,25,28.81,9.69
1785236400,2026-07-28 11:00:00,3,557.22,0.04,9.65,18.81,3.66,26.62,30.92,10.12
1785240000,2026-07-28 12:00:00,3,564.83,0.02,9.11,14.44,3.29,27.25,32.01,8.82
1785243600,2026-07-28 13:00:00,3,558.52,0.02,8.1,12.53,2.93,27.31,32.26,7.08
1785247200,2026-07-28 14:00:00,3,557.17,0.02,7.58,12.26,2.86,27.74,32.63,6.74
1785250800,2026-07-28 15:00:00,3,564.64,0.02,7.55,12.36,2.92,28.59,33.19,6.85
1785254400,2026-07-28 16:00:00,3,574.13,0.02,7.78,12.34,2.88,29.22,33.29,6.73
1785258000,2026-07-28 17:00:00,3,581.55,0.02,7.88,11.84,2.64,28.75,32.23,6.4
1785261600,2026-07-28 18:00:00,3,585.57,0.02,7.82,11.11,2.42,27.72,30.71,6.09
1785265200,2026-07-28 19:00:00,3,583.46,0.03,7.5,9.66,2.16,26.78,29.42,5.7
1785268800,2026-07-28 20:00:00,3,582.02,0.05,7.02,7.49,1.86,26.82,29.26,5.28
1785272400,2026-07-28 21:00:00,3,583.3,0.08,6.66,5.73,1.64,27.17,29.42,4.9
1785276000,2026-07-28 22:00:00,3,583.26,0.13,6.34,4.57,1.49,27.49,29.55,4.54
1785279600,2026-07-28 23:00:00,3,581.91,0.17,6.13,4.01,1.43,27.56,29.51,4.2
1785283200,2026-07-29 00:00:00,3,583.95,0.32,6.18,3.99,1.57,27.57,29.7,3.95
1785286800,2026-07-29 01:00:00,3,557.11,0.4,6.75,6.22,2.01,26.17,28.3,3.21
1785290400,2026-07-29 02:00:00,3,551.02,0.77,6.61,7.54,2.16,25.69,27.95,3.01
1785294000,2026-07-29 03:00:00,3,544.94,1.04,6.36,10.31,2.25,25.43,27.68,2.83
1785297600,2026-07-29 04:00:00,2,480.2,0.74,5.86,21.85,2.16,21.25,23.09,2.27
1785301200,2026-07-29 05:00:00,2,441.29,0.45,5.55,26.86,2.17,19.14,20.98,2.38
1785304800,2026-07-29 06:00:00,2,421.43,0.34,5.72,29.92,2.37,18.68,20.59,2.64
1785308400,2026-07-29 07:00:00,2,376.78,0.26,5.55,35.27,2.35,16.03,17.88,2.74
1785312000,2026-07-29 08:00:00,2,372.68,0.21,5.86,36.01,2.42,15.72,17.65,3.12
1785315600,2026-07-29 09:00:00,2,380.99,0.17,6.47,35.79,2.56,16.05,18.11,3.62
1785319200,2026-07-29 10:00:00,2,394.16,0.13,6.66,26.94,2.45,17.14,19.55,3.87
1785322800,2026-07-29 11:00:00,2,402.48,0.06,6.38,17.77,2.17,18.33,21.16,3.39
1785326400,2026-07-29 12:00:00,2,400.05,0.03,5.87,13.45,2,18.88,21.97,2.95
1785330000,2026-07-29 13:00:00,2,398.97,0.04,5.58,11.56,2,19.23,22.43,2.75
1785333600,2026-07-29 14:00:00,2,408.08,0.04,5.63,10.62,2.05,19.55,22.81,2.68
1785337200,2026-07-29 15:00:00,2,415.19,0.03,5.81,10.39,2.12,19.45,22.57,2.75
1785340800,2026-07-29 16:00:00,2,430.44,0.01,6.64,12.03,2.25,18.93,21.68,2.9
1785344400,2026-07-29 17:00:00,2,449.39,0.02,6.81,9.74,2.03,18.9,21.37,3
1785348000,2026-07-29 18:00:00,2,471.43,0.03,7.06,7.81,1.79,19.13,21.27,2.97
1785351600,2026-07-29 19:00:00,2,484.46,0.07,6.86,5.49,1.5,19.85,21.69,2.86
1785355200,2026-07-29 20:00:00,2,487.08,0.15,6.33,2.98,1.28,21.02,22.67,2.94
1785358800,2026-07-29 21:00:00,2,489.7,0.24,6.07,1.72,1.2,22.22,23.74,3.11
1785362400,2026-07-29 22:00:00,2,492.88,0.32,5.97,1.22,1.2,23.64,25.14,3.33
1785366000,2026-07-29 23:00:00,2,492.52,0.31,6.01,1.26,1.27,24.89,26.49,3.19
1785369600,2026-07-30 00:00:00,3,494.21,0.59,6.03,2.51,1.5,26.16,28.11,3
1785373200,2026-07-30 01:00:00,3,488.73,1.12,6.58,12.93,1.8,27.44,29.58,2.75
1785376800,2026-07-30 02:00:00,3,482.21,1.46,6.51,14.84,1.93,27.7,30.14,2.82
1785380400,2026-07-30 03:00:00,3,477.74,1.81,6.46,16.13,2.1,28.11,30.77,2.92
1785384000,2026-07-30 04:00:00,2,315.93,0.95,5.36,31.43,1.83,16.96,18.61,1.75
1785387600,2026-07-30 05:00:00,2,274.98,0.59,5.14,35.41,1.84,14.09,15.48,1.64
1785391200,2026-07-30 06:00:00,2,289.6,0.69,5.82,37.08,2.21,16.03,17.54,1.92
1785394800,2026-07-30 07:00:00,2,316.52,0.38,7.14,37.8,2.52,18.82,20.58,2.43
1785398400,2026-07-30 08:00:00,2,352.73,0.25,8.37,37.97,2.85,22.26,24.41,3.18
1785402000,2026-07-30 09:00:00,3,393.98,0.15,9.6,39.63,3.22,26.66,29.19,3.92
1785405600,2026-07-30 10:00:00,3,432.8,0.1,10.24,34.82,3.35,30.32,33.18,4.24
1785409200,2026-07-30 11:00:00,3,444.08,0.04,9.68,26.53,3.01,30.87,33.8,3.43
1785412800,2026-07-30 12:00:00,3,429.07,0.01,8.32,21.56,2.64,29.18,31.9,2.79
1785416400,2026-07-30 13:00:00,3,406.32,0.01,6.94,18.5,2.33,26.77,29.09,2.44
1785420000,2026-07-30 14:00:00,3,395.82,0.02,6.07,16.18,2.06,25.62,27.77,2.34
1785423600,2026-07-30 15:00:00,2,387.67,0.03,5.5,14.56,1.89,24.97,27.03,2.35
1785427200,2026-07-30 16:00:00,3,392.71,0.03,5.38,12.01,1.74,25.32,27.47,2.89
1785430800,2026-07-30 17:00:00,3,413.69,0.04,5.88,9.46,1.64,26.92,29.14,3.87
1785434400,2026-07-30 18:00:00,3,438.05,0.04,6.73,8.31,1.67,29.06,31.3,5.19
1785438000,2026-07-30 19:00:00,3,460.81,0.05,7.55,7.72,1.73,31.32,33.51,6.27
1785441600,2026-07-30 20:00:00,3,467.71,0.07,7.55,6.39,1.68,32.26,34.35,6.02
1785445200,2026-07-30 21:00:00,3,464.42,0.08,7.45,5.76,1.75,32.57,34.58,5.56
1785448800,2026-07-30 22:00:00,3,442.62,0.09,7.01,6.67,1.84,31.56,33.45,4.85
1785452400,2026-07-30 23:00:00,3,428.51,0.09,6.42,6.78,1.73,30.5,32.38,4.1
1785456000,2026-07-31 00:00:00,3,434.12,0.24,6.2,6.33,1.76,30.51,32.75,3.66
1785459600,2026-07-31 01:00:00,3,489.61,0.92,7.12,16.32,2.12,32.22,34.47,3.55
1785463200,2026-07-31 02:00:00,3,500.92,1.42,6.18,22,2.15,31.99,34.42,3.53
1785466800,2026-07-31 03:00:00,3,502.04,1.46,5.48,29.59,2.2,33.41,35.96,3.6
1785470400,2026-07-31 04:00:00,3,488.27,0.98,5.24,35.37,2.22,34.35,36.81,3.39
1785474000,2026-07-31 05:00:00,3,460.41,0.54,5.25,37.11,2.33,33.03,35.29,2.96
1785477600,2026-07-31 06:00:00,3,431.7,0.32,5.34,38.61,2.51,30.88,32.86,2.62
1785481200,2026-07-31 07:00:00,2,337.55,0.2,4.31,46.49,2.18,21.3,22.75,2.07
1785484800,2026-07-31 08:00:00,2,310.19,0.13,4.26,47.55,2.11,18.21,19.58,2.16
1785488400,2026-07-31 09:00:00,2,308.7,0.09,4.65,46.49,2.16,17.48,18.89,2.33
1785492000,2026-07-31 10:00:00,2,325.8,0.07,5.55,39.98,2.23,17.74,19.54,2.94
1785495600,2026-07-31 11:00:00,2,360.93,0.04,6.68,30.3,2.28,18.83,21.39,3.7
1785499200,2026-07-31 12:00:00,2,390.84,0.01,7.18,23.14,2.28,19.88,23.28,4.29
1785502800,2026-07-31 13:00:00,2,415.86,0.02,7.19,15.45,2.21,21.22,25.73,4.93
1785506400,2026-07-31 14:00:00,2,444.72,0.07,7.09,8.5,2.09,23.14,28.78,5.32
1785510000,2026-07-31 15:00:00,3,472.97,0.23,6.87,4.27,2,25.19,31.7,5.45
1785513600,2026-07-31 16:00:00,3,496.42,0.58,6.4,2.14,1.84,26.53,32.95,5.17
1785517200,2026-07-31 17:00:00,3,505.55,0.8,6.03,1.62,1.53,27.08,32.44,4.69
1785520800,2026-07-31 18:00:00,3,500.43,0.67,5.99,2.15,1.27,26.95,30.88,4.21
1785524400,2026-07-31 19:00:00,2,440.09,0.09,5.84,6.44,1.11,24.08,26.21,3.43
1785528000,2026-07-31 20:00:00,2,410.81,0.05,5.28,6.68,1.01,22.85,24.47,3.87
1785531600,2026-07-31 21:00:00,2,401.23,0.06,5.14,6.08,1.01,22.57,24.1,4.93
1785535200,2026-07-31 22:00:00,2,400.4,0.07,5.22,5.66,1.08,22.72,24.29,5.86
1785538800,2026-07-31 23:00:00,2,397.46,0.08,5.02,4.95,1.11,22.66,24.26,5.11
1785542400,2026-08-01 00:00:00,2,395.21,0.27,4.82,5.2,1.29,22.51,24.28,4.36
1785546000,2026-08-01 01:00:00,2,398.73,0.8,4.57,7.1,1.56,22.39,24.27,3.36
1785549600,2026-08-01 02:00:00,2,404.63,1.14,4.41,9.02,1.77,22.74,24.86,2.77
1785553200,2026-08-01 03:00:00,2,401.05,1,4.39,13.09,1.93,23.15,25.35,2.32
1785556800,2026-08-01 04:00:00,2,354.02,0.31,3.22,34.9,1.47,18.28,19.51,1.41
1785560400,2026-08-01 05:00:00,2,334.95,0.13,2.43,40.13,1.17,15.36,16.24,1.14
1785564000,2026-08-01 06:00:00,2,332.7,0.08,2.25,40.88,1.08,14.05,14.8,1.09
1785567600,2026-08-01 07:00:00,2,358,0.12,2.86,38.68,1.21,14.23,15.28,1.76
1785571200,2026-08-01 08:00:00,2,401.52,0.22,4.09,36.19,1.64,16.76,18.44,3.27
1785574800,2026-08-01 09:00:00,2,445.07,0.31,5.52,36.98,2.27,19.7,21.91,5.23
1785578400,2026-08-01 10:00:00,2,486.02,0.36,6.93,34.47,2.75,22.99,25.68,6.68
1785582000,2026-08-01 11:00:00,2,502.36,0.1,7.27,25.73,2.5,24.71,27.58,5.62
1785585600,2026-08-01 12:00:00,2,485.79,0.01,6.04,19.67,1.94,24.24,26.88,3.39
1785589200,2026-08-01 13:00:00,2,450.39,0.01,4.72,16.87,1.54,22.92,25.23,2.15
1785592800,2026-08-01 14:00:00,2,452.95,0.03,4.62,12.97,1.43,23.46,26.16,2.29
1785596400,2026-08-01 15:00:00,2,458.9,0.04,4.76,10.1,1.4,24.01,27.07,2.66
1785600000,2026-08-01 16:00:00,2,465.99,0.06,5.12,7.96,1.38,23.67,26.7,3.17
1785603600,2026-08-01 17:00:00,2,476.93,0.09,5.56,6.29,1.28,23.21,25.84,3.91
1785607200,2026-08-01 18:00:00,2,490.59,0.14,5.93,5.03,1.24,23.12,25.3,4.8
1785610800,2026-08-01 19:00:00,2,499.45,0.23,6.11,3.93,1.21,23.25,25.15,5.65
1785614400,2026-08-01 20:00:00,2,498.08,0.39,5.9,2.73,1.15,23.37,25.13,5.85
1785618000,2026-08-01 21:00:00,2,494.68,0.65,5.36,1.65,1.05,23.42,25.11,5.2
1785621600,2026-08-01 22:00:00,2,492.59,0.95,4.78,0.96,0.97,23.29,24.98,4.24
1785625200,2026-08-01 23:00:00,2,485.03,1.04,4.62,0.86,1.01,22.65,24.42,3.84
1785628800,2026-08-02 00:00:00,2,472.73,1.04,4.58,1.82,1.2,21.47,23.56,3.52
1785632400,2026-08-02 01:00:00,2,455.6,0.89,4.48,7.79,1.39,19.41,21.49,2.75
1785636000,2026-08-02 02:00:00,2,451.92,0.87,4.47,10.89,1.53,18.48,20.66,2.4
1785639600,2026-08-02 03:00:00,2,448.92,0.6,4.73,13.7,1.67,17.89,20.06,2.28
1785643200,2026-08-02 04:00:00,2,435.96,0.45,4.25,28.49,1.65,14.65,16.36,1.93
1785646800,2026-08-02 05:00:00,2,416.38,0.39,4.15,30.34,1.59,13.74,15.56,2.22
1785650400,2026-08-02 06:00:00,2,407.18,0.36,4.15,30.56,1.59,13.32,15.18,2.63
1785654000,2026-08-02 07:00:00,2,397.75,0.33,4.16,29.32,1.61,12.5,14.28,3.05
1785657600,2026-08-02 08:00:00,2,387.75,0.31,4.11,26.4,1.58,11.9,13.63,3.1
1785661200,2026-08-02 09:00:00,2,381.09,0.36,4.11,24.11,1.57,11.62,13.38,3.07
1785664800,2026-08-02 10:00:00,2,388.28,0.44,4.66,19.69,1.67,12.37,14.48,3.51
1785668400,2026-08-02 11:00:00,2,413.72,0.23,6.22,13.41,1.9,13.76,16.53,4.54
1785672000,2026-08-02 12:00:00,2,442.55,0.08,7.69,9.47,2.25,15.21,18.78,6.08
1785675600,2026-08-02 13:00:00,2,469.97,0.14,8.7,7.8,2.68,16.98,21.45,8.07
1785679200,2026-08-02 14:00:00,2,488.59,0.23,9.01,5.96,2.83,18.66,23.78,9.06
1785682800,2026-08-02 15:00:00,2,501.89,0.39,8.85,4.07,2.77,20.09,25.61,9.22
1785686400,2026-08-02 16:00:00,2,506.83,0.65,8.28,2.61,2.51,21.02,26.57,8.64
1785690000,2026-08-02 17:00:00,2,512.49,1.06,7.35,1.62,2.04,21.88,26.83,7.56
1785693600,2026-08-02 18:00:00,2,523.22,1.66,6.24,0.99,1.68,22.87,26.96,6.47
1785697200,2026-08-02 19:00:00,2,527.88,2.27,5.13,0.65,1.44,23.12,26.29,5.72
1785700800,2026-08-02 20:00:00,2,528.14,2.77,4.45,0.48,1.35,22.4,24.99,5.77
1785704400,2026-08-02 21:00:00,2,526.37,3.22,4.14,0.37,1.4,21.84,24.18,6.34
1785708000,2026-08-02 22:00:00,2,518.05,3.35,4.05,0.27,1.46,21.29,23.55,6.43
1785711600,2026-08-02 23:00:00,2,498.1,3.08,3.95,0.21,1.41,20.24,22.51,5.01
1785715200,2026-08-03 00:00:00,2,466.99,2.61,4,0.48,1.59,18.71,21.19,3.75
1785718800,2026-08-03 01:00:00,2,409.18,1.74,4.35,1.72,1.86,15.55,17.78,2.61
1785722400,2026-08-03 02:00:00,2,388.34,1.46,4.53,3.08,1.94,13.78,16.12,2.11
1785726000,2026-08-03 03:00:00,2,375.35,1,4.99,5.86,2.07,12.55,14.95,1.94
1785729600,2026-08-03 04:00:00,1,286.45,0.28,3.09,26.39,1.35,5.61,6.58,1.13
1785733200,2026-08-03 05:00:00,1,228.89,0.17,2.15,30.04,1.09,3.81,4.54,0.97
1785736800,2026-08-03 06:00:00,1,216.2,0.16,2.05,31.42,1.18,4.04,4.81,1.07
1785740400,2026-08-03 07:00:00,1,243.91,0.23,2.9,29.64,1.56,5.9,7.27,2.06
1785744000,2026-08-03 08:00:00,1,298.43,0.37,4.51,25.67,2.18,8.84,11.18,3.75
1785747600,2026-08-03 09:00:00,2,352.12,0.55,6.42,23.56,3.03,11.64,14.74,5.92
1785751200,2026-08-03 10:00:00,2,407.26,0.62,9.06,21.05,3.95,14.63,18.39,8.41
1785754800,2026-08-03 11:00:00,2,459.13,0.25,12.07,18.52,4.64,17.48,21.94,10.58
1785758400,2026-08-03 12:00:00,2,502.73,0.04,13.87,16.06,5.09,20.04,25.28,12.17
1785762000,2026-08-03 13:00:00,2,544.33,0.06,14.62,14.28,5.46,22.85,29.07,13.78
1785765600,2026-08-03 14:00:00,3,575.84,0.13,14.77,12.62,5.55,25.33,32.11,15.01
1785769200,2026-08-03 15:00:00,3,592.24,0.29,14.15,10.85,5.31,26.77,33.14,15.43
1785772800,2026-08-03 16:00:00,3,588.34,0.54,12.6,8.18,4.47,26.66,32.01,13.22
1785776400,2026-08-03 17:00:00,3,573.54,0.69,10.7,5.17,3.22,25.77,29.83,9.04
1785780000,2026-08-03 18:00:00,2,559.4,0.68,9.57,3.08,2.37,24.97,28.24,6.05
1785783600,2026-08-03 19:00:00,2,547.93,0.66,8.9,1.79,1.85,24.38,27.03,4.34
1785787200,2026-08-03 20:00:00,2,547.94,1.01,8.03,1,1.51,24.9,27.27,3.6
1785790800,2026-08-03 21:00:00,3,553.7,1.4,7.47,0.58,1.34,25.69,27.71,3.23
1785794400,2026-08-03 22:00:00,3,549.28,1.54,7.66,0.36,1.27,25.98,27.64,2.75
1785798000,2026-08-03 23:00:00,3,534.64,1.36,8.45,0.31,1.27,25.51,26.97,2.2
1785801600,2026-08-04 00:00:00,3,522.71,1.43,9.26,0.75,1.44,25.01,26.59,1.87
1785805200,2026-08-04 01:00:00,2,521.8,2.16,9.93,3.18,1.71,24.71,26.4,1.68
1785808800,2026-08-04 02:00:00,3,543.3,2.81,10.25,4.93,1.98,25.59,27.74,1.76
1785812400,2026-08-04 03:00:00,3,563.27,2.82,10.83,6.91,2.19,26.31,28.83,1.97
1785816000,2026-08-04 04:00:00,2,399.79,0.69,9.36,20.11,1.65,15.63,16.88,1.1
1785819600,2026-08-04 05:00:00,2,333.15,0.54,7.21,24.57,1.45,11.92,12.93,1
1785823200,2026-08-04 06:00:00,2,322.79,0.62,6.48,27.73,1.55,12.31,13.36,1.1
1785826800,2026-08-04 07:00:00,2,323.03,0.45,6.27,28.53,1.7,12.94,14.1,1.33
1785830400,2026-08-04 08:00:00,2,334.19,0.31,6.56,26.07,1.95,13.51,14.87,1.68
1785834000,2026-08-04 09:00:00,2,352.38,0.22,7.18,23.39,2.22,14.22,15.78,2.06
1785837600,2026-08-04 10:00:00,2,382.24,0.2,8.07,18.13,2.45,15.35,17.29,2.57
1785841200,2026-08-04 11:00:00,2,415.83,0.11,9.11,12.67,2.61,16.79,19.32,3.14
1785844800,2026-08-04 12:00:00,2,446.52,0.04,9.92,9.88,2.76,18.07,21.2,3.93
1785848400,2026-08-04 13:00:00,2,481.68,0.08,10.6,8,2.85,19.9,23.65,4.69
1785852000,2026-08-04 14:00:00,2,514.89,0.23,10.48,5.31,2.62,21.78,25.98,4.23
1785855600,2026-08-04 15:00:00,2,535.05,0.59,9.52,3.99,2.3,22.68,26.93,3.44
1785859200,2026-08-04 16:00:00,2,539.62,1.19,7.98,3.79,1.94,22.24,26.18,2.9
1785862800,2026-08-04 17:00:00,2,542.41,1.86,6.6,3.44,1.62,21.61,25.07,2.92
1785866400,2026-08-04 18:00:00,2,542.84,2.45,5.59,3.14,1.45,21.06,23.96,3.23
1785870000,2026-08-04 19:00:00,2,532.76,2.88,4.81,3.15,1.39,20.12,22.47,3.73
1785873600,2026-08-04 20:00:00,2,516.57,3.29,4.16,3.18,1.4,19.04,21.05,4.29
1785877200,2026-08-04 21:00:00,2,502.4,3.71,3.65,3.06,1.45,18.15,19.99,4.88
1785880800,2026-08-04 22:00:00,2,491.19,4.12,3.28,2.77,1.52,17.55,19.32,5.37
1785884400,2026-08-04 23:00:00,2,482.61,4.44,3.03,2.41,1.64,17.02,18.85,5.52
1785888000,2026-08-05 00:00:00,2,488.56,5.03,2.87,2.17,2,17.14,19.58,5.63
1785891600,2026-08-05 01:00:00,2,514.45,6.03,2.95,2.3,2.41,17.85,21.1,5.44
1785895200,2026-08-05 02:00:00,2,524.08,6.42,3.31,3.17,2.49,17.98,21.55,4.49
1785898800,2026-08-05 03:00:00,2,490.92,5.42,4.11,5.06,2.36,16.48,19.64,3.23
1785902400,2026-08-05 04:00:00,2,391.72,2.69,5.32,9.31,2.09,12.45,14.55,1.93
1785906000,2026-08-05 05:00:00,2,349.95,1.28,5.55,11.95,1.93,11.32,13.35,1.78
1785909600,2026-08-05 06:00:00,2,334.78,0.77,5.26,15.71,1.84,11.43,13.51,1.9
1785913200,2026-08-05 07:00:00,2,331.25,0.6,4.67,19.06,1.78,12.25,14.46,2.12
1785916800,2026-08-05 08:00:00,2,343.34,0.51,4.58,19.29,1.86,14.17,16.61,2.13
1785920400,2026-08-05 09:00:00,2,356.77,0.37,4.87,20.19,2.01,15.6,18.1,2.29
1785924000,2026-08-05 10:00:00,2,372.01,0.22,5.54,19.21,2.16,16.37,18.91,2.53
1785927600,2026-08-05 11:00:00,2,390.1,0.09,6.3,14.03,2.27,16.97,19.83,2.75
1785931200,2026-08-05 12:00:00,2,398.47,0.02,6.51,11.06,2.35,17.09,20.23,3.05
1785934800,2026-08-05 13:00:00,2,404.95,0.03,6.55,9.46,2.38,17.42,20.78,3.36
1785938400,2026-08-05 14:00:00,2,417.3,0.05,6.4,7.42,2.21,17.98,21.44,3.23
1785942000,2026-08-05 15:00:00,2,426.64,0.08,6,5.56,1.97,18.05,21.26,2.92
1785945600,2026-08-05 16:00:00,2,427.29,0.13,5.47,3.92,1.7,17.46,20.21,2.58
1785949200,2026-08-05 17:00:00,2,429.02,0.2,5.19,2.57,1.43,17.03,19.28,2.35
1785952800,2026-08-05 18:00:00,2,437.84,0.32,5.12,1.63,1.25,17.04,19.11,2.24
1785956400,2026-08-05 19:00:00,2,447.77,0.46,5.13,1.1,1.15,17.07,19.13,2.19
1785960000,2026-08-05 20:00:00,2,450.02,0.57,5.19,0.85,1.09,16.74,18.73,2.12
1785963600,2026-08-05 21:00:00,2,447.55,0.62,5.36,0.75,1.08,16.27,18.19,2.07
1785967200,2026-08-05 22:00:00,2,444.28,0.61,5.6,0.74,1.13,15.85,17.66,2.04
1785970800,2026-08-05 23:00:00,2,444.26,0.55,5.73,0.86,1.23,15.55,17.37,1.96
1785974400,2026-08-06 00:00:00,2,442.89,0.65,5.58,1.78,1.43,15.25,17.36,1.93
1785978000,2026-08-06 01:00:00,2,440.81,0.88,5.15,5.9,1.6,14.23,16.23,1.77
1785981600,2026-08-06 02:00:00,2,444.11,1.04,4.74,10.25,1.72,13.98,16,1.77
1785985200,2026-08-06 03:00:00,2,447.42,0.97,4.41,15.75,1.85,14.65,16.71,1.88
1785988800,2026-08-06 04:00:00,2,429.89,0.62,4,24.22,1.97,15.49,17.38,1.9
1785992400,2026-08-06 05:00:00,2,405.82,0.32,3.62,30.25,2.04,16.13,17.84,1.78
1785996000,2026-08-06 06:00:00,2,385.91,0.19,3.33,33.19,2.03,16.25,17.78,1.63
1785999600,2026-08-06 07:00:00,2,378.66,0.18,3.58,32.42,1.98,16.32,17.95,1.86
1786003200,2026-08-06 08:00:00,2,404.76,0.29,4.32,29.08,2.07,18.46,20.66,2.5
1786006800,2026-08-06 09:00:00,2,439.24,0.41,5.15,26.85,2.25,21.23,23.93,3.15
1786010400,2026-08-06 10:00:00,2,478.13,0.38,6.52,20.8,2.51,23.75,26.9,3.82
1786014000,2026-08-06 11:00:00,3,511.15,0.15,7.8,14.09,2.63,25.26,28.78,3.94
1786017600,2026-08-06 12:00:00,3,530.15,0.05,8.09,10.51,2.67,25.76,29.69,3.84
1786021200,2026-08-06 13:00:00,3,548.31,0.07,7.98,8.48,2.63,26.45,30.87,3.63
1786024800,2026-08-06 14:00:00,3,562.24,0.1,7.61,6.96,2.39,27.12,31.78,3.22
1786028400,2026-08-06 15:00:00,3,560.67,0.11,6.97,6.06,2.09,27.09,31.71,2.83
1786032000,2026-08-06 16:00:00,3,548.74,0.11,6.34,5.36,1.75,26.62,30.9,2.59
1786035600,2026-08-06 17:00:00,3,538.59,0.11,5.8,4.6,1.41,26.42,29.86,2.51
1786039200,2026-08-06 18:00:00,3,535.2,0.12,5.41,4.01,1.2,26.74,29.59,2.57
1786042800,2026-08-06 19:00:00,3,529.25,0.1,5.08,5.09,1.1,26.45,28.78,2.59
1786046400,2026-08-06 20:00:00,3,518.7,0.11,4.83,4.99,1.05,25.68,27.84,2.54
1786050000,2026-08-06 21:00:00,2,509.49,0.15,4.71,4.13,1.02,24.81,26.85,2.46
1786053600,2026-08-06 22:00:00,2,504.28,0.22,4.65,3.21,1.03,23.96,25.93,2.5
1786057200,2026-08-06 23:00:00,2,501.71,0.37,4.5,2.5,1.09,23.04,24.99,2.7
1786060800,2026-08-07 00:00:00,2,504.55,0.81,4.32,2.2,1.37,22.2,24.56,3.04
1786064400,2026-08-07 01:00:00,2,517.21,1.62,4.1,2.48,1.69,21.56,24.41,3.09
1786068000,2026-08-07 02:00:00,2,508.59,1.82,4.03,3.83,1.74,20.17,23.13,2.53
1786071600,2026-08-07 03:00:00,2,462.2,1.21,3.9,8.02,1.67,17.49,20.01,1.93
1786075200,2026-08-07 04:00:00,1,287.48,0.25,1.76,34.01,0.91,8.76,9.54,0.7
1786078800,2026-08-07 05:00:00,1,253.48,0.13,1.26,42.85,0.75,8.02,8.57,0.64
1786082400,2026-08-07 06:00:00,1,254.87,0.1,1.25,47.12,0.82,9.1,9.65,0.72
1786086000,2026-08-07 07:00:00,1,259.96,0.07,1.44,47.79,0.9,9.83,10.41,0.8
1786089600,2026-08-07 08:00:00,1,262.03,0.06,1.63,45.72,0.96,9.96,10.57,0.86
1786093200,2026-08-07 09:00:00,2,265.1,0.04,1.85,44.45,1.02,10.04,10.7,0.93
1786096800,2026-08-07 10:00:00,2,290.72,0.06,3,36.61,1.31,11.18,12.34,1.65
1786100400,2026-08-07 11:00:00,2,329.97,0.03,4.58,25.31,1.6,13.06,14.95,2.09
1786104000,2026-08-07 12:00:00,2,362.99,0.01,5.49,17.68,1.7,14.68,17.18,2.01
1786107600,2026-08-07 13:00:00,2,386.83,0.02,5.92,11.78,1.74,16.22,19.51,2.03
1786111200,2026-08-07 14:00:00,2,400.75,0.06,5.91,7.8,1.74,17.35,21.23,2.02
1786114800,2026-08-07 15:00:00,2,401.85,0.11,5.5,5.73,1.66,17.59,21.52,1.94
1786118400,2026-08-07 16:00:00,2,391.59,0.16,4.95,4.42,1.49,17.08,20.64,1.85
1786122000,2026-08-07 17:00:00,2,381.45,0.21,4.54,3.39,1.25,16.49,19.41,1.83
1786125600,2026-08-07 18:00:00,2,371.32,0.25,4.16,2.73,1.03,15.95,18.28,1.89
1786129200,2026-08-07 19:00:00,2,361.13,0.3,3.82,2.33,0.88,15.34,17.3,2.07
1786132800,2026-08-07 20:00:00,2,355.95,0.38,3.6,1.85,0.79,14.92,16.77,2.39
1786136400,2026-08-07 21:00:00,2,354.5,0.52,3.42,1.66,0.78,14.66,16.52,2.75
1786140000,2026-08-07 22:00:00,2,356.44,0.73,3.27,1.76,0.82,14.55,16.55,3.03
1786143600,2026-08-07 23:00:00,2,355.37,0.85,3.07,2.11,0.87,14.11,16.18,2.98
1786147200,2026-08-08 00:00:00,2,355.65,1.12,2.73,3.36,1.04,13.55,15.87,2.92
1786150800,2026-08-08 01:00:00,2,361.12,1.62,2.38,6.21,1.23,13.01,15.57,2.79
1786154400,2026-08-08 02:00:00,2,374.07,1.9,2.49,7.81,1.4,13.4,16.29,2.86
1786158000,2026-08-08 03:00:00,2,384.58,1.47,3,13.3,1.52,14.76,17.83,3.07
1786161600,2026-08-08 04:00:00,1,243.36,0.14,1.1,56.94,0.88,8.01,8.77,0.85
1786165200,2026-08-08 05:00:00,2,212.51,0.07,0.7,70.12,0.6,7.07,7.53,0.64
1786168800,2026-08-08 06:00:00,2,204.74,0.07,0.66,73.26,0.56,7.32,7.73,0.63
1786172400,2026-08-08 07:00:00,2,224.11,0.13,1.39,73.38,0.9,9.04,9.85,1.77
1786176000,2026-08-08 08:00:00,2,264.6,0.19,2.85,74.11,1.61,11.77,13.31,4.12
1786179600,2026-08-08 09:00:00,2,308,0.15,4.76,74.49,2.42,14.01,16.24,6.66
1786183200,2026-08-08 10:00:00,2,362.1,0.18,7.12,62.08,3.23,16.31,19.27,9.12
1786186800,2026-08-08 11:00:00,2,391.45,0.14,8.26,45.11,3.38,17.92,21.32,9.3
1786190400,2026-08-08 12:00:00,2,389.03,0.01,7.62,32.11,2.88,17.94,21.43,7.06
1786194000,2026-08-08 13:00:00,2,371.23,0,6.43,23.26,2.2,17.15,20.72,4.23
1786197600,2026-08-08 14:00:00,2,364.45,0.01,5.84,17.96,1.83,16.63,20.33,3.18
1786201200,2026-08-08 15:00:00,2,353.6,0.01,5.27,15.23,1.52,15.77,19.3,2.65
1786204800,2026-08-08 16:00:00,2,338,0.02,4.69,14,1.24,14.48,17.61,2.26
1786208400,2026-08-08 17:00:00,2,329.12,0.04,4.34,10.64,0.98,13.65,16.45,2.05
1786212000,2026-08-08 18:00:00,2,323.27,0.09,4.04,7.56,0.81,13.11,15.66,1.96
1786215600,2026-08-08 19:00:00,2,318.99,0.18,3.72,5.47,0.71,12.64,15.01,1.98
1786219200,2026-08-08 20:00:00,2,320.35,0.37,3.46,4.65,0.68,12.38,14.66,2.15
1786222800,2026-08-08 21:00:00,2,325.41,0.65,3.19,4.8,0.69,12.32,14.57,2.4
1786226400,2026-08-08 22:00:00,2,332.98,1.02,2.89,5.63,0.72,12.41,14.67,2.56
1786230000,2026-08-08 23:00:00,2,334.95,1.27,2.61,5.9,0.76,12.15,14.4,2.52
1786233600,2026-08-09 00:00:00,2,331.88,1.71,2.04,7.8,0.93,11.5,13.87,2.52
1786237200,2026-08-09 01:00:00,1,312.28,1.72,1.74,14.94,1.07,9.96,12.15,2.3
1786240800,2026-08-09 02:00:00,2,316.76,1.48,2.19,20.72,1.23,10.91,13.29,2.63
1786244400,2026-08-09 03:00:00,2,315.2,0.67,2.3,34.77,1.34,16.6,19.01,2.95
1786248000,2026-08-09 04:00:00,1,191.65,0.1,0.65,54.03,0.65,5.75,6.32,0.75
1786251600,2026-08-09 05:00:00,2,174.26,0.07,0.5,62.86,0.47,4.42,4.78,0.58
1786255200,2026-08-09 06:00:00,2,171.71,0.08,0.48,65.66,0.48,4.87,5.22,0.64
1786258800,2026-08-09 07:00:00,1,176.14,0.1,0.6,57.88,0.57,5.73,6.26,0.96
1786262400,2026-08-09 08:00:00,1,182.16,0.13,0.81,47.16,0.67,6.44,7.26,1.28
1786266000,2026-08-09 09:00:00,1,188.88,0.13,1.1,42.31,0.76,6.88,7.94,1.54
1786269600,2026-08-09 10:00:00,1,206.01,0.19,1.88,39.71,1.06,7.64,9.09,2.48
1786273200,2026-08-09 11:00:00,1,234.47,0.16,3.08,32.05,1.35,8.61,10.6,3.17
1786276800,2026-08-09 12:00:00,1,258.1,0.02,4,23.31,1.45,9.14,11.52,3.29
1786280400,2026-08-09 13:00:00,1,274.68,0.01,4.32,16.68,1.43,9.48,12.1,2.9
1786284000,2026-08-09 14:00:00,1,287.13,0.02,4.4,12.39,1.35,9.73,12.55,2.59
1786287600,2026-08-09 15:00:00,1,291.93,0.03,4.2,9.43,1.23,9.66,12.66,2.29
1786291200,2026-08-09 16:00:00,1,287.89,0.04,3.85,7.47,1.07,9.24,12.12,2.01
1786294800,2026-08-09 17:00:00,1,285.39,0.07,3.61,6.16,0.9,8.93,11.49,1.85
1786298400,2026-08-09 18:00:00,1,288.24,0.1,3.48,5.65,0.84,8.92,11.25,1.81
1786302000,2026-08-09 19:00:00,1,293.08,0.2,3.33,5.05,0.8,9.03,11.26,1.94
1786305600,2026-08-09 20:00:00,1,299.57,0.47,3.13,3.28,0.79,9.35,11.66,2.24
1786309200,2026-08-09 21:00:00,1,306.06,0.88,2.85,2.28,0.81,9.67,12.1,2.62
1786312800,2026-08-09 22:00:00,1,313.06,1.35,2.59,1.79,0.85,9.97,12.54,2.82
1786316400,2026-08-09 23:00:00,2,317.2,1.67,2.39,1.82,0.91,10.04,12.7,2.66
1786320000,2026-08-10 00:00:00,1,318.65,2.05,2.07,3.42,1.12,9.88,12.78,2.53
1786323600,2026-08-10 01:00:00,1,286.24,1.76,2.09,10.99,1.44,8.06,10.49,2.1
1786327200,2026-08-10 02:00:00,1,284.62,1.54,2.51,15.92,1.73,8.43,10.98,2.35
1786330800,2026-08-10 03:00:00,2,285.32,0.85,2.8,27.53,1.92,12.28,14.93,2.63
1786334400,2026-08-10 04:00:00,2,277.24,0.34,2.26,48.7,1.87,20.76,23.25,2.77
1786338000,2026-08-10 05:00:00,3,304.78,0.26,2.63,56.59,1.99,27.84,30.74,3.74
1786341600,2026-08-10 06:00:00,3,340.02,0.21,3.74,60.59,2.43,31.67,35.03,5.11
1786345200,2026-08-10 07:00:00,3,377.07,0.2,5.31,62.48,3.2,32.78,36.43,6.9
1786348800,2026-08-10 08:00:00,3,408.07,0.26,6.37,61.99,3.85,33.7,37.55,8.39
1786352400,2026-08-10 09:00:00,3,437.36,0.34,7.26,61.63,4.37,35.43,39.44,9.53
1786356000,2026-08-10 10:00:00,3,453.26,0.39,7.87,53.5,4.56,37.48,41.81,9.68
1786359600,2026-08-10 11:00:00,3,449.3,0.14,8.08,36.33,4.01,33.79,38.4,8.01
1786363200,2026-08-10 12:00:00,3,424.7,0.04,7.23,23.39,3.23,27.87,32.41,5.65
1786366800,2026-08-10 13:00:00,2,401.06,0.06,6.57,15.61,2.67,22.76,27.16,4.32
1786370400,2026-08-10 14:00:00,2,389.06,0.07,6.2,10.33,2.28,19.49,23.83,3.85
1786374000,2026-08-10 15:00:00,2,374.34,0.1,5.75,6.87,1.95,16.69,20.94,3.57
1786377600,2026-08-10 16:00:00,2,354.34,0.14,5.19,4.66,1.62,14.16,18.04,3.15
1786381200,2026-08-10 17:00:00,2,329.43,0.17,4.54,3.55,1.24,12,15.15,2.47
1786384800,2026-08-10 18:00:00,2,306.16,0.18,4.01,3.21,1.01,10.39,12.91,2.05
1786388400,2026-08-10 19:00:00,1,286.53,0.18,3.56,3.25,0.87,9.17,11.31,1.83
1786392000,2026-08-10 20:00:00,1,278.93,0.23,3.34,3.16,0.81,8.62,10.67,1.82
1786395600,2026-08-10 21:00:00,1,279.71,0.34,3.21,3.61,0.79,8.5,10.51,1.89
1786399200,2026-08-10 22:00:00,1,285.7,0.51,3.04,4.87,0.8,8.48,10.4,1.93
1786402800,2026-08-10 23:00:00,1,290.19,0.69,2.82,4.47,0.84,8.42,10.47,1.96
1786406400,2026-08-11 00:00:00,1,291.33,1.23,2.2,5.65,1.05,8.14,10.46,2.1
1786410000,2026-08-11 01:00:00,1,289.27,1.71,1.95,10.34,1.34,7.61,10.05,2.12
1786413600,2026-08-11 02:00:00,1,294.75,1.6,2.48,12.66,1.52,7.79,10.3,2.07
1786417200,2026-08-11 03:00:00,1,291.18,1.02,3.01,14.69,1.55,7.85,10.15,1.91
1786420800,2026-08-11 04:00:00,1,252.62,0.47,2.84,20.97,1.45,6.37,7.99,1.57
1786424400,2026-08-11 05:00:00,1,217.44,0.28,2.42,24.5,1.37,4.94,6.13,1.36
1786428000,2026-08-11 06:00:00,1,194.46,0.23,2.03,26.89,1.31,4.13,5.04,1.22
1786431600,2026-08-11 07:00:00,1,170.09,0.2,1.16,33.93,1.02,3.59,4.23,0.99
1786435200,2026-08-11 08:00:00,1,164.14,0.15,1.14,37.48,1.04,3.56,4.18,1.08
1786438800,2026-08-11 09:00:00,1,165.48,0.17,1.29,39,1.13,3.78,4.46,1.24
1786442400,2026-08-11 10:00:00,1,182.45,0.25,2.07,31.77,1.43,4.68,5.8,1.89
1786446000,2026-08-11 11:00:00,1,210.59,0.22,3.38,21.62,1.74,5.83,7.66,2.49
1786449600,2026-08-11 12:00:00,1,231.58,0.04,4.28,14.53,1.8,6.38,8.81,2.6
1786453200,2026-08-11 13:00:00,1,243.86,0.05,4.45,10.7,1.75,6.7,9.66,2.58
1786456800,2026-08-11 14:00:00,1,251.99,0.07,4.3,8.59,1.65,6.92,10.24,2.5
1786460400,2026-08-11 15:00:00,1,254.79,0.09,3.98,7.13,1.52,6.99,10.39,2.43
1786464000,2026-08-11 16:00:00,1,257.1,0.11,3.72,5.74,1.33,7,10.18,2.29
1786467600,2026-08-11 17:00:00,1,261.26,0.14,3.55,4.24,1.09,7.07,10.08,1.98
1786471200,2026-08-11 18:00:00,1,264.08,0.18,3.38,3.15,0.92,7.14,9.89,1.81
1786474800,2026-08-11 19:00:00,1,265.56,0.23,3.17,2.47,0.83,7.16,9.68,1.76
1786478400,2026-08-11 20:00:00,1,267.36,0.27,3.03,2.22,0.78,7.15,9.44,1.78
1786482000,2026-08-11 21:00:00,1,270.17,0.32,2.93,2.42,0.77,7.11,9.22,1.82
1786485600,2026-08-11 22:00:00,1,271.78,0.39,2.85,3.09,0.79,6.98,8.94,1.86
1786489200,2026-08-11 23:00:00,1,271.18,0.48,2.69,3.49,0.86,6.78,8.68,1.92
1786492800,2026-08-12 00:00:00,1,273.6,1.17,1.89,5.96,1.06,6.67,8.8,2.09
1786496400,2026-08-12 01:00:00,1,264.35,1.53,1.7,16.25,1.36,6.07,8.24,2.16
1786500000,2026-08-12 02:00:00,1,256.58,1.01,2.2,27.6,1.59,7.36,9.58,2.4
1786503600,2026-08-12 03:00:00,2,241.94,0.41,1.8,43.98,1.72,12.9,15,2.48
1786507200,2026-08-12 04:00:00,1,178.11,0.17,0.85,50.44,1.24,9.56,10.57,1.29
1786510800,2026-08-12 05:00:00,1,158.48,0.14,0.7,50.39,1.02,8.21,8.95,1.08
1786514400,2026-08-12 06:00:00,1,156.14,0.13,0.74,51.68,1.04,8.68,9.41,1.17
1786518000,2026-08-12 07:00:00,1,162.94,0.14,0.93,53.74,1.24,9.77,10.61,1.45
1786521600,2026-08-12 08:00:00,2,175.34,0.17,1.2,55.9,1.56,11.7,12.77,1.89
1786525200,2026-08-12 09:00:00,2,186.34,0.2,1.51,55.53,1.71,12.78,13.99,2.13
1786528800,2026-08-12 10:00:00,2,208.52,0.28,2.38,45.04,1.75,13.16,14.78,2.58
1786532400,2026-08-12 11:00:00,2,248.08,0.24,4.01,30.77,1.85,13.36,15.72,3.12
1786536000,2026-08-12 12:00:00,2,281.48,0.02,5.3,19.87,1.95,12.85,16.01,3.29
1786539600,2026-08-12 13:00:00,2,305.28,0.02,5.8,13.14,1.99,12.57,16.56,3.27
1786543200,2026-08-12 14:00:00,2,312.1,0.06,5.59,8.81,1.86,11.85,16.22,2.98
1786546800,2026-08-12 15:00:00,2,300.58,0.1,4.99,6.34,1.64,10.5,14.79,2.59
1786550400,2026-08-12 16:00:00,1,280.21,0.12,4.36,5.19,1.37,9.05,12.9,2.25
1786554000,2026-08-12 17:00:00,1,268.05,0.14,4.01,4.47,1.11,8.28,11.57,2.05
1786557600,2026-08-12 18:00:00,1,260.23,0.16,3.74,3.96,0.94,7.91,10.76,1.96
1786561200,2026-08-12 19:00:00,1,250.32,0.17,3.41,3.65,0.83,7.51,9.98,1.87
1786564800,2026-08-12 20:00:00,1,239.98,0.17,3.15,3.77,0.77,7.04,9.19,1.79
1786568400,2026-08-12 21:00:00,1,230.65,0.15,2.98,4.66,0.75,6.6,8.47,1.71
1786572000,2026-08-12 22:00:00,1,220.54,0.13,2.8,7.89,0.78,6,7.61,1.67
1786575600,2026-08-12 23:00:00,1,215.7,0.15,2.69,8.92,0.83,5.68,7.23,1.75
1786579200,2026-08-13 00:00:00,1,215.22,0.58,2.19,11.66,1.03,5.51,7.28,1.91
1786582800,2026-08-13 01:00:00,1,215.74,1.26,1.67,19,1.33,5.4,7.35,2.07
1786586400,2026-08-13 02:00:00,1,220.05,1.21,1.97,25.98,1.6,6.46,8.61,2.41
1786590000,2026-08-13 03:00:00,2,217.54,0.6,1.97,40.04,1.8,11.87,14.03,2.6
1786593600,2026-08-13 04:00:00,2,192.98,0.21,1.35,55.16,1.65,14.07,15.59,1.94
1786597200,2026-08-13 05:00:00,2,205.55,0.17,1.74,60.91,1.73,15.43,17.1,2.31
1786600800,2026-08-13 06:00:00,2,226.86,0.11,2.67,62.2,2.05,17.01,19.13,2.99
1786604400,2026-08-13 07:00:00,2,251.53,0.04,3.81,55.72,2.46,17.7,20.08,3.55
1786608000,2026-08-13 08:00:00,2,268.35,0.06,4.53,44.22,2.67,17.86,20.34,3.72
1786611600,2026-08-13 09:00:00,2,281.05,0.11,5.12,35.98,2.79,18.11,20.65,3.57
1786615200,2026-08-13 10:00:00,2,284.46,0.24,5.44,28.66,2.71,18.03,20.66,3.34
1786618800,2026-08-13 11:00:00,2,284.44,0.09,5.76,21.81,2.56,17.02,19.74,3.03
1786622400,2026-08-13 12:00:00,2,275.75,0.03,5.28,17.95,2.33,14.85,17.49,2.77
1786626000,2026-08-13 13:00:00,2,282.74,0.04,5.12,13.93,2.07,13.61,16.46,2.89
1786629600,2026-08-13 14:00:00,2,305.14,0.05,5.42,9.82,1.9,13.68,17.09,3.26
1786633200,2026-08-13 15:00:00,2,320.22,0.08,5.51,7.17,1.82,13.65,17.46,3.72
1786636800,2026-08-13 16:00:00,2,328.2,0.15,5.45,5.15,1.69,13.49,17.47,3.93
1786640400,2026-08-13 17:00:00,2,333.41,0.3,5.2,3.33,1.44,13.46,17.34,3.68
1786644000,2026-08-13 18:00:00,2,339.29,0.54,4.93,2.21,1.32,13.76,17.6,3.97
1786647600,2026-08-13 19:00:00,2,341.2,0.87,4.48,1.68,1.27,13.95,17.7,4.28
1786651200,2026-08-13 20:00:00,2,330.72,1.04,3.92,1.61,1.12,13.33,16.79,3.66
1786654800,2026-08-13 21:00:00,2,313.16,1.06,3.51,1.7,1,12.29,15.37,2.99
1786658400,2026-08-13 22:00:00,2,297.29,1.01,3.25,1.84,0.94,11.21,13.97,2.52
1786662000,2026-08-13 23:00:00,2,287.85,0.98,3.17,2.18,0.97,10.43,13.05,2.33
1786665600,2026-08-14 00:00:00,1,286.5,1.29,2.86,3.83,1.18,9.98,12.79,2.35
1786669200,2026-08-14 01:00:00,1,283.78,2.02,2.21,10.23,1.53,9.27,12.18,2.36
1786672800,2026-08-14 02:00:00,1,284.7,1.92,2.65,17.3,1.87,9.88,13.09,2.55
1786676400,2026-08-14 03:00:00,2,283.94,1.01,2.96,33.04,2.18,15.5,18.82,2.85
1786680000,2026-08-14 04:00:00,2,220.04,0.13,2.36,40.15,2.07,12.86,14.82,1.78
1786683600,2026-08-14 05:00:00,2,234.29,0.12,3,34.62,2.17,13.33,15.32,1.94
1786687200,2026-08-14 06:00:00,2,282.62,0.1,4.14,31.56,2.43,16.44,18.57,2.01
1786690800,2026-08-14 07:00:00,2,354.85,0.08,5.71,29.05,2.71,21.37,23.61,2.08
1786694400,2026-08-14 08:00:00,3,423.58,0.14,7.32,27.32,2.96,26.52,28.85,2.2
1786698000,2026-08-14 09:00:00,3,465.57,0.2,8.48,26.94,3.1,30.08,32.41,2.37
1786701600,2026-08-14 10:00:00,3,493.81,0.29,9.23,23.08,3.08,32.59,35.29,2.75
1786705200,2026-08-14 11:00:00,3,517.4,0.12,10.02,16.18,3,34.35,37.78,3.14
1786708800,2026-08-14 12:00:00,3,532.38,0.03,10.18,11.73,2.94,34.65,38.71,3.45
1786712400,2026-08-14 13:00:00,3,548,0.05,10.15,8.84,2.91,34.7,39.28,3.83
1786716000,2026-08-14 14:00:00,3,555.52,0.09,9.76,6.37,2.74,34.44,39.35,3.9
1786719600,2026-08-14 15:00:00,3,544.25,0.15,8.88,4.35,2.48,32.65,37.65,3.78
1786723200,2026-08-14 16:00:00,3,521.64,0.28,7.81,2.68,2.14,30,34.78,3.56
1786726800,2026-08-14 17:00:00,3,504.17,0.51,6.82,1.38,1.74,28.01,32.32,3.38
1786730400,2026-08-14 18:00:00,3,489.38,0.84,5.8,0.65,1.42,26.73,30.43,3.4
1786734000,2026-08-14 19:00:00,3,469.07,1.2,4.82,0.37,1.21,25.2,28.21,3.51
1786737600,2026-08-14 20:00:00,2,444.95,1.46,4.14,0.38,1.1,23.39,25.87,3.61
1786741200,2026-08-14 21:00:00,2,426.2,1.65,3.71,0.58,1.05,22.04,24.16,3.76
1786744800,2026-08-14 22:00:00,2,415.01,1.88,3.37,0.91,1.01,21.28,23.18,3.7
1786748400,2026-08-14 23:00:00,2,398.58,2.03,3,1.21,0.97,20.03,21.85,3.2
1786752000,2026-08-15 00:00:00,2,372.75,2.16,2.52,2.45,1.05,17.87,19.83,2.7
1786755600,2026-08-15 01:00:00,2,314.03,1.46,2.65,7.09,1.32,13.82,15.65,2.06
1786759200,2026-08-15 02:00:00,2,298.57,1.37,2.59,10.8,1.56,12.88,14.99,2.12
1786762800,2026-08-15 03:00:00,2,287.89,0.93,2.67,19.4,1.83,13.76,16.1,2.29
1786766400,2026-08-15 04:00:00,1,200.6,0.22,1.21,37.43,1.19,9.08,10.2,1.2
1786770000,2026-08-15 05:00:00,1,177.9,0.12,0.85,39.08,0.92,7.87,8.77,1.07
1786773600,2026-08-15 06:00:00,1,178.61,0.11,0.96,39.55,0.96,8.54,9.47,1.18
1786777200,2026-08-15 07:00:00,2,205.12,0.17,1.83,38.11,1.29,10.59,11.96,2.21
1786780800,2026-08-15 08:00:00,2,250.82,0.24,3.22,36.18,1.76,13.34,15.43,3.77
1786784400,2026-08-15 09:00:00,2,292.59,0.2,4.8,35.02,2.26,15.23,17.86,5.28
1786788000,2026-08-15 10:00:00,2,330.61,0.14,6.36,27.32,2.56,16.64,19.77,6.23
1786791600,2026-08-15 11:00:00,2,349.59,0.07,6.67,18.16,2.27,17.3,20.8,4.91
1786795200,2026-08-15 12:00:00,2,338.87,0.02,5.98,15.02,1.97,16.65,20.11,3.48
1786798800,2026-08-15 13:00:00,2,313.33,0.03,5.19,15.25,1.84,15.31,18.54,3.09
1786802400,2026-08-15 14:00:00,2,309.47,0.04,5.1,14.25,1.79,14.92,18.17,3.42
1786806000,2026-08-15 15:00:00,2,304.59,0.04,5.06,13.35,1.72,14.32,17.37,3.85
1786809600,2026-08-15 16:00:00,2,295.2,0.04,4.89,11.97,1.56,13.14,15.75,3.95
1786813200,2026-08-15 17:00:00,2,284.67,0.06,4.48,9.48,1.27,11.98,14.09,3.28
1786816800,2026-08-15 18:00:00,2,275.47,0.1,3.98,6.92,1.02,10.93,12.65,2.35
1786820400,2026-08-15 19:00:00,2,269.92,0.17,3.57,4.55,0.83,10.14,11.65,1.84
1786824000,2026-08-15 20:00:00,1,269.71,0.25,3.37,2.74,0.72,9.64,11.03,1.87
1786827600,2026-08-15 21:00:00,1,271.19,0.34,3.21,1.71,0.69,9.23,10.57,2.07
1786831200,2026-08-15 22:00:00,1,272.45,0.44,3.07,1.25,0.71,8.95,10.35,2.22
1786834800,2026-08-15 23:00:00,1,270.77,0.48,2.92,1.3,0.74,8.6,10.05,2.16
1786838400,2026-08-16 00:00:00,1,268.43,0.94,2.24,3.06,0.89,8.21,9.88,2.13
1786842000,2026-08-16 01:00:00,1,246.71,1.14,1.71,11.46,1.12,6.93,8.51,1.9
1786845600,2026-08-16 02:00:00,1,239.66,0.9,1.8,18.78,1.29,7.31,9,2.01
1786849200,2026-08-16 03:00:00,2,230.36,0.43,1.58,31.33,1.43,10.6,12.28,2.07
1786852800,2026-08-16 04:00:00,1,156.95,0.12,0.6,44.82,0.73,5.8,6.39,0.84
1786856400,2026-08-16 05:00:00,1,137.46,0.09,0.47,44.73,0.5,3.95,4.32,0.64
1786860000,2026-08-16 06:00:00,1,134.35,0.09,0.49,45.06,0.5,3.91,4.27,0.68
1786863600,2026-08-16 07:00:00,1,136.39,0.09,0.58,44.52,0.55,4.14,4.53,0.8
1786867200,2026-08-16 08:00:00,1,138.83,0.09,0.67,41.48,0.59,4.23,4.67,0.9
1786870800,2026-08-16 09:00:00,1,141.28,0.08,0.78,38.33,0.61,4.22,4.7,0.93
1786874400,2026-08-16 10:00:00,1,162.36,0.15,1.67,28.74,0.84,5.15,6.11,1.57
1786878000,2026-08-16 11:00:00,1,201.19,0.15,3.23,19.06,1.15,6.71,8.45,2.31
1786881600,2026-08-16 12:00:00,1,238.02,0.03,4.58,12.82,1.37,8.04,10.56,2.78
1786885200,2026-08-16 13:00:00,1,284.61,0.07,5.75,8.15,1.6,9.99,13.44,3.46
1786888800,2026-08-16 14:00:00,2,335.28,0.22,6.42,4.43,1.7,12.28,16.72,3.86
1786892400,2026-08-16 15:00:00,2,370,0.69,6.02,2.56,1.69,13.94,18.99,4.11
1786896000,2026-08-16 16:00:00,2,384.52,1.41,5.03,1.95,1.58,14.6,19.66,4.36
1786899600,2026-08-16 17:00:00,2,383.13,1.95,4.27,1.62,1.41,14.48,18.79,4.73
1786903200,2026-08-16 18:00:00,2,378.38,2.39,3.79,1.36,1.39,14.29,18.11,5.47
1786906800,2026-08-16 19:00:00,2,360.07,2.46,3.48,1.28,1.36,13.48,16.68,5.72
1786910400,2026-08-16 20:00:00,2,333.24,2.09,3.3,1.44,1.17,12.17,14.75,4.7
1786914000,2026-08-16 21:00:00,2,309.77,1.62,3.28,1.81,1.01,10.97,13.1,3.72
1786917600,2026-08-16 22:00:00,2,293.54,1.27,3.28,2.24,0.93,10.1,11.96,3
1786921200,2026-08-16 23:00:00,1,284.24,1.15,3.15,2.53,0.92,9.48,11.34,2.59
1786924800,2026-08-17 00:00:00,1,277.65,1.42,2.69,4.11,1.1,8.94,11.08,2.4
1786928400,2026-08-17 01:00:00,1,249.33,1.49,2.39,10.44,1.43,7.26,9.34,2.13
1786932000,2026-08-17 02:00:00,1,246.66,1.66,2.32,15.12,1.72,7.16,9.48,2.4
1786935600,2026-08-17 03:00:00,1,249.98,1.29,2.65,24.72,1.96,9,11.56,2.73
1786939200,2026-08-17 04:00:00,2,253.71,0.6,2.78,46.83,2.13,16.66,19.36,3.22
1786942800,2026-08-17 05:00:00,3,286.83,0.35,3.36,60.37,2.73,28.19,31.69,5.29
1786946400,2026-08-17 06:00:00,3,332.86,0.26,4.63,69.54,3.59,36.55,40.86,7.7
1786950000,2026-08-17 07:00:00,3,380.81,0.21,6.26,74.28,4.45,42.16,46.94,9.64
1786953600,2026-08-17 08:00:00,3,393.65,0.16,6.67,73.38,4.71,44.83,49.27,9.38
1786957200,2026-08-17 09:00:00,3,363.23,0.08,5.89,67.04,4.2,40.3,43.76,7.02
1786960800,2026-08-17 10:00:00,3,323.52,0.09,4.97,49.41,3.24,30.94,33.58,4.46
1786964400,2026-08-17 11:00:00,3,352.89,0.07,6.03,37.63,3.07,29.5,32.75,4.8
1786968000,2026-08-17 12:00:00,3,396.24,0,7.19,30.73,3.14,30.46,34.63,5.72
1786971600,2026-08-17 13:00:00,3,455.72,0,8.48,26.42,3.49,34.5,39.78,7.2
1786975200,2026-08-17 14:00:00,3,508.2,0,9.53,22,3.9,38.79,44.68,9.05
1786978800,2026-08-17 15:00:00,3,534.6,0.01,10.18,16.55,4.19,40.86,46.85,10.41
1786982400,2026-08-17 16:00:00,3,538.78,0.04,10.24,10.62,4.14,40.25,45.67,10.2
1786986000,2026-08-17 17:00:00,3,521,0.08,9.57,7.05,3.6,37.87,42.22,9.7
1786989600,2026-08-17 18:00:00,3,494.44,0.12,8.51,4.98,2.92,34.99,38.51,8.71
1786993200,2026-08-17 19:00:00,3,459.23,0.19,7.21,3.57,2.25,30.92,33.72,7
1786996800,2026-08-17 20:00:00,3,429.21,0.31,6.22,2.38,1.77,27.44,29.82,5.43
1787000400,2026-08-17 21:00:00,3,411.99,0.4,5.82,1.89,1.55,25.41,27.58,4.44
1787004000,2026-08-17 22:00:00,2,402.82,0.45,5.69,1.87,1.49,23.85,25.85,3.6
1787007600,2026-08-17 23:00:00,2,399.66,0.51,5.53,1.58,1.44,22.48,24.43,2.95
1787011200,2026-08-18 00:00:00,2,390.75,0.61,5.29,1.74,1.51,20.13,22.12,2.5
1787014800,2026-08-18 01:00:00,2,374.74,0.87,4.99,3.7,1.64,17.71,19.71,2.14
1787018400,2026-08-18 02:00:00,2,388.4,1.15,5.39,3.85,1.84,17.58,20.01,2.2
1787022000,2026-08-18 03:00:00,2,411.66,1.33,6.26,4.2,2.06,18.19,20.96,2.42
1787025600,2026-08-18 04:00:00,2,338.66,0.55,6.65,20.95,1.95,14.07,15.85,1.82
1787029200,2026-08-18 05:00:00,2,283.15,0.17,6.14,24.86,1.75,10.91,12.19,1.46
1787032800,2026-08-18 06:00:00,1,251.46,0.13,5.36,26.54,1.56,8.83,9.82,1.24
1787036400,2026-08-18 07:00:00,1,217.97,0.09,4.1,23.78,1.21,6.31,7.17,1.17
1787040000,2026-08-18 08:00:00,1,217.24,0.03,4.15,20.85,1.21,5.79,6.89,1.66
1787043600,2026-08-18 09:00:00,1,237.21,0.01,5.01,20.94,1.43,6.62,8.01,2.37
1787047200,2026-08-18 10:00:00,1,287.02,0.02,7.01,19.34,1.98,9.04,10.98,3.37
1787050800,2026-08-18 11:00:00,2,340.33,0.05,8.74,15.37,2.41,11.63,14.14,3.88
1787054400,2026-08-18 12:00:00,2,371.33,0.14,8.97,12.03,2.54,12.92,15.79,3.77
1787058000,2026-08-18 13:00:00,2,388.94,0.28,8.65,9.46,2.57,13.69,16.77,3.57
1787061600,2026-08-18 14:00:00,2,395.79,0.35,8.01,6.41,2.35,14.08,17.16,3.05
1787065200,2026-08-18 15:00:00,2,390.48,0.41,7.15,4.62,2.06,13.75,16.4,2.51
1787068800,2026-08-18 16:00:00,2,380.42,0.5,6.4,3.21,1.8,13.1,15.32,2.09
1787072400,2026-08-18 17:00:00,2,380.54,0.63,6.16,1.96,1.61,12.95,14.66,1.76
1787076000,2026-08-18 18:00:00,2,396.59,0.75,6.87,1.2,1.56,13.7,15.06,1.47
1787079600,2026-08-18 19:00:00,2,419.27,0.61,9.48,0.96,1.61,15.33,16.35,1.16
1787083200,2026-08-18 20:00:00,2,436.69,0.44,11.15,1.06,1.55,16.33,17.12,1.03
1787086800,2026-08-18 21:00:00,2,443.61,0.23,11.41,2.01,1.41,16.48,17.14,0.94
1787090400,2026-08-18 22:00:00,2,435.74,0.06,10.28,5.43,1.26,15.75,16.3,0.86
1787094000,2026-08-18 23:00:00,2,420.89,0.02,9.01,7.59,1.15,14.52,15.05,0.81
1787097600,2026-08-19 00:00:00,2,408.74,0.06,8.26,8.01,1.15,13.28,13.92,0.81
1787101200,2026-08-19 01:00:00,2,396.58,0.17,7.62,11.46,1.19,12.08,12.81,0.77
1787104800,2026-08-19 02:00:00,2,389.52,0.23,6.94,14.53,1.27,11.3,12.12,0.81
1787108400,2026-08-19 03:00:00,2,385.86,0.22,6.37,16.66,1.35,10.91,11.83,0.88
1787112000,2026-08-19 04:00:00,2,426.32,0.12,6.01,33.79,1.42,11.13,11.95,0.83
1787115600,2026-08-19 05:00:00,2,441.77,0.15,6.11,41.68,1.59,11.59,12.31,0.78
1787119200,2026-08-19 06:00:00,2,447.76,0.24,6.41,45.82,1.77,12.07,12.7,0.73
1787122800,2026-08-19 07:00:00,2,461.56,0.47,6.15,50.35,1.92,13.22,13.98,0.96
1787126400,2026-08-19 08:00:00,2,485.88,0.24,6.76,50.3,2.14,14.77,15.89,1.36
1787130000,2026-08-19 09:00:00,2,510.89,0.15,7.49,49.63,2.44,16.12,17.59,1.72
1787133600,2026-08-19 10:00:00,2,533.56,0.07,8.39,37.01,2.78,17.27,19.18,2.08
1787137200,2026-08-19 11:00:00,2,548.55,0.05,9.06,22.25,3,18.24,20.51,2.05
1787140800,2026-08-19 12:00:00,2,558.19,0.04,9.6,14.07,3.14,19.06,21.58,1.88
1787144400,2026-08-19 13:00:00,2,569.83,0.03,10.24,9.88,3.22,20.07,22.67,1.72
1787148000,2026-08-19 14:00:00,2,580.09,0.04,10.4,8.1,3.07,20.88,23.4,1.59
1787151600,2026-08-19 15:00:00,2,570.75,0.04,9.88,7.97,2.72,20.57,22.79,1.45
1787155200,2026-08-19 16:00:00,2,543.47,0.03,8.9,9.34,2.31,19.19,20.89,1.31
1787158800,2026-08-19 17:00:00,2,521.97,0.03,7.94,10.49,1.91,17.79,19.01,1.18
1787162400,2026-08-19 18:00:00,2,505.2,0.02,7.04,11.48,1.59,16.43,17.35,1.09
1787166000,2026-08-19 19:00:00,2,484.89,0.02,6,12.49,1.28,14.74,15.46,1.01
1787169600,2026-08-19 20:00:00,2,464.46,0.01,4.97,13.02,1.05,13.07,13.68,0.95
1787173200,2026-08-19 21:00:00,2,446.75,0.01,4.19,13.16,0.93,11.64,12.18,0.91
1787176800,2026-08-19 22:00:00,2,433.68,0.01,3.67,12.98,0.85,10.82,11.36,0.91
1787180400,2026-08-19 23:00:00,2,420.53,0.01,3.31,12.95,0.86,10.21,10.8,0.91
1787184000,2026-08-20 00:00:00,1,409.76,0.04,3.12,14.17,0.96,9.58,10.34,0.92
1787187600,2026-08-20 01:00:00,1,402.98,0.13,3.06,20.12,1.09,8.69,9.59,0.92
1787191200,2026-08-20 02:00:00,1,394.45,0.21,2.96,22.52,1.14,8.13,9.1,0.95
1787194800,2026-08-20 03:00:00,1,382.95,0.23,2.71,25.91,1.14,7.74,8.71,0.98
1787198400,2026-08-20 04:00:00,2,289.19,0.1,1.62,67.35,0.79,3.7,4.19,0.64
1787202000,2026-08-20 05:00:00,2,257.92,0.08,1.28,76.48,0.78,3.49,3.9,0.64
1787205600,2026-08-20 06:00:00,2,245.17,0.07,1.21,80.33,0.87,4.3,4.72,0.68
1787209200,2026-08-20 07:00:00,2,246.26,0.04,1.72,81.21,1.23,5.65,6.19,0.97
1787212800,2026-08-20 08:00:00,2,260.78,0.04,2.65,77.37,1.73,7.52,8.33,1.35
1787216400,2026-08-20 09:00:00,2,282.25,0.03,3.62,74.31,2.16,9.66,10.74,1.47
1787220000,2026-08-20 10:00:00,2,325.47,0.02,5.05,63.06,2.69,12.36,13.8,1.8
1787223600,2026-08-20 11:00:00,2,370.27,0.01,6.19,46.14,2.88,14.48,16.38,2.02
1787227200,2026-08-20 12:00:00,2,389.72,0,6.23,32.99,2.65,15.06,17.26,1.76
1787230800,2026-08-20 13:00:00,2,383.5,0,5.68,24.44,2.16,14.38,16.58,1.57
1787234400,2026-08-20 14:00:00,2,371.98,0,5.06,19.98,1.77,13.39,15.57,1.51
1787238000,2026-08-20 15:00:00,2,354.38,0.01,4.43,17.52,1.48,12.04,14.17,1.46
1787241600,2026-08-20 16:00:00,2,337.69,0.01,3.99,16.01,1.26,10.7,12.76,1.47
1787245200,2026-08-20 17:00:00,1,331.03,0.03,3.79,15.49,1.04,9.9,11.69,1.67
1787248800,2026-08-20 18:00:00,1,331.11,0.06,3.65,16.08,0.93,9.63,11.27,2.03
1787252400,2026-08-20 19:00:00,1,327.82,0.07,3.38,17.18,0.85,9.2,10.67,2.26
1787256000,2026-08-20 20:00:00,1,315.09,0.06,3.02,15.27,0.78,8.36,9.57,2
1787259600,2026-08-20 21:00:00,1,299.98,0.03,2.72,13.77,0.75,7.41,8.37,1.63
1787263200,2026-08-20 22:00:00,1,289.96,0.02,2.57,13.35,0.77,6.67,7.48,1.39
1787266800,2026-08-20 23:00:00,1,287.39,0.02,2.54,13.13,0.82,6.25,7.05,1.3
1787270400,2026-08-21 00:00:00,1,289.2,0.04,2.61,13.52,0.96,6.03,7.04,1.28
1787274000,2026-08-21 01:00:00,1,295.22,0.16,2.76,14.78,1.11,5.94,7.18,1.26
1787277600,2026-08-21 02:00:00,1,299.02,0.29,2.65,16.65,1.21,5.9,7.28,1.25
1787281200,2026-08-21 03:00:00,1,296.07,0.32,2.28,20.74,1.22,5.85,7.19,1.19
1787284800,2026-08-21 04:00:00,1,287.94,0.27,1.8,26.77,1.15,5.77,6.95,1.11
1787288400,2026-08-21 05:00:00,1,288.76,0.25,1.65,29.17,1.17,6.47,7.61,1.18
1787292000,2026-08-21 06:00:00,1,294.62,0.25,1.62,30.7,1.2,7.61,8.74,1.28
1787295600,2026-08-21 07:00:00,1,301.52,0.26,1.52,34.17,1.22,9.17,10.27,1.35
1787299200,2026-08-21 08:00:00,2,304.44,0.23,1.66,34.2,1.25,10.05,11.17,1.38
1787302800,2026-08-21 09:00:00,2,307.35,0.21,2.02,32,1.3,10.1,11.27,1.43
1787306400,2026-08-21 10:00:00,2,323.33,0.17,2.87,26.41,1.37,10.16,11.56,1.62
1787310000,2026-08-21 11:00:00,2,349.4,0.07,4,18.22,1.45,10.58,12.47,1.9
1787313600,2026-08-21 12:00:00,2,372.19,0.04,4.58,12.5,1.52,11.09,13.47,2.14
1787317200,2026-08-21 13:00:00,2,393.1,0.09,4.86,9.12,1.57,11.84,14.71,2.32
1787320800,2026-08-21 14:00:00,2,407.78,0.15,4.8,7.26,1.56,12.47,15.56,2.39
1787324400,2026-08-21 15:00:00,2,416.79,0.25,4.56,5.94,1.52,12.86,15.81,2.45
1787328000,2026-08-21 16:00:00,2,412.51,0.34,4.15,4.84,1.35,12.52,15.08,2.23
1787331600,2026-08-21 17:00:00,2,387.16,0.27,3.65,4.04,1.03,11.23,13.07,1.71
1787335200,2026-08-21 18:00:00,1,347.63,0.12,3.03,4.52,0.77,9.33,10.58,1.28
1787338800,2026-08-21 19:00:00,1,306.63,0.07,2.32,5.9,0.61,7.38,8.33,1.08
1787342400,2026-08-21 20:00:00,1,298.23,0.11,2.21,4.9,0.55,6.96,7.9,1.19
1787346000,2026-08-21 21:00:00,1,294.21,0.14,2.22,4.23,0.54,6.8,7.78,1.3
1787349600,2026-08-21 22:00:00,1,294.86,0.17,2.34,3.65,0.57,6.93,7.99,1.47
1787353200,2026-08-21 23:00:00,1,301.87,0.21,2.54,3.17,0.65,7.3,8.51,1.73
1787356800,2026-08-22 00:00:00,1,316.97,0.39,2.79,3.24,0.88,7.92,9.57,2.19
1787360400,2026-08-22 01:00:00,1,336.02,0.95,2.72,5.74,1.14,8.45,10.45,2.51
1787364000,2026-08-22 02:00:00,1,339.51,1.18,2.61,8,1.21,8.68,10.73,2.29
1787367600,2026-08-22 03:00:00,1,323.5,0.84,2.44,13.62,1.18,8.72,10.43,1.92
1787371200,2026-08-22 04:00:00,1,263.93,0.32,1.41,25.11,1.03,8.03,8.98,1.21
1787374800,2026-08-22 05:00:00,1,240.22,0.2,1.01,30.94,0.97,9.3,10.07,1.17
1787378400,2026-08-22 06:00:00,2,229.98,0.18,0.96,34.49,0.97,10.81,11.53,1.23
1787382000,2026-08-22 07:00:00,2,231.01,0.19,1.17,33.94,1,11.97,12.78,1.45
1787385600,2026-08-22 08:00:00,2,243.95,0.22,1.75,29.5,1.12,12.9,13.96,1.87
1787389200,2026-08-22 09:00:00,2,260.55,0.23,2.52,24.86,1.27,13.24,14.53,2.34
1787392800,2026-08-22 10:00:00,2,293.04,0.21,3.87,18.29,1.48,13.98,15.68,3.12
1787396400,2026-08-22 11:00:00,2,337.18,0.13,5.37,10.63,1.64,15.1,17.35,3.67
1787400000,2026-08-22 12:00:00,2,371.72,0.14,6.04,5.45,1.7,15.81,18.6,3.84
1787403600,2026-08-22 13:00:00,2,399.65,0.36,6.1,2.79,1.7,16.58,19.85,3.8
1787407200,2026-08-22 14:00:00,2,412.57,0.5,5.81,1.86,1.57,16.87,20.25,3.51
1787410800,2026-08-22 15:00:00,2,409.41,0.47,5.49,1.86,1.43,16.4,19.62,3.3
1787414400,2026-08-22 16:00:00,2,384.57,0.33,5,2.53,1.25,14.82,17.51,2.85
1787418000,2026-08-22 17:00:00,2,359.9,0.27,4.41,2.58,1.02,13.24,15.25,2.24
1787421600,2026-08-22 18:00:00,2,333.52,0.2,3.97,3,0.86,11.74,13.1,1.81
1787425200,2026-08-22 19:00:00,1,293.22,0.07,3.45,6.09,0.73,9.42,10.3,1.45
1787428800,2026-08-22 20:00:00,1,263.94,0.07,2.97,7.05,0.63,7.77,8.48,1.28
1787432400,2026-08-22 21:00:00,1,243.74,0.08,2.68,7.4,0.58,6.59,7.21,1.17
1787436000,2026-08-22 22:00:00,1,229.68,0.09,2.51,7.81,0.59,5.75,6.4,1.18
1787439600,2026-08-22 23:00:00,1,216.02,0.09,2.33,8.24,0.62,4.97,5.69,1.17
1787443200,2026-08-23 00:00:00,1,203.01,0.13,2.13,8.94,0.69,4.22,5.08,1.12
1787446800,2026-08-23 01:00:00,1,193.15,0.28,1.96,9.78,0.76,3.63,4.55,1.03
1787450400,2026-08-23 02:00:00,1,194.18,0.48,1.89,10.57,0.83,3.57,4.62,1.12
1787454000,2026-08-23 03:00:00,1,194.38,0.56,1.85,13.36,0.93,3.74,4.87,1.31
1787457600,2026-08-23 04:00:00,1,188.23,0.47,1.75,19.83,1.02,4.05,5.11,1.44
1787461200,2026-08-23 05:00:00,1,180.98,0.32,1.61,24.28,1.06,4.81,5.79,1.44
1787464800,2026-08-23 06:00:00,1,174.44,0.24,1.44,28.21,1.08,5.69,6.58,1.39
1787468400,2026-08-23 07:00:00,1,184.51,0.29,1.58,31.74,1.1,7.52,8.56,1.78
1787472000,2026-08-23 08:00:00,2,215.24,0.36,2.32,33.14,1.3,10.27,11.74,2.77
1787475600,2026-08-23 09:00:00,2,249.18,0.42,3.41,34.08,1.7,12.64,14.54,4.26
1787479200,2026-08-23 10:00:00,2,291.51,0.27,5.5,31.79,2.34,14.77,17.13,6.3
1787482800,2026-08-23 11:00:00,2,326.54,0.07,7,23.92,2.55,15.73,18.49,6.82
1787486400,2026-08-23 12:00:00,2,348.9,0.01,7.25,17.07,2.45,16.03,19.18,6.3
1787490000,2026-08-23 13:00:00,2,364.69,0.03,6.98,12.24,2.19,16.02,19.5,5.31
1787493600,2026-08-23 14:00:00,2,366.17,0.06,6.24,9.03,1.8,15.27,18.73,4.02
1787497200,2026-08-23 15:00:00,2,354.25,0.09,5.38,6.71,1.47,13.74,16.88,3.04
1787500800,2026-08-23 16:00:00,2,331.47,0.13,4.59,5.11,1.14,11.62,14.21,2.35
1787504400,2026-08-23 17:00:00,1,305.28,0.16,3.96,4.39,0.83,9.5,11.4,1.82
1787508000,2026-08-23 18:00:00,1,275.4,0.16,3.42,4.71,0.68,7.5,8.89,1.45
1787511600,2026-08-23 19:00:00,1,242.58,0.13,2.91,6.07,0.61,5.66,6.67,1.25
1787515200,2026-08-23 20:00:00,1,227.26,0.18,2.63,6.47,0.6,4.83,5.71,1.31
1787518800,2026-08-23 21:00:00,1,221.33,0.26,2.51,6.63,0.62,4.47,5.27,1.44
1787522400,2026-08-23 22:00:00,1,218.38,0.34,2.44,7.03,0.67,4.29,5.08,1.5
1787526000,2026-08-23 23:00:00,1,211.7,0.37,2.34,8.13,0.71,3.99,4.81,1.37
1787529600,2026-08-24 00:00:00,1,205.52,0.43,2.26,10.1,0.81,3.69,4.67,1.23
1787533200,2026-08-24 01:00:00,1,199.32,0.58,2.12,12.22,0.9,3.29,4.37,1.08
1787536800,2026-08-24 02:00:00,1,192.26,0.66,1.9,13.27,0.89,2.94,3.97,0.94
1787540400,2026-08-24 03:00:00,1,178.31,0.52,1.6,15.09,0.81,2.56,3.42,0.8
1787544000,2026-08-24 04:00:00,1,162.25,0.29,1.35,16.99,0.73,2.17,2.82,0.66
1787547600,2026-08-24 05:00:00,1,155.04,0.22,1.16,17.78,0.69,2.04,2.6,0.6
1787551200,2026-08-24 06:00:00,1,151.52,0.18,1.05,18.28,0.63,1.96,2.44,0.55
1787554800,2026-08-24 07:00:00,1,150.43,0.14,1,18.02,0.59,1.86,2.31,0.53
1787558400,2026-08-24 08:00:00,1,154.61,0.13,1.15,16.35,0.63,1.95,2.46,0.59
1787562000,2026-08-24 09:00:00,1,160.62,0.11,1.36,14.88,0.66,2.1,2.69,0.64
1787565600,2026-08-24 10:00:00,1,168.18,0.07,1.6,13.75,0.69,2.24,2.89,0.68
1787569200,2026-08-24 11:00:00,1,174.28,0.03,1.76,13.12,0.71,2.31,2.99,0.68
1787572800,2026-08-24 12:00:00,1,176.86,0.01,1.76,13.42,0.72,2.35,3.05,0.67
1787576400,2026-08-24 13:00:00,1,189.56,0.01,2.06,12.22,0.81,2.79,3.72,0.83
1787580000,2026-08-24 14:00:00,1,214.26,0.04,2.61,8.74,0.92,3.74,5.09,1.08
1787583600,2026-08-24 15:00:00,1,237.32,0.09,3.01,6.2,1.02,4.72,6.45,1.4
1787587200,2026-08-24 16:00:00,1,251.64,0.15,3.21,4.69,1.04,5.34,7.2,1.62
1787590800,2026-08-24 17:00:00,1,252.82,0.15,3.1,4.25,0.9,5.34,6.84,1.47
1787594400,2026-08-24 18:00:00,1,246.26,0.12,2.83,4.57,0.77,5.07,6.18,1.3
1787598000,2026-08-24 19:00:00,1,240.25,0.15,2.55,5.2,0.69,4.84,5.77,1.32
1787601600,2026-08-24 20:00:00,1,244.26,0.3,2.45,5.44,0.68,5.03,6.01,1.66
1787605200,2026-08-24 21:00:00,1,251.29,0.53,2.42,5.84,0.74,5.33,6.33,2.13
1787608800,2026-08-24 22:00:00,1,259.74,0.8,2.41,5.9,0.82,5.68,6.73,2.54
1787612400,2026-08-24 23:00:00,1,261.2,0.9,2.37,5.21,0.88,5.73,6.82,2.36
1787616000,2026-08-25 00:00:00,1,261.65,1.04,2.29,4.78,1.04,5.69,7.03,2.08
1787706000,2026-08-26 01:00:00,2,437.62,2.32,5.27,2.27,1.66,20.56,23.86,2.13
1787709600,2026-08-26 02:00:00,2,469.89,2.79,5.88,3.26,2.02,21.84,25.61,2.44
1787713200,2026-08-26 03:00:00,2,494.34,2.91,6.52,5.27,2.36,23.06,27.33,3.05
1787716800,2026-08-26 04:00:00,2,426.99,1.79,6.87,20.95,2.54,19.6,22.81,3.09
1787720400,2026-08-26 05:00:00,2,386.59,1.12,6.86,26.26,2.63,17.88,20.85,2.76
1787724000,2026-08-26 06:00:00,2,342.19,0.7,6.39,30.86,2.83,16.03,18.6,2.36
1787727600,2026-08-26 07:00:00,2,322.99,0.45,6.53,34.5,3.14,15.07,17.54,3.11
1787731200,2026-08-26 08:00:00,2,370.1,0.35,8.89,35.3,3.97,17.47,20.63,5.57
1787734800,2026-08-26 09:00:00,2,427.3,0.2,11.57,35.88,4.78,20.98,24.81,7.69
1787738400,2026-08-26 10:00:00,3,504.88,0.11,14.56,30.37,5.54,27.14,31.84,9.55
1787742000,2026-08-26 11:00:00,3,573.81,0.04,16.74,23,6.01,33.14,38.74,10.57
1787745600,2026-08-26 12:00:00,3,611.4,0.02,17.15,18.42,6.19,37.83,44.29,11.08
1787749200,2026-08-26 13:00:00,3,632.1,0.04,15.67,14.79,5.73,42.46,49.9,10.56
1787752800,2026-08-26 14:00:00,3,659.56,0.07,13.78,10.8,4.85,47.04,55.42,9.03
1787756400,2026-08-26 15:00:00,3,680.72,0.11,12.21,6.78,3.93,49.7,57.63,7.25
1787760000,2026-08-26 16:00:00,3,681.64,0.23,10.76,3.64,3.12,49.82,56.66,5.89
1787763600,2026-08-26 17:00:00,3,675.03,0.41,9.77,2.1,2.55,49.42,55.11,5.73
1787767200,2026-08-26 18:00:00,3,668.42,0.61,9.26,1.44,2.27,49.28,54.32,6.31
1787770800,2026-08-26 19:00:00,3,659.68,0.93,8.74,0.9,2.05,48.34,52.61,6.55
1787774400,2026-08-26 20:00:00,3,649.82,1.3,7.76,0.54,1.69,47.14,50.62,5.2
1787778000,2026-08-26 21:00:00,3,645.32,1.63,7.16,0.35,1.46,46.47,49.39,4.02
1787781600,2026-08-26 22:00:00,3,627.36,1.24,7.86,0.32,1.44,44.72,47.23,3.28
1787785200,2026-08-26 23:00:00,3,629.96,1.38,7.75,0.2,1.41,44.09,46.78,3.1
1787788800,2026-08-27 00:00:00,3,632.21,2,7.21,0.61,1.6,43.56,46.91,3.3
1787965200,2026-08-29 01:00:00,1,306.45,1.31,2.92,4.61,1.12,9.14,11.42,2.51
1787968800,2026-08-29 02:00:00,1,301.6,1.56,2.83,7.32,1.31,8.47,10.86,2.55
1787972400,2026-08-29 03:00:00,1,283.8,1.18,3,12.85,1.48,7.94,10.18,2.73
1787976000,2026-08-29 04:00:00,1,250.02,0.68,2.67,34.35,1.5,8.77,10.51,2.67
1787979600,2026-08-29 05:00:00,2,264.56,0.43,2.78,45.44,1.6,14.63,16.65,3.59
1787983200,2026-08-29 06:00:00,2,289.47,0.33,3.17,54.59,2.02,21.72,24.11,5.29
1787986800,2026-08-29 07:00:00,3,310.41,0.3,3.55,62.66,2.47,26.61,29.21,6.85
1787990400,2026-08-29 08:00:00,3,312.22,0.27,3.25,63.15,2.29,29.48,32.01,6.06
1787994000,2026-08-29 09:00:00,3,297.14,0.22,2.8,61.3,1.92,29.84,31.96,3.95
1787997600,2026-08-29 10:00:00,3,281.59,0.09,2.95,55.89,1.83,28,29.74,2.68
1788001200,2026-08-29 11:00:00,3,320.19,0.02,4.02,42.31,1.73,29.75,31.92,2.61
1788004800,2026-08-29 12:00:00,3,346.85,0.01,4.44,30.9,1.61,29.3,31.8,2.45
1788008400,2026-08-29 13:00:00,3,361.27,0.02,4.56,23.2,1.51,27.77,30.28,2.26
1788012000,2026-08-29 14:00:00,2,358.59,0.02,4.34,18.94,1.38,24.95,27.21,1.97
1788015600,2026-08-29 15:00:00,2,335,0.02,3.91,16.5,1.25,20.31,22.16,1.69
1788019200,2026-08-29 16:00:00,2,305.67,0.01,3.62,13.75,1.06,15.39,16.75,1.54
1788022800,2026-08-29 17:00:00,2,293.95,0.02,3.56,9.92,0.9,12.41,13.5,1.7
1788026400,2026-08-29 18:00:00,2,285.59,0.04,3.48,7.6,0.83,10.42,11.37,2.03
1788030000,2026-08-29 19:00:00,1,272.76,0.06,3.28,6.89,0.79,8.59,9.46,2.29
1788033600,2026-08-29 20:00:00,1,254.13,0.08,3.01,6.72,0.74,6.93,7.72,2.13
1788037200,2026-08-29 21:00:00,1,238.21,0.11,2.82,6.61,0.69,5.77,6.51,1.92
1788040800,2026-08-29 22:00:00,1,229.77,0.15,2.73,6.09,0.67,5.19,5.94,1.87
1788044400,2026-08-29 23:00:00,1,226.44,0.23,2.69,4.82,0.71,4.98,5.85,1.93
1788048000,2026-08-30 00:00:00,1,230.55,0.47,2.61,3.85,0.86,5.04,6.28,2.02
1788051600,2026-08-30 01:00:00,1,238.79,1.1,2.23,3.94,1.05,5.18,6.78,2
1788055200,2026-08-30 02:00:00,1,238,1.36,2.13,5.11,1.16,5.02,6.71,1.87
1788058800,2026-08-30 03:00:00,1,220.42,1.05,2.15,8.86,1.23,4.48,5.95,1.75
1788062400,2026-08-30 04:00:00,1,176.04,0.2,1.38,45.34,0.86,2.59,3.18,0.87
1788066000,2026-08-30 05:00:00,1,182.17,0.13,1.19,59.36,0.86,3.13,3.67,1.01
1788069600,2026-08-30 06:00:00,2,185.76,0.12,1.18,62.88,0.9,3.93,4.49,1.18
1788073200,2026-08-30 07:00:00,2,187.59,0.1,1.26,64.05,0.91,4.29,4.82,1.25
1788076800,2026-08-30 08:00:00,2,187.5,0.09,1.4,63.03,0.93,4.17,4.69,1.32
1788080400,2026-08-30 09:00:00,2,188.4,0.08,1.64,60.84,0.97,3.92,4.46,1.44
1788084000,2026-08-30 10:00:00,1,215.42,0.11,2.75,43.99,1.16,4.68,5.8,2.57
1788087600,2026-08-30 11:00:00,1,262.6,0.09,4.38,25.55,1.39,6.38,8.48,3.58
1788091200,2026-08-30 12:00:00,1,302.99,0.04,5.39,15.95,1.54,8.16,11.28,3.91
1788094800,2026-08-30 13:00:00,2,337.82,0.12,6.21,11.19,1.9,10.07,14.27,5.37
1788098400,2026-08-30 14:00:00,2,368.71,0.26,7.08,7.81,2.47,11.92,17.05,7.8
1788102000,2026-08-30 15:00:00,2,397.72,0.6,7.76,5.43,2.96,13.67,19.55,10
1788105600,2026-08-30 16:00:00,2,421.08,1.08,8.1,4.06,3.19,14.96,20.88,11.39
1788109200,2026-08-30 17:00:00,2,436.71,1.48,8.35,2.95,3.11,15.8,21.21,12.2
1788112800,2026-08-30 18:00:00,2,451.34,1.97,8.28,1.99,2.99,16.78,21.88,12.48
1788116400,2026-08-30 19:00:00,2,445.58,2.22,7.06,1.33,2.31,16.78,21.24,8.94
1788120000,2026-08-30 20:00:00,2,410.61,1.77,5.86,1.13,1.57,15.06,18.45,4.67
1788123600,2026-08-30 21:00:00,2,356.31,0.82,5.21,1.79,1.2,12.27,14.56,2.59
1788127200,2026-08-30 22:00:00,1,292.94,0.15,4.31,7.28,1.02,8.84,10.2,1.6
1788130800,2026-08-30 23:00:00,1,254.7,0.09,3.37,8.35,0.92,6.92,8.01,1.33
1788134400,2026-08-31 00:00:00,1,231.68,0.17,2.78,8.92,0.97,5.77,6.95,1.28
1788138000,2026-08-31 01:00:00,1,225.81,0.56,2.39,9.77,1.12,5.34,6.77,1.38
1788141600,2026-08-31 02:00:00,1,231.66,0.94,2.29,10.95,1.33,5.42,7.15,1.72
1788145200,2026-08-31 03:00:00,1,233.44,0.96,2.41,14.44,1.55,5.63,7.56,2.16
1788148800,2026-08-31 04:00:00,1,226.72,0.5,2.47,44,1.54,5.87,7.42,2.16
1788152400,2026-08-31 05:00:00,1,213.57,0.24,2.2,57.64,1.4,5.99,7.16,1.93
1788156000,2026-08-31 06:00:00,2,199.82,0.14,1.9,64.8,1.29,5.9,6.78,1.68
1788159600,2026-08-31 07:00:00,2,192.52,0.08,1.83,69.09,1.24,5.78,6.53,1.52
1788163200,2026-08-31 08:00:00,2,200.24,0.06,2.25,70.29,1.39,5.88,6.79,1.77
1788166800,2026-08-31 09:00:00,2,213.9,0.04,2.89,71.06,1.67,6.43,7.53,2.1
1788170400,2026-08-31 10:00:00,1,239.13,0.04,3.99,57.77,2.04,7.92,9.43,2.66
1788174000,2026-08-31 11:00:00,1,270.22,0.02,5.27,39.15,2.28,9.52,11.65,2.99
1788177600,2026-08-31 12:00:00,2,290.89,0,5.91,27.58,2.24,10.2,12.82,2.75
1788181200,2026-08-31 13:00:00,2,295.5,0.01,5.91,20.77,2.04,10.06,13.14,2.63
1788184800,2026-08-31 14:00:00,1,297.3,0.02,5.53,16.52,1.82,9.86,13.33,2.47
1788188400,2026-08-31 15:00:00,1,292.72,0.02,4.92,14.71,1.59,9.53,13.11,2.33
1788192000,2026-08-31 16:00:00,1,281.89,0.02,4.29,14.36,1.35,8.92,12.26,2.17
1788195600,2026-08-31 17:00:00,1,270.19,0.01,3.86,14.17,1.12,8.29,11.11,2.02
1788199200,2026-08-31 18:00:00,1,262.87,0.01,3.61,14.03,0.99,7.88,10.28,2
1788202800,2026-08-31 19:00:00,1,259.25,0.01,3.47,13.83,0.92,7.64,9.79,2.02
1788206400,2026-08-31 20:00:00,1,260.7,0.03,3.45,12.67,0.9,7.68,9.74,2.05
1788210000,2026-08-31 21:00:00,1,266.52,0.06,3.5,11.4,0.88,7.98,10.03,2.08
1788213600,2026-08-31 22:00:00,1,277.33,0.11,3.64,9.98,0.88,8.58,10.7,2.1
1788217200,2026-08-31 23:00:00,1,287.03,0.14,3.76,8.78,0.93,9.16,11.39,2.13
1788220800,2026-09-01 00:00:00,1,295.05,0.33,3.66,9.02,1.14,9.62,12.15,2.2
1788224400,2026-09-01 01:00:00,1,294.83,0.67,3.51,12.37,1.58,9.8,12.61,2.36
1788228000,2026-09-01 02:00:00,2,308.17,0.71,3.94,15.13,1.96,10.59,13.76,2.85
1788231600,2026-09-01 03:00:00,2,313.7,0.51,4.33,20.99,2.29,11.23,14.65,3.07
1788235200,2026-09-01 04:00:00,2,205.18,0.09,2.31,85.67,1.97,12.26,17.21,1.7
1788238800,2026-09-01 05:00:00,3,183.22,0.07,1.8,101.23,1.92,14,20.62,1.56
1788242400,2026-09-01 06:00:00,3,178.65,0.08,1.65,107.54,2.07,16.61,24.43,1.62
1788246000,2026-09-01 07:00:00,3,177.78,0.07,1.59,113.34,2.18,20.02,28.84,1.71
1788249600,2026-09-01 08:00:00,3,180.1,0.05,1.77,116.31,2.37,22.39,31.58,1.91
1788253200,2026-09-01 09:00:00,3,186.86,0.04,2.1,117.73,2.64,23.73,32.8,2.18
1788256800,2026-09-01 10:00:00,3,227.85,0.05,3.66,94.26,2.95,26.17,35.25,3.49
1788260400,2026-09-01 11:00:00,3,303.38,0.03,6.11,64.59,3.18,29.75,39.49,5.35
1788264000,2026-09-01 12:00:00,3,369.93,0,7.7,46.27,3.3,32.68,43.38,6.7
1788267600,2026-09-01 13:00:00,3,412.8,0,8.47,35.28,3.3,34.61,46.17,7.45
1788271200,2026-09-01 14:00:00,3,426.96,0,8.26,30.52,3.07,35.48,47.22,7.41
1788274800,2026-09-01 15:00:00,3,411.96,0,7.47,28.75,2.8,34.48,45.77,6.81
1788278400,2026-09-01 16:00:00,3,392.81,0,6.92,26.73,2.44,32.4,42.83,6.36
1788282000,2026-09-01 17:00:00,3,391.83,0.01,6.85,21.46,1.94,31.39,41.15,5.91
1788285600,2026-09-01 18:00:00,3,390.84,0.02,6.68,16.37,1.6,30.77,40.05,5.41
1788289200,2026-09-01 19:00:00,3,384.26,0.05,6.31,12.71,1.41,29.84,38.69,4.93
1788292800,2026-09-01 20:00:00,3,369.69,0.06,5.72,11.15,1.2,28.55,36.75,3.91
1788296400,2026-09-01 21:00:00,3,353.74,0.05,5.2,10.64,1.06,27.22,34.76,3.06
1788300000,2026-09-01 22:00:00,3,340.82,0.05,4.83,10.25,0.98,26.1,33.08,2.58
1788303600,2026-09-01 23:00:00,3,339.44,0.05,4.64,10.34,0.99,25.6,32.33,2.57
1788307200,2026-09-02 00:00:00,3,346.87,0.29,4.33,13.41,1.25,25.51,32.48,2.77
1788310800,2026-09-02 01:00:00,3,355.75,0.95,3.79,23.18,1.97,25.65,33.06,3.12
1788314400,2026-09-02 02:00:00,3,364.64,1.15,3.89,32.2,3.03,27.28,35.09,3.64
1788318000,2026-09-02 03:00:00,3,355.05,0.76,3.55,50.44,4.33,33.08,41.07,3.69
1788321600,2026-09-02 04:00:00,3,211.09,0.16,1.24,113.65,4.1,29.4,35.93,1.74
1788325200,2026-09-02 05:00:00,3,181.72,0.1,0.87,121,3.14,29.93,36.45,1.49
1788328800,2026-09-02 06:00:00,3,182.54,0.1,0.94,124.77,3.1,33.24,39.89,1.61
1788332400,2026-09-02 07:00:00,3,192.54,0.12,1.13,128.3,3.28,37.3,44.04,1.86
1788336000,2026-09-02 08:00:00,3,208.77,0.13,1.45,129.05,3.61,42.05,48.97,2.28
1788339600,2026-09-02 09:00:00,3,231.61,0.14,1.99,130.37,4.15,47.7,54.97,2.77
1788343200,2026-09-02 10:00:00,4,286.4,0.15,3.77,110.13,4.51,54.63,62.65,4.08
1788346800,2026-09-02 11:00:00,4,371.34,0.05,6.56,79.43,4.47,61.5,70.81,5.82
1788350400,2026-09-02 12:00:00,4,448,0,8.36,59.12,4.29,67.42,78.27,6.94
1788354000,2026-09-02 13:00:00,4,502.81,0,9.32,47.71,4.03,72.35,84.52,6.56
1788357600,2026-09-02 14:00:00,5,524.35,0,9.06,41.08,3.63,75.83,88.4,5.62
1788361200,2026-09-02 15:00:00,5,502.24,0,7.86,38.3,3.34,75.27,87.16,4.72
1788364800,2026-09-02 16:00:00,4,466.84,0,6.82,34.08,2.85,71.88,82.7,4.12
1788368400,2026-09-02 17:00:00,4,470.84,0,7.03,25.69,2.19,70.53,80.76,4.36
1788372000,2026-09-02 18:00:00,4,474.17,0,7.16,21.25,1.94,69.2,79.06,5.23
1788375600,2026-09-02 19:00:00,4,468.04,0.01,6.99,18.82,1.88,66.48,76.01,6.07
1788379200,2026-09-02 20:00:00,4,450.05,0.02,6.32,15.68,1.67,63.03,72.09,5.2
1788382800,2026-09-02 21:00:00,4,436.09,0.02,5.75,13.76,1.51,60.06,68.61,4.09
1788386400,2026-09-02 22:00:00,4,419.92,0.02,5.2,13.61,1.48,56.98,65.02,3.51
1788390000,2026-09-02 23:00:00,4,407.37,0.02,4.78,14.26,1.51,54.11,61.86,3.35
1788393600,2026-09-03 00:00:00,4,401.29,0.17,4.47,17.92,1.72,51.58,59.52,3.32
1788397200,2026-09-03 01:00:00,4,409.13,0.8,3.92,26.66,2.03,50.49,58.89,3.53
1788400800,2026-09-03 02:00:00,4,435.74,1.12,4.02,33.86,2.34,52.85,61.85,4.28
1788404400,2026-09-03 03:00:00,4,470.71,0.82,4.13,52.15,2.85,62.2,71.84,4.99
1788408000,2026-09-03 04:00:00,3,239.68,0.09,1.65,120.84,5.42,41.39,47.37,2.15
1788411600,2026-09-03 05:00:00,3,198.49,0.08,1.17,121.06,4.54,34.91,39.53,1.7
1788415200,2026-09-03 06:00:00,3,194.93,0.1,1.06,123.82,4.31,35.73,39.92,1.67
1788418800,2026-09-03 07:00:00,3,224.96,0.18,1.79,124.45,4.38,39.39,43.93,2.69
1788422400,2026-09-03 08:00:00,3,276.94,0.27,3.01,123.5,4.74,44.76,50.16,4.34
1788426000,2026-09-03 09:00:00,3,327.53,0.29,4.45,124.26,5.35,49.85,56.08,6.06
1788429600,2026-09-03 10:00:00,4,384.98,0.21,6.6,105.66,5.78,55.09,62.28,7.7
1788433200,2026-09-03 11:00:00,4,427.86,0.03,7.95,77.32,5.23,58.44,66.39,7.49
1788436800,2026-09-03 12:00:00,4,442.43,0,8,60.44,4.59,59.55,67.98,7.11
1788440400,2026-09-03 13:00:00,4,444.37,0,7.9,49.62,3.99,59.33,67.99,6.42
1788444000,2026-09-03 14:00:00,4,458.71,0,8.01,40.48,3.46,60.46,69.48,5.7
1788447600,2026-09-03 15:00:00,4,463.7,0,7.83,33.13,3.01,61.08,70.11,4.86
1788451200,2026-09-03 16:00:00,4,456.16,0,7.58,30.24,2.72,60.38,68.92,4.67
1788454800,2026-09-03 17:00:00,4,458.3,0,7.61,30.59,2.5,60.19,68.18,5.15
1788458400,2026-09-03 18:00:00,4,466.2,0,7.6,30.77,2.32,60,67.51,5.71
1788462000,2026-09-03 19:00:00,4,474.21,0,7.5,30.57,2.15,59.19,66.39,6.4
1788465600,2026-09-03 20:00:00,4,484.38,0.02,7.49,30.49,2.04,58.43,65.49,7.17
1788469200,2026-09-03 21:00:00,4,492.55,0.07,7.46,30.1,2.01,57.92,65,8.01
1788472800,2026-09-03 22:00:00,4,493.41,0.16,6.91,21.42,1.68,57.54,64.69,6.54
1788476400,2026-09-03 23:00:00,4,502.54,0.26,6.21,12.55,1.36,57.94,65.19,4.34
1788480000,2026-09-04 00:00:00,4,528.61,0.63,5.63,9.53,1.54,59.4,67.23,3.5
1788483600,2026-09-04 01:00:00,4,456.89,0.74,5.36,26.47,4.93,58.95,66.47,2.76
1788487200,2026-09-04 02:00:00,4,497.79,1.32,6.47,34.63,7,61.58,69.89,3.53
1788490800,2026-09-04 03:00:00,4,555.02,1.38,7.35,51.29,8.36,69.55,78.43,4.05
1788494400,2026-09-04 04:00:00,4,361.71,0.43,3.39,121.27,8.16,57.24,62.43,2.43
1788498000,2026-09-04 05:00:00,3,280.5,0.18,1.58,128.21,5.89,49.7,53.48,1.83
1788501600,2026-09-04 06:00:00,3,263.4,0.14,1.27,131.56,5.17,49.25,52.71,1.83
1788505200,2026-09-04 07:00:00,3,255.77,0.12,1.24,133.85,4.84,49.4,52.73,1.92
1788508800,2026-09-04 08:00:00,4,257.56,0.12,1.38,134.94,4.75,50.98,54.29,2.12
1788512400,2026-09-04 09:00:00,4,265.69,0.1,1.71,135.76,4.88,52.81,56.18,2.39
1788516000,2026-09-04 10:00:00,4,284.98,0.09,2.66,115.39,4.86,55.03,58.72,2.74
1788519600,2026-09-04 11:00:00,4,313.93,0.02,3.92,87.39,4.64,57.71,61.98,3.01
1788523200,2026-09-04 12:00:00,4,337.05,0,4.54,68.31,4.26,59.81,64.48,3
1788526800,2026-09-04 13:00:00,4,350.64,0,4.87,50.72,3.51,61.05,65.55,2.8
1788530400,2026-09-04 14:00:00,4,366.1,0,5.07,36.82,2.9,63.21,67.65,2.81
1788534000,2026-09-04 15:00:00,4,375.47,0.01,5.08,29.73,2.6,64.97,69.31,3.02
1788537600,2026-09-04 16:00:00,4,375.75,0.01,4.89,27.2,2.37,65.62,69.63,3.26
1788541200,2026-09-04 17:00:00,4,372.34,0.02,4.51,25.22,2.02,65.96,69.46,2.96
1788544800,2026-09-04 18:00:00,4,370.98,0.03,4.01,23.28,1.64,66.12,69.24,2.63
1788548400,2026-09-04 19:00:00,4,369.37,0.03,3.54,21.88,1.34,65.74,68.69,2.4
1788552000,2026-09-04 20:00:00,4,368.18,0.03,3.31,21.15,1.17,65.26,68.12,2.25
1788555600,2026-09-04 21:00:00,4,372.1,0.04,3.29,20.29,1.11,65.04,67.91,2.15
1788559200,2026-09-04 22:00:00,4,380.27,0.04,3.38,19.06,1.17,65.02,67.98,2.1
1788562800,2026-09-04 23:00:00,4,387.93,0.03,3.47,17.96,1.39,64.73,67.91,2.14
1788566400,2026-09-05 00:00:00,4,395.93,0.18,3.56,18.66,1.82,64.47,68.31,2.28
1788570000,2026-09-05 01:00:00,4,411.38,0.72,3.38,25.81,2.45,64.84,69.41,2.54
1788573600,2026-09-05 02:00:00,4,430.44,0.87,3.56,34.08,3.13,66.32,71.37,2.87
1788577200,2026-09-05 03:00:00,4,439.57,0.64,3.5,48.04,3.84,70.95,76.01,2.98
1788580800,2026-09-05 04:00:00,3,298.94,0.22,1.74,100.02,4.2,46.9,49.44,1.54
1788584400,2026-09-05 05:00:00,3,256.29,0.14,1.22,96.81,3.22,38.09,39.85,1.31
1788588000,2026-09-05 06:00:00,3,251.31,0.12,1.16,96.06,2.85,37.44,38.99,1.35
1788591600,2026-09-05 07:00:00,3,249.82,0.12,1.31,85.94,2.54,37.07,38.62,1.66
1788595200,2026-09-05 08:00:00,3,252.13,0.13,1.72,82.62,2.63,36.41,38.18,2.5
1788598800,2026-09-05 09:00:00,3,260.15,0.12,2.29,82.76,2.88,35.49,37.49,3.43
1788602400,2026-09-05 10:00:00,3,297.55,0.14,3.82,78.01,3.22,35.94,38.53,5.11
1788606000,2026-09-05 11:00:00,3,353.58,0.05,6.02,68.4,3.48,37.57,41.09,6.78
1788609600,2026-09-05 12:00:00,3,397.83,0,7.3,58.9,3.58,39.29,43.76,7.27
1788613200,2026-09-05 13:00:00,3,423.58,0,7.67,44.66,3.31,41.01,46.23,6.68
1788616800,2026-09-05 14:00:00,3,441.82,0,7.66,36.64,3.03,42.45,48.19,6.24
1788620400,2026-09-05 15:00:00,3,451.27,0,7.42,32.36,2.77,43.26,49.21,5.85
1788624000,2026-09-05 16:00:00,3,449.32,0,6.98,27.77,2.49,43.13,48.66,5.17
1788627600,2026-09-05 17:00:00,3,445.48,0.01,6.43,19.65,2.1,42.56,46.96,4.11
1788631200,2026-09-05 18:00:00,3,435.16,0.02,5.71,13.56,1.88,41.68,44.83,3.13
1788634800,2026-09-05 19:00:00,3,381.07,0.02,4.35,14.81,1.68,38.02,39.88,2.21
1788638400,2026-09-05 20:00:00,3,343.55,0.03,3.5,16.1,1.47,34.57,35.81,1.86
1788642000,2026-09-05 21:00:00,3,324.43,0.03,3.11,17.03,1.4,32.45,33.47,1.67
1788645600,2026-09-05 22:00:00,3,314.16,0.01,2.93,19.09,1.56,31.05,31.97,1.53
1788649200,2026-09-05 23:00:00,3,312.05,0.01,2.94,19.05,1.81,30.21,31.17,1.43
1788652800,2026-09-06 00:00:00,3,321.19,0.03,3.3,18.57,2.09,30.13,31.35,1.42
1788656400,2026-09-06 01:00:00,3,329.92,0.1,3.81,51.13,2.32,30.84,32.39,1.41
1788660000,2026-09-06 02:00:00,3,348.41,0.28,4.47,52.02,2.65,32.45,34.59,1.59
1788663600,2026-09-06 03:00:00,3,355.3,0.43,4.7,53.37,2.99,33.81,36.41,1.71
1788667200,2026-09-06 04:00:00,3,279.32,0.33,2.78,63.18,2.35,28.8,30.53,1.04
1788670800,2026-09-06 05:00:00,3,265.53,0.26,1.87,71.67,2.06,28.96,30.44,1.03
1788674400,2026-09-06 06:00:00,3,272.94,0.2,1.45,82.53,2.2,33.8,35.34,1.2
1788678000,2026-09-06 07:00:00,3,283.79,0.16,1.31,93.97,2.34,38.17,39.77,1.37
1788681600,2026-09-06 08:00:00,3,292.78,0.14,1.45,101.84,2.52,40.49,42.15,1.57
1788685200,2026-09-06 09:00:00,3,305.46,0.13,1.79,108.28,2.85,42.75,44.56,1.81
1788688800,2026-09-06 10:00:00,3,325.49,0.11,2.69,91.56,3.09,46.54,48.84,2.35
1788692400,2026-09-06 11:00:00,4,352.03,0.03,3.84,68.59,3.1,50.65,53.68,2.8
1788696000,2026-09-06 12:00:00,4,372.36,0,4.37,54.32,2.94,53.54,57.33,2.8
1788699600,2026-09-06 13:00:00,4,387.67,0,4.73,46.03,2.71,55.59,60.13,2.8
1788703200,2026-09-06 14:00:00,4,407.03,0,4.96,39.76,2.43,58.03,63.21,2.74
1788706800,2026-09-06 15:00:00,4,422.04,0,4.97,35.06,2.17,59.9,65.52,2.65
1788710400,2026-09-06 16:00:00,4,431.37,0,5.09,33.97,2.08,61.31,66.92,3.01
1788714000,2026-09-06 17:00:00,4,442.47,0,5.52,32.27,2.02,62.86,67.99,3.84
1788717600,2026-09-06 18:00:00,4,459.03,0,6.06,31.3,2.06,65.21,69.95,4.53
1788721200,2026-09-06 19:00:00,4,477.67,0,6.52,30.74,2.12,67.49,71.84,5.06
1788724800,2026-09-06 20:00:00,4,489.54,0,6.69,29.81,2.05,69.62,73.77,5.28
1788728400,2026-09-06 21:00:00,4,495.96,0,6.46,28.43,1.84,71.99,76.01,4.78
1788732000,2026-09-06 22:00:00,4,499.35,0.01,5.8,26.66,1.52,73.83,77.74,3.1
1788735600,2026-09-06 23:00:00,4,499.02,0.01,5.32,26.31,1.45,72.72,76.6,2.65
1788739200,2026-09-07 00:00:00,4,499.37,0.07,5.09,28.94,1.63,72.3,76.47,2.43
1788829200,2026-09-08 01:00:00,4,512.43,0.57,4.46,40.2,2.72,64.02,68.53,2.43
1788832800,2026-09-08 02:00:00,4,497.9,0.75,4.09,50.31,3.16,64.09,68.72,2.64
1788836400,2026-09-08 03:00:00,4,509.68,0.59,3.68,65.26,3.52,71.06,76.03,3.17
1788840000,2026-09-08 04:00:00,3,374.6,0.14,1.36,113.53,2.32,49.3,51.7,1.18
1788843600,2026-09-08 05:00:00,3,342.12,0.09,0.99,119.47,2.11,45.71,47.72,0.86
1788847200,2026-09-08 06:00:00,4,345.39,0.08,1.12,123.52,2.52,50.03,52.24,0.93
1788850800,2026-09-08 07:00:00,4,360.02,0.1,1.46,122.81,3.14,56.47,59,1.19
1788854400,2026-09-08 08:00:00,4,384.13,0.14,1.95,114.75,3.82,65.12,68.23,1.66
1788858000,2026-09-08 09:00:00,4,410.73,0.15,2.54,108.51,4.29,73.88,77.62,2.02
1788861600,2026-09-08 10:00:00,5,432.67,0.11,3.43,93.57,4.4,80.81,85.24,2.37
1788865200,2026-09-08 11:00:00,5,447.18,0.02,4.15,74.06,4.08,84.38,89.37,2.5
1788868800,2026-09-08 12:00:00,5,449.63,0,4.12,59.73,3.56,84,88.96,2.47
1788872400,2026-09-08 13:00:00,5,465.33,0,4.66,47.72,2.99,83.19,88.16,2.76
1788876000,2026-09-08 14:00:00,5,504.49,0.01,5.62,37.39,2.61,85.09,90.68,3.19
1788879600,2026-09-08 15:00:00,5,539.68,0.01,6.34,30.87,2.45,86.92,93.15,3.47
1788883200,2026-09-08 16:00:00,5,563.96,0,6.78,26.91,2.27,85.97,92.38,3.59
1788886800,2026-09-08 17:00:00,5,573.89,0.01,6.91,20.77,1.86,84.4,90.36,3.39
1788890400,2026-09-08 18:00:00,5,577.72,0.01,6.89,15.42,1.56,83.35,88.9,3.23
1788894000,2026-09-08 19:00:00,5,574.76,0.03,6.73,11.72,1.37,81.53,86.76,3.17
1788897600,2026-09-08 20:00:00,5,575.87,0.04,6.61,10.07,1.29,80.07,85.09,3.33
1788901200,2026-09-08 21:00:00,5,584.46,0.1,6.6,11.58,1.29,80.01,84.97,3.68
1788904800,2026-09-08 22:00:00,5,602.24,0.17,6.57,17.87,1.37,83.21,88.35,3.9
1788908400,2026-09-08 23:00:00,5,616.93,0.2,6.41,18.01,1.4,86.56,91.98,3.66
1788912000,2026-09-09 00:00:00,5,637.04,0.51,6.05,18.53,1.62,89.21,95.32,3.46
